============================================================
 TETRA Downlink Decoder — Full MAC/LLC/MLE
============================================================
File: baseband_393084625Hz_00-11-52_25-04-2026.wav
Sample rate: 250000 Hz
Samples: 4528128 (18.113s)
Auto freq offset: -95113.1 Hz
Decimated: 1x → 250000 Hz, 13.89 sps

Cell acquisition...
  Found 50 STS candidates (best corr=0.995)
  LOCKED [continuous TMO] MCC=262 MNC=1010 CC=1 TN(air)=2 FN(air)=2 MN(air)=49
  scrambCode=0x4183F207
  Grid: 1278 burst slots

============================================================
 BURST DECODE LOG
============================================================

[#  0] SB   [TN=3 FN=02 MN=49] corr=0.995  SB1 CRC OK [TMO] MCC=262 MNC=1010 CC=1 FN(air)=11 MF(air)=40 TN(air)=1 → TN=2 FN=11 MN=40
  BKN2  MAC-BROADCAST  sub=SYSINFO
  BKN2    Carrier=3719 Band=3 Duplex=0 HF=468 LocArea=1 DL=392.9875MHz
  AACH  [CapAlloc] f1=0 f2=0 raw=0x3000 (dist=0)

[#  1] SB   [TN=3 FN=11 MN=40] corr=0.995  SB1 CRC OK [TMO] MCC=262 MNC=1010 CC=1 FN(air)=11 MF(air)=40 TN(air)=2 → TN=3 FN=11 MN=40
  BKN2  MAC-BROADCAST  sub=SYSINFO
  BKN2    Carrier=3719 Band=3 Duplex=0 HF=468 LocArea=1 DL=392.9875MHz
  AACH  [CapAlloc] f1=0 f2=0 raw=0x3000 (dist=0)

[#  2] SB   [TN=4 FN=11 MN=40] corr=0.994  SB1 CRC OK [TMO] MCC=262 MNC=1010 CC=1 FN(air)=11 MF(air)=40 TN(air)=3 → TN=4 FN=11 MN=40
  BKN2  MAC-BROADCAST  sub=SYSINFO
  BKN2    Carrier=3719 Band=3 Duplex=0 HF=468 LocArea=1 DL=392.9875MHz
  AACH  [CapAlloc] f1=0 f2=0 raw=0x3000 (dist=0)

[#  3] NDB2  [TN=1 FN=12 MN=40] corr=0.994  AACH  [DL/UL-Assign] DL=Common UL=Random CC=9 f1=9 f2=9 (dist=0)
  BKN1 SCH/HD  MAC-RESOURCE  addr=NULL LI=2 (2 octets)
  BKN2 SCH/HD  MAC-BROADCAST  sub=SYSINFO
  BKN2 SCH/HD    Carrier=3719 Band=3 Duplex=0 HF=468 LocArea=1 DL=392.9875MHz

[#  4] SB   [TN=2 FN=12 MN=40] corr=0.992  SB1 CRC OK [TMO] MCC=262 MNC=1010 CC=1 FN(air)=12 MF(air)=40 TN(air)=1 → TN=2 FN=12 MN=40
  BKN2  MAC-BROADCAST  sub=SYSINFO
  BKN2    Carrier=3719 Band=3 Duplex=0 HF=468 LocArea=1 DL=392.9875MHz
  AACH  [CapAlloc] f1=0 f2=0 raw=0x3000 (dist=0)

[#  5] SB   [TN=3 FN=12 MN=40] corr=0.993  SB1 CRC OK [TMO] MCC=262 MNC=1010 CC=1 FN(air)=12 MF(air)=40 TN(air)=2 → TN=3 FN=12 MN=40
  BKN2  MAC-BROADCAST  sub=SYSINFO
  BKN2    Carrier=3719 Band=3 Duplex=0 HF=468 LocArea=1 DL=392.9875MHz
  AACH  [CapAlloc] f1=0 f2=0 raw=0x3000 (dist=0)

[#  6] SB   [TN=4 FN=12 MN=40] corr=0.995  SB1 CRC OK [TMO] MCC=262 MNC=1010 CC=1 FN(air)=12 MF(air)=40 TN(air)=3 → TN=4 FN=12 MN=40
  BKN2  MAC-BROADCAST  sub=SYSINFO
  BKN2    Carrier=3719 Band=3 Duplex=0 HF=468 LocArea=1 DL=392.9875MHz
  AACH  [CapAlloc] f1=0 f2=0 raw=0x3000 (dist=0)

[#  7] NDB2  [TN=1 FN=13 MN=40] corr=0.996  AACH  [DL/UL-Assign] DL=Common UL=Random CC=9 f1=9 f2=9 (dist=0)
  BKN1 SCH/HD  MAC-RESOURCE  addr=NULL LI=2 (2 octets)
  BKN2 SCH/HD  MAC-BROADCAST  sub=SYSINFO
  BKN2 SCH/HD    Carrier=3719 Band=3 Duplex=0 HF=468 LocArea=1 DL=392.9875MHz

[#  8] SB   [TN=2 FN=13 MN=40] corr=0.992  SB1 CRC OK [TMO] MCC=262 MNC=1010 CC=1 FN(air)=13 MF(air)=40 TN(air)=1 → TN=2 FN=13 MN=40
  BKN2  MAC-BROADCAST  sub=SYSINFO
  BKN2    Carrier=3719 Band=3 Duplex=0 HF=468 LocArea=1 DL=392.9875MHz
  AACH  [CapAlloc] f1=0 f2=0 raw=0x3000 (dist=0)

[#  9] SB   [TN=3 FN=13 MN=40] corr=0.992  SB1 CRC OK [TMO] MCC=262 MNC=1010 CC=1 FN(air)=13 MF(air)=40 TN(air)=2 → TN=3 FN=13 MN=40
  BKN2  MAC-BROADCAST  sub=SYSINFO
  BKN2    Carrier=3719 Band=3 Duplex=0 HF=468 LocArea=1 DL=392.9875MHz
  AACH  [CapAlloc] f1=0 f2=0 raw=0x3000 (dist=0)

[# 10] SB   [TN=4 FN=13 MN=40] corr=0.991  SB1 CRC OK [TMO] MCC=262 MNC=1010 CC=1 FN(air)=13 MF(air)=40 TN(air)=3 → TN=4 FN=13 MN=40
  BKN2  MAC-BROADCAST  sub=SYSINFO
  BKN2    Carrier=3719 Band=3 Duplex=0 HF=468 LocArea=1 DL=392.9875MHz
  AACH  [CapAlloc] f1=0 f2=0 raw=0x3000 (dist=0)

[# 11] NDB2  [TN=1 FN=14 MN=40] corr=0.997  AACH  [DL/UL-Assign] DL=Common UL=Random CC=9 f1=9 f2=9 (dist=0)
  BKN1 SCH/HD  MAC-RESOURCE  addr=NULL LI=2 (2 octets)
  BKN2 SCH/HD  MAC-BROADCAST  sub=SYSINFO
  BKN2 SCH/HD    Carrier=3719 Band=3 Duplex=0 HF=468 LocArea=1 DL=392.9875MHz

[# 12] SB   [TN=2 FN=14 MN=40] corr=0.994  SB1 CRC OK [TMO] MCC=262 MNC=1010 CC=1 FN(air)=14 MF(air)=40 TN(air)=1 → TN=2 FN=14 MN=40
  BKN2  MAC-BROADCAST  sub=SYSINFO
  BKN2    Carrier=3719 Band=3 Duplex=0 HF=468 LocArea=1 DL=392.9875MHz
  AACH  [CapAlloc] f1=0 f2=0 raw=0x3000 (dist=0)

[# 13] SB   [TN=3 FN=14 MN=40] corr=0.993  SB1 CRC OK [TMO] MCC=262 MNC=1010 CC=1 FN(air)=14 MF(air)=40 TN(air)=2 → TN=3 FN=14 MN=40
  BKN2  MAC-BROADCAST  sub=SYSINFO
  BKN2    Carrier=3719 Band=3 Duplex=0 HF=468 LocArea=1 DL=392.9875MHz
  AACH  [CapAlloc] f1=0 f2=0 raw=0x3000 (dist=0)

[# 14] SB   [TN=4 FN=14 MN=40] corr=0.991  SB1 CRC OK [TMO] MCC=262 MNC=1010 CC=1 FN(air)=14 MF(air)=40 TN(air)=3 → TN=4 FN=14 MN=40
  BKN2  MAC-BROADCAST  sub=SYSINFO
  BKN2    Carrier=3719 Band=3 Duplex=0 HF=468 LocArea=1 DL=392.9875MHz
  AACH  [CapAlloc] f1=0 f2=0 raw=0x3000 (dist=0)

[# 15] NDB2  [TN=1 FN=15 MN=40] corr=0.995  AACH  [DL/UL-Assign] DL=Common UL=Random CC=9 f1=9 f2=9 (dist=0)
  BKN1 SCH/HD  MAC-RESOURCE  addr=NULL LI=2 (2 octets)
  BKN2 SCH/HD  MAC-BROADCAST  sub=SYSINFO
  BKN2 SCH/HD    Carrier=3719 Band=3 Duplex=0 HF=468 LocArea=1 DL=392.9875MHz

[# 16] SB   [TN=2 FN=15 MN=40] corr=0.995  SB1 CRC OK [TMO] MCC=262 MNC=1010 CC=1 FN(air)=15 MF(air)=40 TN(air)=1 → TN=2 FN=15 MN=40
  BKN2  MAC-BROADCAST  sub=SYSINFO
  BKN2    Carrier=3719 Band=3 Duplex=0 HF=468 LocArea=1 DL=392.9875MHz
  AACH  [CapAlloc] f1=0 f2=0 raw=0x3000 (dist=0)

[# 17] SB   [TN=3 FN=15 MN=40] corr=0.995  SB1 CRC OK [TMO] MCC=262 MNC=1010 CC=1 FN(air)=15 MF(air)=40 TN(air)=2 → TN=3 FN=15 MN=40
  BKN2  MAC-BROADCAST  sub=SYSINFO
  BKN2    Carrier=3719 Band=3 Duplex=0 HF=468 LocArea=1 DL=392.9875MHz
  AACH  [CapAlloc] f1=0 f2=0 raw=0x3000 (dist=0)

[# 18] SB   [TN=4 FN=15 MN=40] corr=0.994  SB1 CRC OK [TMO] MCC=262 MNC=1010 CC=1 FN(air)=15 MF(air)=40 TN(air)=3 → TN=4 FN=15 MN=40
  BKN2  MAC-BROADCAST  sub=SYSINFO
  BKN2    Carrier=3719 Band=3 Duplex=0 HF=468 LocArea=1 DL=392.9875MHz
  AACH  [CapAlloc] f1=0 f2=0 raw=0x3000 (dist=0)

[# 19] NDB2  [TN=1 FN=16 MN=40] corr=0.994  AACH  [DL/UL-Assign] DL=Common UL=Random CC=9 f1=9 f2=9 (dist=0)
  BKN1 SCH/HD  MAC-RESOURCE  addr=NULL LI=2 (2 octets)
  BKN2 SCH/HD  MAC-BROADCAST  sub=SYSINFO
  BKN2 SCH/HD    Carrier=3719 Band=3 Duplex=0 HF=468 LocArea=1 DL=392.9875MHz

[# 20] SB   [TN=2 FN=16 MN=40] corr=0.992  SB1 CRC OK [TMO] MCC=262 MNC=1010 CC=1 FN(air)=16 MF(air)=40 TN(air)=1 → TN=2 FN=16 MN=40
  BKN2  MAC-BROADCAST  sub=SYSINFO
  BKN2    Carrier=3719 Band=3 Duplex=0 HF=468 LocArea=1 DL=392.9875MHz
  AACH  [CapAlloc] f1=0 f2=0 raw=0x3000 (dist=0)

[# 21] SB   [TN=3 FN=16 MN=40] corr=0.993  SB1 CRC OK [TMO] MCC=262 MNC=1010 CC=1 FN(air)=16 MF(air)=40 TN(air)=2 → TN=3 FN=16 MN=40
  BKN2  MAC-BROADCAST  sub=SYSINFO
  BKN2    Carrier=3719 Band=3 Duplex=0 HF=468 LocArea=1 DL=392.9875MHz
  AACH  [CapAlloc] f1=0 f2=0 raw=0x3000 (dist=0)

[# 22] SB   [TN=4 FN=16 MN=40] corr=0.994  SB1 CRC OK [TMO] MCC=262 MNC=1010 CC=1 FN(air)=16 MF(air)=40 TN(air)=3 → TN=4 FN=16 MN=40
  BKN2  MAC-BROADCAST  sub=SYSINFO
  BKN2    Carrier=3719 Band=3 Duplex=0 HF=468 LocArea=1 DL=392.9875MHz
  AACH  [CapAlloc] f1=0 f2=0 raw=0x3000 (dist=0)

[# 23] NDB2  [TN=1 FN=17 MN=40] corr=0.995  AACH  [DL/UL-Assign] DL=Common UL=Random CC=9 f1=9 f2=9 (dist=0)
  BKN1 SCH/HD  MAC-RESOURCE  addr=NULL LI=2 (2 octets)
  BKN2 SCH/HD  MAC-BROADCAST  sub=SYSINFO
  BKN2 SCH/HD    Carrier=3719 Band=3 Duplex=0 HF=468 LocArea=1 DL=392.9875MHz

[# 24] SB   [TN=2 FN=17 MN=40] corr=0.992  SB1 CRC OK [TMO] MCC=262 MNC=1010 CC=1 FN(air)=17 MF(air)=40 TN(air)=1 → TN=2 FN=17 MN=40
  BKN2  MAC-BROADCAST  sub=SYSINFO
  BKN2    Carrier=3719 Band=3 Duplex=0 HF=468 LocArea=1 DL=392.9875MHz
  AACH  [CapAlloc] f1=0 f2=0 raw=0x3000 (dist=0)

[# 25] SB   [TN=3 FN=17 MN=40] corr=0.991  SB1 CRC OK [TMO] MCC=262 MNC=1010 CC=1 FN(air)=17 MF(air)=40 TN(air)=2 → TN=3 FN=17 MN=40
  BKN2  MAC-BROADCAST  sub=SYSINFO
  BKN2    Carrier=3719 Band=3 Duplex=0 HF=468 LocArea=1 DL=392.9875MHz
  AACH  [CapAlloc] f1=0 f2=0 raw=0x3000 (dist=0)

[# 26] SB   [TN=4 FN=17 MN=40] corr=0.992  SB1 CRC OK [TMO] MCC=262 MNC=1010 CC=1 FN(air)=17 MF(air)=40 TN(air)=3 → TN=4 FN=17 MN=40
  BKN2  MAC-BROADCAST  sub=SYSINFO
  BKN2    Carrier=3719 Band=3 Duplex=0 HF=468 LocArea=1 DL=392.9875MHz
  AACH  [CapAlloc] f1=0 f2=0 raw=0x3000 (dist=0)

[# 27] NDB2  [TN=1 FN=18 MN=40 BNCH] corr=0.997  AACH  [DL/UL-Assign] DL=Common UL=Random CC=9 f1=9 f2=9 (dist=0)
  BKN1 SCH/HD  MAC-RESOURCE  addr=NULL LI=2 (2 octets)
  BKN2 BNCH  {'Mode': 'DMO', 'Sync_PDU_type': 8, 'SystemCode': 8, 'ColourCode': 58, 'TimeSlot': 0, 'Frame': 14, 'AirInterfaceEnc': 1, 'MNI': 14709379, 'SourceAddress': 468}

[# 28] SB   [TN=2 FN=18 MN=40] corr=0.994  SB1 CRC OK [TMO] MCC=262 MNC=1010 CC=1 FN(air)=18 MF(air)=40 TN(air)=1 → TN=2 FN=18 MN=40
  BKN2  MAC-BROADCAST  sub=SYSINFO
  BKN2    Carrier=3719 Band=3 Duplex=0 HF=468 LocArea=1 DL=392.9875MHz
  AACH  [DL/UL-Assign] DL=Unalloc UL=Random CC=0 f1=1 f2=0 (dist=0)

[# 29] SB   [TN=3 FN=18 MN=40 BSCH] corr=0.995  SB1 CRC OK [TMO] MCC=262 MNC=1010 CC=1 FN(air)=18 MF(air)=40 TN(air)=2 → TN=3 FN=18 MN=40 BSCH
  BKN2  MAC-BROADCAST  sub=SYSINFO
  BKN2    Carrier=3719 Band=3 Duplex=0 HF=468 LocArea=1 DL=392.9875MHz
  AACH  [DL/UL-Assign] DL=Unalloc UL=Random CC=0 f1=1 f2=0 (dist=0)

[# 30] SB   [TN=4 FN=18 MN=40] corr=0.994  SB1 CRC OK [TMO] MCC=262 MNC=1010 CC=1 FN(air)=18 MF(air)=40 TN(air)=3 → TN=4 FN=18 MN=40
  BKN2  MAC-BROADCAST  sub=SYSINFO
  BKN2    Carrier=3719 Band=3 Duplex=0 HF=468 LocArea=1 DL=392.9875MHz
  AACH  [DL/UL-Assign] DL=Unalloc UL=Random CC=0 f1=1 f2=0 (dist=0)

[# 31] NDB2  [TN=1 FN=01 MN=41] corr=0.994  AACH  [DL/UL-Assign] DL=Common UL=Random CC=9 f1=9 f2=9 (dist=0)
  BKN1 SCH/HD  MAC-RESOURCE  addr=NULL LI=2 (2 octets)
  BKN2 SCH/HD  MAC-BROADCAST  sub=SYSINFO
  BKN2 SCH/HD    Carrier=3719 Band=3 Duplex=0 HF=468 LocArea=1 DL=392.9875MHz

[# 32] SB   [TN=2 FN=01 MN=41] corr=0.994  SB1 CRC OK [TMO] MCC=262 MNC=1010 CC=1 FN(air)=1 MF(air)=41 TN(air)=1 → TN=2 FN=01 MN=41
  BKN2  MAC-BROADCAST  sub=SYSINFO
  BKN2    Carrier=3719 Band=3 Duplex=0 HF=468 LocArea=1 DL=392.9875MHz
  AACH  [CapAlloc] f1=0 f2=0 raw=0x3000 (dist=0)

[# 33] SB   [TN=3 FN=01 MN=41] corr=0.994  SB1 CRC OK [TMO] MCC=262 MNC=1010 CC=1 FN(air)=1 MF(air)=41 TN(air)=2 → TN=3 FN=01 MN=41
  BKN2  MAC-BROADCAST  sub=SYSINFO
  BKN2    Carrier=3719 Band=3 Duplex=0 HF=468 LocArea=1 DL=392.9875MHz
  AACH  [CapAlloc] f1=0 f2=0 raw=0x3000 (dist=0)

[# 34] SB   [TN=4 FN=01 MN=41] corr=0.992  SB1 CRC OK [TMO] MCC=262 MNC=1010 CC=1 FN(air)=1 MF(air)=41 TN(air)=3 → TN=4 FN=01 MN=41
  BKN2  MAC-BROADCAST  sub=SYSINFO
  BKN2    Carrier=3719 Band=3 Duplex=0 HF=468 LocArea=1 DL=392.9875MHz
  AACH  [CapAlloc] f1=0 f2=0 raw=0x3000 (dist=0)

[# 35] NDB2  [TN=1 FN=02 MN=41] corr=0.995  AACH  [DL/UL-Assign] DL=Common UL=Random CC=9 f1=9 f2=9 (dist=0)
  BKN1 SCH/HD  MAC-RESOURCE  addr=NULL LI=2 (2 octets)
  BKN2 SCH/HD  MAC-BROADCAST  sub=SYSINFO
  BKN2 SCH/HD    Carrier=3719 Band=3 Duplex=0 HF=468 LocArea=1 DL=392.9875MHz

[# 36] SB   [TN=2 FN=02 MN=41] corr=0.992  SB1 CRC OK [TMO] MCC=262 MNC=1010 CC=1 FN(air)=2 MF(air)=41 TN(air)=1 → TN=2 FN=02 MN=41
  BKN2  MAC-BROADCAST  sub=SYSINFO
  BKN2    Carrier=3719 Band=3 Duplex=0 HF=468 LocArea=1 DL=392.9875MHz
  AACH  [CapAlloc] f1=0 f2=0 raw=0x3000 (dist=0)

[# 37] SB   [TN=3 FN=02 MN=41] corr=0.991  SB1 CRC OK [TMO] MCC=262 MNC=1010 CC=1 FN(air)=2 MF(air)=41 TN(air)=2 → TN=3 FN=02 MN=41
  BKN2  MAC-BROADCAST  sub=SYSINFO
  BKN2    Carrier=3719 Band=3 Duplex=0 HF=468 LocArea=1 DL=392.9875MHz
  AACH  [CapAlloc] f1=0 f2=0 raw=0x3000 (dist=0)

[# 38] SB   [TN=4 FN=02 MN=41] corr=0.992  SB1 CRC OK [TMO] MCC=262 MNC=1010 CC=1 FN(air)=2 MF(air)=41 TN(air)=3 → TN=4 FN=02 MN=41
  BKN2  MAC-BROADCAST  sub=SYSINFO
  BKN2    Carrier=3719 Band=3 Duplex=0 HF=468 LocArea=1 DL=392.9875MHz
  AACH  [CapAlloc] f1=0 f2=0 raw=0x3000 (dist=0)

[# 39] NDB2  [TN=1 FN=03 MN=41] corr=0.997  AACH  [DL/UL-Assign] DL=Common UL=Random CC=9 f1=9 f2=9 (dist=0)
  BKN1 SCH/HD  MAC-RESOURCE  addr=NULL LI=2 (2 octets)
  BKN2 SCH/HD  MAC-BROADCAST  sub=SYSINFO
  BKN2 SCH/HD    Carrier=3719 Band=3 Duplex=0 HF=468 LocArea=1 DL=392.9875MHz

[# 40] SB   [TN=2 FN=03 MN=41] corr=0.991  SB1 CRC OK [TMO] MCC=262 MNC=1010 CC=1 FN(air)=3 MF(air)=41 TN(air)=1 → TN=2 FN=03 MN=41
  BKN2  MAC-BROADCAST  sub=SYSINFO
  BKN2    Carrier=3719 Band=3 Duplex=0 HF=468 LocArea=1 DL=392.9875MHz
  AACH  [CapAlloc] f1=0 f2=0 raw=0x3000 (dist=0)

[# 41] SB   [TN=3 FN=03 MN=41] corr=0.993  SB1 CRC OK [TMO] MCC=262 MNC=1010 CC=1 FN(air)=3 MF(air)=41 TN(air)=2 → TN=3 FN=03 MN=41
  BKN2  MAC-BROADCAST  sub=SYSINFO
  BKN2    Carrier=3719 Band=3 Duplex=0 HF=468 LocArea=1 DL=392.9875MHz
  AACH  [CapAlloc] f1=0 f2=0 raw=0x3000 (dist=0)

[# 42] SB   [TN=4 FN=03 MN=41] corr=0.995  SB1 CRC OK [TMO] MCC=262 MNC=1010 CC=1 FN(air)=3 MF(air)=41 TN(air)=3 → TN=4 FN=03 MN=41
  BKN2  MAC-BROADCAST  sub=SYSINFO
  BKN2    Carrier=3719 Band=3 Duplex=0 HF=468 LocArea=1 DL=392.9875MHz
  AACH  [CapAlloc] f1=0 f2=0 raw=0x3000 (dist=0)

[# 43] NDB2  [TN=1 FN=04 MN=41] corr=0.995  AACH  [DL/UL-Assign] DL=Common UL=Random CC=9 f1=9 f2=9 (dist=0)
  BKN1 SCH/HD  MAC-RESOURCE  addr=NULL LI=2 (2 octets)
  BKN2 SCH/HD  MAC-BROADCAST  sub=SYSINFO
  BKN2 SCH/HD    Carrier=3719 Band=3 Duplex=0 HF=468 LocArea=1 DL=392.9875MHz

[# 44] SB   [TN=2 FN=04 MN=41] corr=0.995  SB1 CRC OK [TMO] MCC=262 MNC=1010 CC=1 FN(air)=4 MF(air)=41 TN(air)=1 → TN=2 FN=04 MN=41
  BKN2  MAC-BROADCAST  sub=SYSINFO
  BKN2    Carrier=3719 Band=3 Duplex=0 HF=468 LocArea=1 DL=392.9875MHz
  AACH  [CapAlloc] f1=0 f2=0 raw=0x3000 (dist=0)

[# 45] SB   [TN=3 FN=04 MN=41] corr=0.995  SB1 CRC OK [TMO] MCC=262 MNC=1010 CC=1 FN(air)=4 MF(air)=41 TN(air)=2 → TN=3 FN=04 MN=41
  BKN2  MAC-BROADCAST  sub=SYSINFO
  BKN2    Carrier=3719 Band=3 Duplex=0 HF=468 LocArea=1 DL=392.9875MHz
  AACH  [CapAlloc] f1=0 f2=0 raw=0x3000 (dist=0)

[# 46] SB   [TN=4 FN=04 MN=41] corr=0.994  SB1 CRC OK [TMO] MCC=262 MNC=1010 CC=1 FN(air)=4 MF(air)=41 TN(air)=3 → TN=4 FN=04 MN=41
  BKN2  MAC-BROADCAST  sub=SYSINFO
  BKN2    Carrier=3719 Band=3 Duplex=0 HF=468 LocArea=1 DL=392.9875MHz
  AACH  [CapAlloc] f1=0 f2=0 raw=0x3000 (dist=0)

[# 47] NDB2  [TN=1 FN=05 MN=41] corr=0.993  AACH  [DL/UL-Assign] DL=Common UL=Random CC=9 f1=9 f2=9 (dist=0)
  BKN1 SCH/HD  MAC-RESOURCE  addr=NULL LI=2 (2 octets)
  BKN2 SCH/HD  MAC-BROADCAST  sub=SYSINFO
  BKN2 SCH/HD    Carrier=3719 Band=3 Duplex=0 HF=468 LocArea=1 DL=392.9875MHz

[# 48] SB   [TN=2 FN=05 MN=41] corr=0.994  SB1 CRC OK [TMO] MCC=262 MNC=1010 CC=1 FN(air)=5 MF(air)=41 TN(air)=1 → TN=2 FN=05 MN=41
  BKN2  MAC-BROADCAST  sub=SYSINFO
  BKN2    Carrier=3719 Band=3 Duplex=0 HF=468 LocArea=1 DL=392.9875MHz
  AACH  [CapAlloc] f1=0 f2=0 raw=0x3000 (dist=0)

[# 49] SB   [TN=3 FN=05 MN=41] corr=0.993  SB1 CRC OK [TMO] MCC=262 MNC=1010 CC=1 FN(air)=5 MF(air)=41 TN(air)=2 → TN=3 FN=05 MN=41
  BKN2  MAC-BROADCAST  sub=SYSINFO
  BKN2    Carrier=3719 Band=3 Duplex=0 HF=468 LocArea=1 DL=392.9875MHz
  AACH  [CapAlloc] f1=0 f2=0 raw=0x3000 (dist=0)

[# 50] SB   [TN=4 FN=05 MN=41] corr=0.992  SB1 CRC OK [TMO] MCC=262 MNC=1010 CC=1 FN(air)=5 MF(air)=41 TN(air)=3 → TN=4 FN=05 MN=41
  BKN2  MAC-BROADCAST  sub=SYSINFO
  BKN2    Carrier=3719 Band=3 Duplex=0 HF=468 LocArea=1 DL=392.9875MHz
  AACH  [CapAlloc] f1=0 f2=0 raw=0x3000 (dist=0)

[# 51] NDB2  [TN=1 FN=06 MN=41] corr=0.996  AACH  [DL/UL-Assign] DL=Common UL=Random CC=9 f1=9 f2=9 (dist=0)
  BKN1 SCH/HD  MAC-RESOURCE  addr=NULL LI=2 (2 octets)
  BKN2 SCH/HD  MAC-BROADCAST  sub=SYSINFO
  BKN2 SCH/HD    Carrier=3719 Band=3 Duplex=0 HF=468 LocArea=1 DL=392.9875MHz

[# 52] SB   [TN=2 FN=06 MN=41] corr=0.991  SB1 CRC OK [TMO] MCC=262 MNC=1010 CC=1 FN(air)=6 MF(air)=41 TN(air)=1 → TN=2 FN=06 MN=41
  BKN2  MAC-BROADCAST  sub=SYSINFO
  BKN2    Carrier=3719 Band=3 Duplex=0 HF=468 LocArea=1 DL=392.9875MHz
  AACH  [CapAlloc] f1=0 f2=0 raw=0x3000 (dist=0)

[# 53] SB   [TN=3 FN=06 MN=41] corr=0.991  SB1 CRC OK [TMO] MCC=262 MNC=1010 CC=1 FN(air)=6 MF(air)=41 TN(air)=2 → TN=3 FN=06 MN=41
  BKN2  MAC-BROADCAST  sub=SYSINFO
  BKN2    Carrier=3719 Band=3 Duplex=0 HF=468 LocArea=1 DL=392.9875MHz
  AACH  [CapAlloc] f1=0 f2=0 raw=0x3000 (dist=0)

[# 54] SB   [TN=4 FN=06 MN=41] corr=0.992  SB1 CRC OK [TMO] MCC=262 MNC=1010 CC=1 FN(air)=6 MF(air)=41 TN(air)=3 → TN=4 FN=06 MN=41
  BKN2  MAC-BROADCAST  sub=SYSINFO
  BKN2    Carrier=3719 Band=3 Duplex=0 HF=468 LocArea=1 DL=392.9875MHz
  AACH  [CapAlloc] f1=0 f2=0 raw=0x3000 (dist=0)

[# 55] NDB2  [TN=1 FN=07 MN=41] corr=0.997  AACH  [DL/UL-Assign] DL=Common UL=Random CC=9 f1=9 f2=9 (dist=0)
  BKN1 SCH/HD  MAC-RESOURCE  addr=NULL LI=2 (2 octets)
  BKN2 SCH/HD  MAC-BROADCAST  sub=SYSINFO
  BKN2 SCH/HD    Carrier=3719 Band=3 Duplex=0 HF=468 LocArea=1 DL=392.9875MHz

[# 56] SB   [TN=2 FN=07 MN=41] corr=0.991  SB1 CRC OK [TMO] MCC=262 MNC=1010 CC=1 FN(air)=7 MF(air)=41 TN(air)=1 → TN=2 FN=07 MN=41
  BKN2  MAC-BROADCAST  sub=SYSINFO
  BKN2    Carrier=3719 Band=3 Duplex=0 HF=468 LocArea=1 DL=392.9875MHz
  AACH  [CapAlloc] f1=0 f2=0 raw=0x3000 (dist=0)

[# 57] SB   [TN=3 FN=07 MN=41] corr=0.993  SB1 CRC OK [TMO] MCC=262 MNC=1010 CC=1 FN(air)=7 MF(air)=41 TN(air)=2 → TN=3 FN=07 MN=41
  BKN2  MAC-BROADCAST  sub=SYSINFO
  BKN2    Carrier=3719 Band=3 Duplex=0 HF=468 LocArea=1 DL=392.9875MHz
  AACH  [CapAlloc] f1=0 f2=0 raw=0x3000 (dist=0)

[# 58] SB   [TN=4 FN=07 MN=41] corr=0.995  SB1 CRC OK [TMO] MCC=262 MNC=1010 CC=1 FN(air)=7 MF(air)=41 TN(air)=3 → TN=4 FN=07 MN=41
  BKN2  MAC-BROADCAST  sub=SYSINFO
  BKN2    Carrier=3719 Band=3 Duplex=0 HF=468 LocArea=1 DL=392.9875MHz
  AACH  [CapAlloc] f1=0 f2=0 raw=0x3000 (dist=0)

[# 59] NDB2  [TN=1 FN=08 MN=41] corr=0.995  AACH  [DL/UL-Assign] DL=Common UL=Random CC=9 f1=9 f2=9 (dist=0)
  BKN1 SCH/HD  MAC-RESOURCE  addr=NULL LI=2 (2 octets)
  BKN2 SCH/HD  MAC-BROADCAST  sub=SYSINFO
  BKN2 SCH/HD    Carrier=3719 Band=3 Duplex=0 HF=468 LocArea=1 DL=392.9875MHz

[# 60] SB   [TN=2 FN=08 MN=41] corr=0.994  SB1 CRC OK [TMO] MCC=262 MNC=1010 CC=1 FN(air)=8 MF(air)=41 TN(air)=1 → TN=2 FN=08 MN=41
  BKN2  MAC-BROADCAST  sub=SYSINFO
  BKN2    Carrier=3719 Band=3 Duplex=0 HF=468 LocArea=1 DL=392.9875MHz
  AACH  [CapAlloc] f1=0 f2=0 raw=0x3000 (dist=0)

[# 61] SB   [TN=3 FN=08 MN=41] corr=0.994  SB1 CRC OK [TMO] MCC=262 MNC=1010 CC=1 FN(air)=8 MF(air)=41 TN(air)=2 → TN=3 FN=08 MN=41
  BKN2  MAC-BROADCAST  sub=SYSINFO
  BKN2    Carrier=3719 Band=3 Duplex=0 HF=468 LocArea=1 DL=392.9875MHz
  AACH  [CapAlloc] f1=0 f2=0 raw=0x3000 (dist=0)

[# 62] SB   [TN=4 FN=08 MN=41] corr=0.995  SB1 CRC OK [TMO] MCC=262 MNC=1010 CC=1 FN(air)=8 MF(air)=41 TN(air)=3 → TN=4 FN=08 MN=41
  BKN2  MAC-BROADCAST  sub=SYSINFO
  BKN2    Carrier=3719 Band=3 Duplex=0 HF=468 LocArea=1 DL=392.9875MHz
  AACH  [CapAlloc] f1=0 f2=0 raw=0x3000 (dist=0)

[# 63] NDB2  [TN=1 FN=09 MN=41] corr=0.994  AACH  [DL/UL-Assign] DL=Common UL=Random CC=9 f1=9 f2=9 (dist=0)
  BKN1 SCH/HD  MAC-RESOURCE  addr=NULL LI=2 (2 octets)
  BKN2 SCH/HD  MAC-BROADCAST  sub=SYSINFO
  BKN2 SCH/HD    Carrier=3719 Band=3 Duplex=0 HF=468 LocArea=1 DL=392.9875MHz

[# 64] SB   [TN=2 FN=09 MN=41] corr=0.994  SB1 CRC OK [TMO] MCC=262 MNC=1010 CC=1 FN(air)=9 MF(air)=41 TN(air)=1 → TN=2 FN=09 MN=41
  BKN2  MAC-BROADCAST  sub=SYSINFO
  BKN2    Carrier=3719 Band=3 Duplex=0 HF=468 LocArea=1 DL=392.9875MHz
  AACH  [CapAlloc] f1=0 f2=0 raw=0x3000 (dist=0)

[# 65] SB   [TN=3 FN=09 MN=41] corr=0.993  SB1 CRC OK [TMO] MCC=262 MNC=1010 CC=1 FN(air)=9 MF(air)=41 TN(air)=2 → TN=3 FN=09 MN=41
  BKN2  MAC-BROADCAST  sub=SYSINFO
  BKN2    Carrier=3719 Band=3 Duplex=0 HF=468 LocArea=1 DL=392.9875MHz
  AACH  [CapAlloc] f1=0 f2=0 raw=0x3000 (dist=0)

[# 66] SB   [TN=4 FN=09 MN=41] corr=0.992  SB1 CRC OK [TMO] MCC=262 MNC=1010 CC=1 FN(air)=9 MF(air)=41 TN(air)=3 → TN=4 FN=09 MN=41
  BKN2  MAC-BROADCAST  sub=SYSINFO
  BKN2    Carrier=3719 Band=3 Duplex=0 HF=468 LocArea=1 DL=392.9875MHz
  AACH  [CapAlloc] f1=0 f2=0 raw=0x3000 (dist=0)

[# 67] NDB2  [TN=1 FN=10 MN=41] corr=0.996  AACH  [DL/UL-Assign] DL=Common UL=Random CC=9 f1=9 f2=9 (dist=0)
  BKN1 SCH/HD  MAC-RESOURCE  addr=NULL LI=2 (2 octets)
  BKN2 SCH/HD  MAC-BROADCAST  sub=SYSINFO
  BKN2 SCH/HD    Carrier=3719 Band=3 Duplex=0 HF=468 LocArea=1 DL=392.9875MHz

[# 68] SB   [TN=2 FN=10 MN=41] corr=0.991  SB1 CRC OK [TMO] MCC=262 MNC=1010 CC=1 FN(air)=10 MF(air)=41 TN(air)=1 → TN=2 FN=10 MN=41
  BKN2  MAC-BROADCAST  sub=SYSINFO
  BKN2    Carrier=3719 Band=3 Duplex=0 HF=468 LocArea=1 DL=392.9875MHz
  AACH  [CapAlloc] f1=0 f2=0 raw=0x3000 (dist=0)

[# 69] SB   [TN=3 FN=10 MN=41] corr=0.992  SB1 CRC OK [TMO] MCC=262 MNC=1010 CC=1 FN(air)=10 MF(air)=41 TN(air)=2 → TN=3 FN=10 MN=41
  BKN2  MAC-BROADCAST  sub=SYSINFO
  BKN2    Carrier=3719 Band=3 Duplex=0 HF=468 LocArea=1 DL=392.9875MHz
  AACH  [CapAlloc] f1=0 f2=0 raw=0x3000 (dist=0)

[# 70] SB   [TN=4 FN=10 MN=41] corr=0.992  SB1 CRC OK [TMO] MCC=262 MNC=1010 CC=1 FN(air)=10 MF(air)=41 TN(air)=3 → TN=4 FN=10 MN=41
  BKN2  MAC-BROADCAST  sub=SYSINFO
  BKN2    Carrier=3719 Band=3 Duplex=0 HF=468 LocArea=1 DL=392.9875MHz
  AACH  [CapAlloc] f1=0 f2=0 raw=0x3000 (dist=0)

[# 71] NDB2  [TN=1 FN=11 MN=41] corr=0.997  AACH  [DL/UL-Assign] DL=Common UL=Random CC=9 f1=9 f2=9 (dist=0)
  BKN1 SCH/HD  MAC-RESOURCE  addr=NULL LI=2 (2 octets)
  BKN2 SCH/HD  MAC-BROADCAST  sub=SYSINFO
  BKN2 SCH/HD    Carrier=3719 Band=3 Duplex=0 HF=468 LocArea=1 DL=392.9875MHz

[# 72] SB   [TN=2 FN=11 MN=41] corr=0.991  SB1 CRC OK [TMO] MCC=262 MNC=1010 CC=1 FN(air)=11 MF(air)=41 TN(air)=1 → TN=2 FN=11 MN=41
  BKN2  MAC-BROADCAST  sub=SYSINFO
  BKN2    Carrier=3719 Band=3 Duplex=0 HF=468 LocArea=1 DL=392.9875MHz
  AACH  [CapAlloc] f1=0 f2=0 raw=0x3000 (dist=0)

[# 73] SB   [TN=3 FN=11 MN=41] corr=0.993  SB1 CRC OK [TMO] MCC=262 MNC=1010 CC=1 FN(air)=11 MF(air)=41 TN(air)=2 → TN=3 FN=11 MN=41
  BKN2  MAC-BROADCAST  sub=SYSINFO
  BKN2    Carrier=3719 Band=3 Duplex=0 HF=468 LocArea=1 DL=392.9875MHz
  AACH  [CapAlloc] f1=0 f2=0 raw=0x3000 (dist=0)

[# 74] SB   [TN=4 FN=11 MN=41] corr=0.995  SB1 CRC OK [TMO] MCC=262 MNC=1010 CC=1 FN(air)=11 MF(air)=41 TN(air)=3 → TN=4 FN=11 MN=41
  BKN2  MAC-BROADCAST  sub=SYSINFO
  BKN2    Carrier=3719 Band=3 Duplex=0 HF=468 LocArea=1 DL=392.9875MHz
  AACH  [CapAlloc] f1=0 f2=0 raw=0x3000 (dist=0)

[# 75] NDB2  [TN=1 FN=12 MN=41] corr=0.995  AACH  [DL/UL-Assign] DL=Common UL=Random CC=9 f1=9 f2=9 (dist=0)
  BKN1 SCH/HD  MAC-RESOURCE  addr=NULL LI=2 (2 octets)
  BKN2 SCH/HD  MAC-BROADCAST  sub=SYSINFO
  BKN2 SCH/HD    Carrier=3719 Band=3 Duplex=0 HF=468 LocArea=1 DL=392.9875MHz

[# 76] SB   [TN=2 FN=12 MN=41] corr=0.993  SB1 CRC OK [TMO] MCC=262 MNC=1010 CC=1 FN(air)=12 MF(air)=41 TN(air)=1 → TN=2 FN=12 MN=41
  BKN2  MAC-BROADCAST  sub=SYSINFO
  BKN2    Carrier=3719 Band=3 Duplex=0 HF=468 LocArea=1 DL=392.9875MHz
  AACH  [CapAlloc] f1=0 f2=0 raw=0x3000 (dist=0)

[# 77] SB   [TN=3 FN=12 MN=41] corr=0.995  SB1 CRC OK [TMO] MCC=262 MNC=1010 CC=1 FN(air)=12 MF(air)=41 TN(air)=2 → TN=3 FN=12 MN=41
  BKN2  MAC-BROADCAST  sub=SYSINFO
  BKN2    Carrier=3719 Band=3 Duplex=0 HF=468 LocArea=1 DL=392.9875MHz
  AACH  [CapAlloc] f1=0 f2=0 raw=0x3000 (dist=0)

[# 78] SB   [TN=4 FN=12 MN=41] corr=0.995  SB1 CRC OK [TMO] MCC=262 MNC=1010 CC=1 FN(air)=12 MF(air)=41 TN(air)=3 → TN=4 FN=12 MN=41
  BKN2  MAC-BROADCAST  sub=SYSINFO
  BKN2    Carrier=3719 Band=3 Duplex=0 HF=468 LocArea=1 DL=392.9875MHz
  AACH  [CapAlloc] f1=0 f2=0 raw=0x3000 (dist=0)

[# 79] NDB2  [TN=1 FN=13 MN=41] corr=0.994  AACH  [DL/UL-Assign] DL=Common UL=Random CC=9 f1=9 f2=9 (dist=0)
  BKN1 SCH/HD  MAC-RESOURCE  addr=NULL LI=2 (2 octets)
  BKN2 SCH/HD  MAC-BROADCAST  sub=SYSINFO
  BKN2 SCH/HD    Carrier=3719 Band=3 Duplex=0 HF=468 LocArea=1 DL=392.9875MHz

[# 80] SB   [TN=2 FN=13 MN=41] corr=0.994  SB1 CRC OK [TMO] MCC=262 MNC=1010 CC=1 FN(air)=13 MF(air)=41 TN(air)=1 → TN=2 FN=13 MN=41
  BKN2  MAC-BROADCAST  sub=SYSINFO
  BKN2    Carrier=3719 Band=3 Duplex=0 HF=468 LocArea=1 DL=392.9875MHz
  AACH  [CapAlloc] f1=0 f2=0 raw=0x3000 (dist=0)

[# 81] SB   [TN=3 FN=13 MN=41] corr=0.993  SB1 CRC OK [TMO] MCC=262 MNC=1010 CC=1 FN(air)=13 MF(air)=41 TN(air)=2 → TN=3 FN=13 MN=41
  BKN2  MAC-BROADCAST  sub=SYSINFO
  BKN2    Carrier=3719 Band=3 Duplex=0 HF=468 LocArea=1 DL=392.9875MHz
  AACH  [CapAlloc] f1=0 f2=0 raw=0x3000 (dist=0)

[# 82] SB   [TN=4 FN=13 MN=41] corr=0.992  SB1 CRC OK [TMO] MCC=262 MNC=1010 CC=1 FN(air)=13 MF(air)=41 TN(air)=3 → TN=4 FN=13 MN=41
  BKN2  MAC-BROADCAST  sub=SYSINFO
  BKN2    Carrier=3719 Band=3 Duplex=0 HF=468 LocArea=1 DL=392.9875MHz
  AACH  [CapAlloc] f1=0 f2=0 raw=0x3000 (dist=0)

[# 83] NDB2  [TN=1 FN=14 MN=41] corr=0.995  AACH  [DL/UL-Assign] DL=Common UL=Random CC=9 f1=9 f2=9 (dist=0)
  BKN1 SCH/HD  MAC-RESOURCE  addr=NULL LI=2 (2 octets)
  BKN2 SCH/HD  MAC-BROADCAST  sub=SYSINFO
  BKN2 SCH/HD    Carrier=3719 Band=3 Duplex=0 HF=468 LocArea=1 DL=392.9875MHz

[# 84] SB   [TN=2 FN=14 MN=41] corr=0.992  SB1 CRC OK [TMO] MCC=262 MNC=1010 CC=1 FN(air)=14 MF(air)=41 TN(air)=1 → TN=2 FN=14 MN=41
  BKN2  MAC-BROADCAST  sub=SYSINFO
  BKN2    Carrier=3719 Band=3 Duplex=0 HF=468 LocArea=1 DL=392.9875MHz
  AACH  [CapAlloc] f1=0 f2=0 raw=0x3000 (dist=0)

[# 85] SB   [TN=3 FN=14 MN=41] corr=0.991  SB1 CRC OK [TMO] MCC=262 MNC=1010 CC=1 FN(air)=14 MF(air)=41 TN(air)=2 → TN=3 FN=14 MN=41
  BKN2  MAC-BROADCAST  sub=SYSINFO
  BKN2    Carrier=3719 Band=3 Duplex=0 HF=468 LocArea=1 DL=392.9875MHz
  AACH  [CapAlloc] f1=0 f2=0 raw=0x3000 (dist=0)

[# 86] SB   [TN=4 FN=14 MN=41] corr=0.992  SB1 CRC OK [TMO] MCC=262 MNC=1010 CC=1 FN(air)=14 MF(air)=41 TN(air)=3 → TN=4 FN=14 MN=41
  BKN2  MAC-BROADCAST  sub=SYSINFO
  BKN2    Carrier=3719 Band=3 Duplex=0 HF=468 LocArea=1 DL=392.9875MHz
  AACH  [CapAlloc] f1=0 f2=0 raw=0x3000 (dist=0)

[# 87] NDB2  [TN=1 FN=15 MN=41] corr=0.997  AACH  [DL/UL-Assign] DL=Common UL=Random CC=9 f1=9 f2=9 (dist=0)
  BKN1 SCH/HD  MAC-RESOURCE  addr=NULL LI=2 (2 octets)
  BKN2 SCH/HD  MAC-BROADCAST  sub=SYSINFO
  BKN2 SCH/HD    Carrier=3719 Band=3 Duplex=0 HF=468 LocArea=1 DL=392.9875MHz

[# 88] SB   [TN=2 FN=15 MN=41] corr=0.991  SB1 CRC OK [TMO] MCC=262 MNC=1010 CC=1 FN(air)=15 MF(air)=41 TN(air)=1 → TN=2 FN=15 MN=41
  BKN2  MAC-BROADCAST  sub=SYSINFO
  BKN2    Carrier=3719 Band=3 Duplex=0 HF=468 LocArea=1 DL=392.9875MHz
  AACH  [CapAlloc] f1=0 f2=0 raw=0x3000 (dist=0)

[# 89] SB   [TN=3 FN=15 MN=41] corr=0.993  SB1 CRC OK [TMO] MCC=262 MNC=1010 CC=1 FN(air)=15 MF(air)=41 TN(air)=2 → TN=3 FN=15 MN=41
  BKN2  MAC-BROADCAST  sub=SYSINFO
  BKN2    Carrier=3719 Band=3 Duplex=0 HF=468 LocArea=1 DL=392.9875MHz
  AACH  [CapAlloc] f1=0 f2=0 raw=0x3000 (dist=0)

[# 90] SB   [TN=4 FN=15 MN=41] corr=0.994  SB1 CRC OK [TMO] MCC=262 MNC=1010 CC=1 FN(air)=15 MF(air)=41 TN(air)=3 → TN=4 FN=15 MN=41
  BKN2  MAC-BROADCAST  sub=SYSINFO
  BKN2    Carrier=3719 Band=3 Duplex=0 HF=468 LocArea=1 DL=392.9875MHz
  AACH  [CapAlloc] f1=0 f2=0 raw=0x3000 (dist=0)

[# 91] NDB2  [TN=1 FN=16 MN=41] corr=0.995  AACH  [DL/UL-Assign] DL=Common UL=Random CC=9 f1=9 f2=9 (dist=0)
  BKN1 SCH/HD  MAC-RESOURCE  addr=NULL LI=2 (2 octets)
  BKN2 SCH/HD  MAC-BROADCAST  sub=SYSINFO
  BKN2 SCH/HD    Carrier=3719 Band=3 Duplex=0 HF=468 LocArea=1 DL=392.9875MHz

[# 92] SB   [TN=2 FN=16 MN=41] corr=0.994  SB1 CRC OK [TMO] MCC=262 MNC=1010 CC=1 FN(air)=16 MF(air)=41 TN(air)=1 → TN=2 FN=16 MN=41
  BKN2  MAC-BROADCAST  sub=SYSINFO
  BKN2    Carrier=3719 Band=3 Duplex=0 HF=468 LocArea=1 DL=392.9875MHz
  AACH  [CapAlloc] f1=0 f2=0 raw=0x3000 (dist=0)

[# 93] SB   [TN=3 FN=16 MN=41] corr=0.995  SB1 CRC OK [TMO] MCC=262 MNC=1010 CC=1 FN(air)=16 MF(air)=41 TN(air)=2 → TN=3 FN=16 MN=41
  BKN2  MAC-BROADCAST  sub=SYSINFO
  BKN2    Carrier=3719 Band=3 Duplex=0 HF=468 LocArea=1 DL=392.9875MHz
  AACH  [CapAlloc] f1=0 f2=0 raw=0x3000 (dist=0)

[# 94] SB   [TN=4 FN=16 MN=41] corr=0.994  SB1 CRC OK [TMO] MCC=262 MNC=1010 CC=1 FN(air)=16 MF(air)=41 TN(air)=3 → TN=4 FN=16 MN=41
  BKN2  MAC-BROADCAST  sub=SYSINFO
  BKN2    Carrier=3719 Band=3 Duplex=0 HF=468 LocArea=1 DL=392.9875MHz
  AACH  [CapAlloc] f1=0 f2=0 raw=0x3000 (dist=0)

[# 95] NDB2  [TN=1 FN=17 MN=41] corr=0.993  AACH  [DL/UL-Assign] DL=Common UL=Random CC=9 f1=9 f2=9 (dist=0)
  BKN1 SCH/HD  MAC-RESOURCE  addr=NULL LI=2 (2 octets)
  BKN2 SCH/HD  MAC-BROADCAST  sub=SYSINFO
  BKN2 SCH/HD    Carrier=3719 Band=3 Duplex=0 HF=468 LocArea=1 DL=392.9875MHz

[# 96] SB   [TN=2 FN=17 MN=41] corr=0.994  SB1 CRC OK [TMO] MCC=262 MNC=1010 CC=1 FN(air)=17 MF(air)=41 TN(air)=1 → TN=2 FN=17 MN=41
  BKN2  MAC-BROADCAST  sub=SYSINFO
  BKN2    Carrier=3719 Band=3 Duplex=0 HF=468 LocArea=1 DL=392.9875MHz
  AACH  [CapAlloc] f1=0 f2=0 raw=0x3000 (dist=0)

[# 97] SB   [TN=3 FN=17 MN=41] corr=0.993  SB1 CRC OK [TMO] MCC=262 MNC=1010 CC=1 FN(air)=17 MF(air)=41 TN(air)=2 → TN=3 FN=17 MN=41
  BKN2  MAC-BROADCAST  sub=SYSINFO
  BKN2    Carrier=3719 Band=3 Duplex=0 HF=468 LocArea=1 DL=392.9875MHz
  AACH  [CapAlloc] f1=0 f2=0 raw=0x3000 (dist=0)

[# 98] SB   [TN=4 FN=17 MN=41] corr=0.992  SB1 CRC OK [TMO] MCC=262 MNC=1010 CC=1 FN(air)=17 MF(air)=41 TN(air)=3 → TN=4 FN=17 MN=41
  BKN2  MAC-BROADCAST  sub=SYSINFO
  BKN2    Carrier=3719 Band=3 Duplex=0 HF=468 LocArea=1 DL=392.9875MHz
  AACH  [CapAlloc] f1=0 f2=0 raw=0x3000 (dist=0)

[# 99] NDB2  [TN=1 FN=18 MN=41] corr=0.996  AACH  [DL/UL-Assign] DL=Common UL=Random CC=9 f1=9 f2=9 (dist=0)
  BKN1 SCH/HD  MAC-RESOURCE  addr=NULL LI=2 (2 octets)
  BKN2 BNCH  {'Mode': 'DMO', 'Sync_PDU_type': 8, 'SystemCode': 8, 'ColourCode': 58, 'TimeSlot': 0, 'Frame': 14, 'AirInterfaceEnc': 1, 'MNI': 14709379, 'SourceAddress': 468}
  [progress] MER=0.0%  BER(EMA)=0.0000

[#100] SB   [TN=2 FN=18 MN=41 BSCH] corr=0.991  SB1 CRC OK [TMO] MCC=262 MNC=1010 CC=1 FN(air)=18 MF(air)=41 TN(air)=1 → TN=2 FN=18 MN=41 BSCH
  BKN2  MAC-BROADCAST  sub=SYSINFO
  BKN2    Carrier=3719 Band=3 Duplex=0 HF=468 LocArea=1 DL=392.9875MHz
  AACH  [DL/UL-Assign] DL=Unalloc UL=Random CC=0 f1=1 f2=0 (dist=0)

[#101] SB   [TN=3 FN=18 MN=41] corr=0.993  SB1 CRC OK [TMO] MCC=262 MNC=1010 CC=1 FN(air)=18 MF(air)=41 TN(air)=2 → TN=3 FN=18 MN=41
  BKN2  MAC-BROADCAST  sub=SYSINFO
  BKN2    Carrier=3719 Band=3 Duplex=0 HF=468 LocArea=1 DL=392.9875MHz
  AACH  [DL/UL-Assign] DL=Unalloc UL=Random CC=0 f1=1 f2=0 (dist=0)

[#102] SB   [TN=4 FN=18 MN=41 BNCH] corr=0.994  SB1 CRC OK [TMO] MCC=262 MNC=1010 CC=1 FN(air)=18 MF(air)=41 TN(air)=3 → TN=4 FN=18 MN=41 BNCH
  BKN2  MAC-BROADCAST  sub=SYSINFO
  BKN2    Carrier=3719 Band=3 Duplex=0 HF=468 LocArea=1 DL=392.9875MHz
  AACH  [DL/UL-Assign] DL=Unalloc UL=Random CC=0 f1=1 f2=0 (dist=0)

[#103] NDB2  [TN=1 FN=01 MN=42] corr=0.994  AACH  [DL/UL-Assign] DL=Common UL=Random CC=9 f1=9 f2=9 (dist=0)
  BKN1 SCH/HD  MAC-RESOURCE  addr=NULL LI=2 (2 octets)
  BKN2 SCH/HD  MAC-BROADCAST  sub=SYSINFO
  BKN2 SCH/HD    Carrier=3719 Band=3 Duplex=0 HF=468 LocArea=1 DL=392.9875MHz

[#104] SB   [TN=2 FN=01 MN=42] corr=0.994  SB1 CRC OK [TMO] MCC=262 MNC=1010 CC=1 FN(air)=1 MF(air)=42 TN(air)=1 → TN=2 FN=01 MN=42
  BKN2  MAC-BROADCAST  sub=SYSINFO
  BKN2    Carrier=3719 Band=3 Duplex=0 HF=468 LocArea=1 DL=392.9875MHz
  AACH  [CapAlloc] f1=0 f2=0 raw=0x3000 (dist=0)

[#105] SB   [TN=3 FN=01 MN=42] corr=0.993  SB1 CRC OK [TMO] MCC=262 MNC=1010 CC=1 FN(air)=1 MF(air)=42 TN(air)=2 → TN=3 FN=01 MN=42
  BKN2  MAC-BROADCAST  sub=SYSINFO
  BKN2    Carrier=3719 Band=3 Duplex=0 HF=468 LocArea=1 DL=392.9875MHz
  AACH  [CapAlloc] f1=0 f2=0 raw=0x3000 (dist=0)

[#106] SB   [TN=4 FN=01 MN=42] corr=0.992  SB1 CRC OK [TMO] MCC=262 MNC=1010 CC=1 FN(air)=1 MF(air)=42 TN(air)=3 → TN=4 FN=01 MN=42
  BKN2  MAC-BROADCAST  sub=SYSINFO
  BKN2    Carrier=3719 Band=3 Duplex=0 HF=468 LocArea=1 DL=392.9875MHz
  AACH  [CapAlloc] f1=0 f2=0 raw=0x3000 (dist=0)

[#107] NDB2  [TN=1 FN=02 MN=42] corr=0.997  AACH  [DL/UL-Assign] DL=Common UL=Random CC=9 f1=9 f2=9 (dist=0)
  BKN1 SCH/HD  MAC-RESOURCE  addr=NULL LI=2 (2 octets)
  BKN2 SCH/HD  MAC-BROADCAST  sub=SYSINFO
  BKN2 SCH/HD    Carrier=3719 Band=3 Duplex=0 HF=468 LocArea=1 DL=392.9875MHz

[#108] SB   [TN=2 FN=02 MN=42] corr=0.994  SB1 CRC OK [TMO] MCC=262 MNC=1010 CC=1 FN(air)=2 MF(air)=42 TN(air)=1 → TN=2 FN=02 MN=42
  BKN2  MAC-BROADCAST  sub=SYSINFO
  BKN2    Carrier=3719 Band=3 Duplex=0 HF=468 LocArea=1 DL=392.9875MHz
  AACH  [CapAlloc] f1=0 f2=0 raw=0x3000 (dist=0)

[#109] SB   [TN=3 FN=02 MN=42] corr=0.993  SB1 CRC OK [TMO] MCC=262 MNC=1010 CC=1 FN(air)=2 MF(air)=42 TN(air)=2 → TN=3 FN=02 MN=42
  BKN2  MAC-BROADCAST  sub=SYSINFO
  BKN2    Carrier=3719 Band=3 Duplex=0 HF=468 LocArea=1 DL=392.9875MHz
  AACH  [CapAlloc] f1=0 f2=0 raw=0x3000 (dist=0)

[#110] SB   [TN=4 FN=02 MN=42] corr=0.991  SB1 CRC OK [TMO] MCC=262 MNC=1010 CC=1 FN(air)=2 MF(air)=42 TN(air)=3 → TN=4 FN=02 MN=42
  BKN2  MAC-BROADCAST  sub=SYSINFO
  BKN2    Carrier=3719 Band=3 Duplex=0 HF=468 LocArea=1 DL=392.9875MHz
  AACH  [CapAlloc] f1=0 f2=0 raw=0x3000 (dist=0)

[#111] NDB2  [TN=1 FN=03 MN=42] corr=0.997  AACH  [DL/UL-Assign] DL=Common UL=Random CC=9 f1=9 f2=9 (dist=0)
  BKN1 SCH/HD  MAC-RESOURCE  addr=NULL LI=2 (2 octets)
  BKN2 SCH/HD  MAC-BROADCAST  sub=SYSINFO
  BKN2 SCH/HD    Carrier=3719 Band=3 Duplex=0 HF=468 LocArea=1 DL=392.9875MHz

[#112] SB   [TN=2 FN=03 MN=42] corr=0.991  SB1 CRC OK [TMO] MCC=262 MNC=1010 CC=1 FN(air)=3 MF(air)=42 TN(air)=1 → TN=2 FN=03 MN=42
  BKN2  MAC-BROADCAST  sub=SYSINFO
  BKN2    Carrier=3719 Band=3 Duplex=0 HF=468 LocArea=1 DL=392.9875MHz
  AACH  [CapAlloc] f1=0 f2=0 raw=0x3000 (dist=0)

[#113] SB   [TN=3 FN=03 MN=42] corr=0.993  SB1 CRC OK [TMO] MCC=262 MNC=1010 CC=1 FN(air)=3 MF(air)=42 TN(air)=2 → TN=3 FN=03 MN=42
  BKN2  MAC-BROADCAST  sub=SYSINFO
  BKN2    Carrier=3719 Band=3 Duplex=0 HF=468 LocArea=1 DL=392.9875MHz
  AACH  [CapAlloc] f1=0 f2=0 raw=0x3000 (dist=0)

[#114] SB   [TN=4 FN=03 MN=42] corr=0.995  SB1 CRC OK [TMO] MCC=262 MNC=1010 CC=1 FN(air)=3 MF(air)=42 TN(air)=3 → TN=4 FN=03 MN=42
  BKN2  MAC-BROADCAST  sub=SYSINFO
  BKN2    Carrier=3719 Band=3 Duplex=0 HF=468 LocArea=1 DL=392.9875MHz
  AACH  [CapAlloc] f1=0 f2=0 raw=0x3000 (dist=0)

[#115] NDB2  [TN=1 FN=04 MN=42] corr=0.994  AACH  [DL/UL-Assign] DL=Common UL=Random CC=9 f1=9 f2=9 (dist=0)
  BKN1 SCH/HD  MAC-RESOURCE  addr=NULL LI=2 (2 octets)
  BKN2 SCH/HD  MAC-BROADCAST  sub=SYSINFO
  BKN2 SCH/HD    Carrier=3719 Band=3 Duplex=0 HF=468 LocArea=1 DL=392.9875MHz

[#116] SB   [TN=2 FN=04 MN=42] corr=0.992  SB1 CRC OK [TMO] MCC=262 MNC=1010 CC=1 FN(air)=4 MF(air)=42 TN(air)=1 → TN=2 FN=04 MN=42
  BKN2  MAC-BROADCAST  sub=SYSINFO
  BKN2    Carrier=3719 Band=3 Duplex=0 HF=468 LocArea=1 DL=392.9875MHz
  AACH  [CapAlloc] f1=0 f2=0 raw=0x3000 (dist=0)

[#117] SB   [TN=3 FN=04 MN=42] corr=0.994  SB1 CRC OK [TMO] MCC=262 MNC=1010 CC=1 FN(air)=4 MF(air)=42 TN(air)=2 → TN=3 FN=04 MN=42
  BKN2  MAC-BROADCAST  sub=SYSINFO
  BKN2    Carrier=3719 Band=3 Duplex=0 HF=468 LocArea=1 DL=392.9875MHz
  AACH  [CapAlloc] f1=0 f2=0 raw=0x3000 (dist=0)

[#118] SB   [TN=4 FN=04 MN=42] corr=0.994  SB1 CRC OK [TMO] MCC=262 MNC=1010 CC=1 FN(air)=4 MF(air)=42 TN(air)=3 → TN=4 FN=04 MN=42
  BKN2  MAC-BROADCAST  sub=SYSINFO
  BKN2    Carrier=3719 Band=3 Duplex=0 HF=468 LocArea=1 DL=392.9875MHz
  AACH  [CapAlloc] f1=0 f2=0 raw=0x3000 (dist=0)

[#119] NDB2  [TN=1 FN=05 MN=42] corr=0.993  AACH  [DL/UL-Assign] DL=Common UL=Random CC=9 f1=9 f2=9 (dist=0)
  BKN1 SCH/HD  MAC-RESOURCE  addr=NULL LI=2 (2 octets)
  BKN2 SCH/HD  MAC-BROADCAST  sub=SYSINFO
  BKN2 SCH/HD    Carrier=3719 Band=3 Duplex=0 HF=468 LocArea=1 DL=392.9875MHz

[#120] SB   [TN=2 FN=05 MN=42] corr=0.994  SB1 CRC OK [TMO] MCC=262 MNC=1010 CC=1 FN(air)=5 MF(air)=42 TN(air)=1 → TN=2 FN=05 MN=42
  BKN2  MAC-BROADCAST  sub=SYSINFO
  BKN2    Carrier=3719 Band=3 Duplex=0 HF=468 LocArea=1 DL=392.9875MHz
  AACH  [CapAlloc] f1=0 f2=0 raw=0x3000 (dist=0)

[#121] SB   [TN=3 FN=05 MN=42] corr=0.993  SB1 CRC OK [TMO] MCC=262 MNC=1010 CC=1 FN(air)=5 MF(air)=42 TN(air)=2 → TN=3 FN=05 MN=42
  BKN2  MAC-BROADCAST  sub=SYSINFO
  BKN2    Carrier=3719 Band=3 Duplex=0 HF=468 LocArea=1 DL=392.9875MHz
  AACH  [CapAlloc] f1=0 f2=0 raw=0x3000 (dist=0)

[#122] SB   [TN=4 FN=05 MN=42] corr=0.992  SB1 CRC OK [TMO] MCC=262 MNC=1010 CC=1 FN(air)=5 MF(air)=42 TN(air)=3 → TN=4 FN=05 MN=42
  BKN2  MAC-BROADCAST  sub=SYSINFO
  BKN2    Carrier=3719 Band=3 Duplex=0 HF=468 LocArea=1 DL=392.9875MHz
  AACH  [CapAlloc] f1=0 f2=0 raw=0x3000 (dist=0)

[#123] NDB2  [TN=1 FN=06 MN=42] corr=0.997  AACH  [DL/UL-Assign] DL=Common UL=Random CC=9 f1=9 f2=9 (dist=0)
  BKN1 SCH/HD  MAC-RESOURCE  addr=NULL LI=2 (2 octets)
  BKN2 SCH/HD  MAC-BROADCAST  sub=SYSINFO
  BKN2 SCH/HD    Carrier=3719 Band=3 Duplex=0 HF=468 LocArea=1 DL=392.9875MHz

[#124] SB   [TN=2 FN=06 MN=42] corr=0.995  SB1 CRC OK [TMO] MCC=262 MNC=1010 CC=1 FN(air)=6 MF(air)=42 TN(air)=1 → TN=2 FN=06 MN=42
  BKN2  MAC-BROADCAST  sub=SYSINFO
  BKN2    Carrier=3719 Band=3 Duplex=0 HF=468 LocArea=1 DL=392.9875MHz
  AACH  [CapAlloc] f1=0 f2=0 raw=0x3000 (dist=0)

[#125] SB   [TN=3 FN=06 MN=42] corr=0.993  SB1 CRC OK [TMO] MCC=262 MNC=1010 CC=1 FN(air)=6 MF(air)=42 TN(air)=2 → TN=3 FN=06 MN=42
  BKN2  MAC-BROADCAST  sub=SYSINFO
  BKN2    Carrier=3719 Band=3 Duplex=0 HF=468 LocArea=1 DL=392.9875MHz
  AACH  [CapAlloc] f1=0 f2=0 raw=0x3000 (dist=0)

[#126] SB   [TN=4 FN=06 MN=42] corr=0.992  SB1 CRC OK [TMO] MCC=262 MNC=1010 CC=1 FN(air)=6 MF(air)=42 TN(air)=3 → TN=4 FN=06 MN=42
  BKN2  MAC-BROADCAST  sub=SYSINFO
  BKN2    Carrier=3719 Band=3 Duplex=0 HF=468 LocArea=1 DL=392.9875MHz
  AACH  [CapAlloc] f1=0 f2=0 raw=0x3000 (dist=0)

[#127] NDB2  [TN=1 FN=07 MN=42] corr=0.997  AACH  [DL/UL-Assign] DL=Common UL=Random CC=9 f1=9 f2=9 (dist=0)
  BKN1 SCH/HD  MAC-RESOURCE  addr=NULL LI=2 (2 octets)
  BKN2 SCH/HD  MAC-BROADCAST  sub=SYSINFO
  BKN2 SCH/HD    Carrier=3719 Band=3 Duplex=0 HF=468 LocArea=1 DL=392.9875MHz

[#128] SB   [TN=2 FN=07 MN=42] corr=0.992  SB1 CRC OK [TMO] MCC=262 MNC=1010 CC=1 FN(air)=7 MF(air)=42 TN(air)=1 → TN=2 FN=07 MN=42
  BKN2  MAC-BROADCAST  sub=SYSINFO
  BKN2    Carrier=3719 Band=3 Duplex=0 HF=468 LocArea=1 DL=392.9875MHz
  AACH  [CapAlloc] f1=0 f2=0 raw=0x3000 (dist=0)

[#129] SB   [TN=3 FN=07 MN=42] corr=0.993  SB1 CRC OK [TMO] MCC=262 MNC=1010 CC=1 FN(air)=7 MF(air)=42 TN(air)=2 → TN=3 FN=07 MN=42
  BKN2  MAC-BROADCAST  sub=SYSINFO
  BKN2    Carrier=3719 Band=3 Duplex=0 HF=468 LocArea=1 DL=392.9875MHz
  AACH  [CapAlloc] f1=0 f2=0 raw=0x3000 (dist=0)

[#130] SB   [TN=4 FN=07 MN=42] corr=0.994  SB1 CRC OK [TMO] MCC=262 MNC=1010 CC=1 FN(air)=7 MF(air)=42 TN(air)=3 → TN=4 FN=07 MN=42
  BKN2  MAC-BROADCAST  sub=SYSINFO
  BKN2    Carrier=3719 Band=3 Duplex=0 HF=468 LocArea=1 DL=392.9875MHz
  AACH  [CapAlloc] f1=0 f2=0 raw=0x3000 (dist=0)

[#131] NDB2  [TN=1 FN=08 MN=42] corr=0.993  AACH  [DL/UL-Assign] DL=Common UL=Random CC=9 f1=9 f2=9 (dist=0)
  BKN1 SCH/HD  MAC-RESOURCE  addr=NULL LI=2 (2 octets)
  BKN2 SCH/HD  MAC-BROADCAST  sub=SYSINFO
  BKN2 SCH/HD    Carrier=3719 Band=3 Duplex=0 HF=468 LocArea=1 DL=392.9875MHz

[#132] SB   [TN=2 FN=08 MN=42] corr=0.992  SB1 CRC OK [TMO] MCC=262 MNC=1010 CC=1 FN(air)=8 MF(air)=42 TN(air)=1 → TN=2 FN=08 MN=42
  BKN2  MAC-BROADCAST  sub=SYSINFO
  BKN2    Carrier=3719 Band=3 Duplex=0 HF=468 LocArea=1 DL=392.9875MHz
  AACH  [CapAlloc] f1=0 f2=0 raw=0x3000 (dist=0)

[#133] SB   [TN=3 FN=08 MN=42] corr=0.993  SB1 CRC OK [TMO] MCC=262 MNC=1010 CC=1 FN(air)=8 MF(air)=42 TN(air)=2 → TN=3 FN=08 MN=42
  BKN2  MAC-BROADCAST  sub=SYSINFO
  BKN2    Carrier=3719 Band=3 Duplex=0 HF=468 LocArea=1 DL=392.9875MHz
  AACH  [CapAlloc] f1=0 f2=0 raw=0x3000 (dist=0)

[#134] SB   [TN=4 FN=08 MN=42] corr=0.994  SB1 CRC OK [TMO] MCC=262 MNC=1010 CC=1 FN(air)=8 MF(air)=42 TN(air)=3 → TN=4 FN=08 MN=42
  BKN2  MAC-BROADCAST  sub=SYSINFO
  BKN2    Carrier=3719 Band=3 Duplex=0 HF=468 LocArea=1 DL=392.9875MHz
  AACH  [CapAlloc] f1=0 f2=0 raw=0x3000 (dist=0)

[#135] NDB2  [TN=1 FN=09 MN=42] corr=0.993  AACH  [DL/UL-Assign] DL=Common UL=Random CC=9 f1=9 f2=9 (dist=0)
  BKN1 SCH/HD  MAC-RESOURCE  addr=NULL LI=2 (2 octets)
  BKN2 SCH/HD  MAC-BROADCAST  sub=SYSINFO
  BKN2 SCH/HD    Carrier=3719 Band=3 Duplex=0 HF=468 LocArea=1 DL=392.9875MHz

[#136] SB   [TN=2 FN=09 MN=42] corr=0.994  SB1 CRC OK [TMO] MCC=262 MNC=1010 CC=1 FN(air)=9 MF(air)=42 TN(air)=1 → TN=2 FN=09 MN=42
  BKN2  MAC-BROADCAST  sub=SYSINFO
  BKN2    Carrier=3719 Band=3 Duplex=0 HF=468 LocArea=1 DL=392.9875MHz
  AACH  [CapAlloc] f1=0 f2=0 raw=0x3000 (dist=0)

[#137] SB   [TN=3 FN=09 MN=42] corr=0.993  SB1 CRC OK [TMO] MCC=262 MNC=1010 CC=1 FN(air)=9 MF(air)=42 TN(air)=2 → TN=3 FN=09 MN=42
  BKN2  MAC-BROADCAST  sub=SYSINFO
  BKN2    Carrier=3719 Band=3 Duplex=0 HF=468 LocArea=1 DL=392.9875MHz
  AACH  [CapAlloc] f1=0 f2=0 raw=0x3000 (dist=0)

[#138] SB   [TN=4 FN=09 MN=42] corr=0.993  SB1 CRC OK [TMO] MCC=262 MNC=1010 CC=1 FN(air)=9 MF(air)=42 TN(air)=3 → TN=4 FN=09 MN=42
  BKN2  MAC-BROADCAST  sub=SYSINFO
  BKN2    Carrier=3719 Band=3 Duplex=0 HF=468 LocArea=1 DL=392.9875MHz
  AACH  [CapAlloc] f1=0 f2=0 raw=0x3000 (dist=0)

[#139] NDB2  [TN=1 FN=10 MN=42] corr=0.997  AACH  [DL/UL-Assign] DL=Common UL=Random CC=9 f1=9 f2=9 (dist=0)
  BKN1 SCH/HD  MAC-RESOURCE  addr=NULL LI=2 (2 octets)
  BKN2 SCH/HD  MAC-BROADCAST  sub=SYSINFO
  BKN2 SCH/HD    Carrier=3719 Band=3 Duplex=0 HF=468 LocArea=1 DL=392.9875MHz

[#140] SB   [TN=2 FN=10 MN=42] corr=0.995  SB1 CRC OK [TMO] MCC=262 MNC=1010 CC=1 FN(air)=10 MF(air)=42 TN(air)=1 → TN=2 FN=10 MN=42
  BKN2  MAC-BROADCAST  sub=SYSINFO
  BKN2    Carrier=3719 Band=3 Duplex=0 HF=468 LocArea=1 DL=392.9875MHz
  AACH  [CapAlloc] f1=0 f2=0 raw=0x3000 (dist=0)

[#141] SB   [TN=3 FN=10 MN=42] corr=0.993  SB1 CRC OK [TMO] MCC=262 MNC=1010 CC=1 FN(air)=10 MF(air)=42 TN(air)=2 → TN=3 FN=10 MN=42
  BKN2  MAC-BROADCAST  sub=SYSINFO
  BKN2    Carrier=3719 Band=3 Duplex=0 HF=468 LocArea=1 DL=392.9875MHz
  AACH  [CapAlloc] f1=0 f2=0 raw=0x3000 (dist=0)

[#142] SB   [TN=4 FN=10 MN=42] corr=0.991  SB1 CRC OK [TMO] MCC=262 MNC=1010 CC=1 FN(air)=10 MF(air)=42 TN(air)=3 → TN=4 FN=10 MN=42
  BKN2  MAC-BROADCAST  sub=SYSINFO
  BKN2    Carrier=3719 Band=3 Duplex=0 HF=468 LocArea=1 DL=392.9875MHz
  AACH  [CapAlloc] f1=0 f2=0 raw=0x3000 (dist=0)

[#143] NDB2  [TN=1 FN=11 MN=42] corr=0.997  AACH  [DL/UL-Assign] DL=Common UL=Random CC=9 f1=9 f2=9 (dist=0)
  BKN1 SCH/HD  MAC-RESOURCE  addr=NULL LI=2 (2 octets)
  BKN2 SCH/HD  MAC-BROADCAST  sub=SYSINFO
  BKN2 SCH/HD    Carrier=3719 Band=3 Duplex=0 HF=468 LocArea=1 DL=392.9875MHz

[#144] SB   [TN=2 FN=11 MN=42] corr=0.992  SB1 CRC OK [TMO] MCC=262 MNC=1010 CC=1 FN(air)=11 MF(air)=42 TN(air)=1 → TN=2 FN=11 MN=42
  BKN2  MAC-BROADCAST  sub=SYSINFO
  BKN2    Carrier=3719 Band=3 Duplex=0 HF=468 LocArea=1 DL=392.9875MHz
  AACH  [CapAlloc] f1=0 f2=0 raw=0x3000 (dist=0)

[#145] SB   [TN=3 FN=11 MN=42] corr=0.993  SB1 CRC OK [TMO] MCC=262 MNC=1010 CC=1 FN(air)=11 MF(air)=42 TN(air)=2 → TN=3 FN=11 MN=42
  BKN2  MAC-BROADCAST  sub=SYSINFO
  BKN2    Carrier=3719 Band=3 Duplex=0 HF=468 LocArea=1 DL=392.9875MHz
  AACH  [CapAlloc] f1=0 f2=0 raw=0x3000 (dist=0)

[#146] SB   [TN=4 FN=11 MN=42] corr=0.995  SB1 CRC OK [TMO] MCC=262 MNC=1010 CC=1 FN(air)=11 MF(air)=42 TN(air)=3 → TN=4 FN=11 MN=42
  BKN2  MAC-BROADCAST  sub=SYSINFO
  BKN2    Carrier=3719 Band=3 Duplex=0 HF=468 LocArea=1 DL=392.9875MHz
  AACH  [CapAlloc] f1=0 f2=0 raw=0x3000 (dist=0)

[#147] NDB2  [TN=1 FN=12 MN=42] corr=0.994  AACH  [DL/UL-Assign] DL=Common UL=Random CC=9 f1=9 f2=9 (dist=0)
  BKN1 SCH/HD  MAC-RESOURCE  addr=NULL LI=2 (2 octets)
  BKN2 SCH/HD  MAC-BROADCAST  sub=SYSINFO
  BKN2 SCH/HD    Carrier=3719 Band=3 Duplex=0 HF=468 LocArea=1 DL=392.9875MHz

[#148] SB   [TN=2 FN=12 MN=42] corr=0.992  SB1 CRC OK [TMO] MCC=262 MNC=1010 CC=1 FN(air)=12 MF(air)=42 TN(air)=1 → TN=2 FN=12 MN=42
  BKN2  MAC-BROADCAST  sub=SYSINFO
  BKN2    Carrier=3719 Band=3 Duplex=0 HF=468 LocArea=1 DL=392.9875MHz
  AACH  [CapAlloc] f1=0 f2=0 raw=0x3000 (dist=0)

[#149] SB   [TN=3 FN=12 MN=42] corr=0.993  SB1 CRC OK [TMO] MCC=262 MNC=1010 CC=1 FN(air)=12 MF(air)=42 TN(air)=2 → TN=3 FN=12 MN=42
  BKN2  MAC-BROADCAST  sub=SYSINFO
  BKN2    Carrier=3719 Band=3 Duplex=0 HF=468 LocArea=1 DL=392.9875MHz
  AACH  [CapAlloc] f1=0 f2=0 raw=0x3000 (dist=0)

[#150] SB   [TN=4 FN=12 MN=42] corr=0.994  SB1 CRC OK [TMO] MCC=262 MNC=1010 CC=1 FN(air)=12 MF(air)=42 TN(air)=3 → TN=4 FN=12 MN=42
  BKN2  MAC-BROADCAST  sub=SYSINFO
  BKN2    Carrier=3719 Band=3 Duplex=0 HF=468 LocArea=1 DL=392.9875MHz
  AACH  [CapAlloc] f1=0 f2=0 raw=0x3000 (dist=0)

[#151] NDB2  [TN=1 FN=13 MN=42] corr=0.994  AACH  [DL/UL-Assign] DL=Common UL=Random CC=9 f1=9 f2=9 (dist=0)
  BKN1 SCH/HD  MAC-RESOURCE  addr=NULL LI=2 (2 octets)
  BKN2 SCH/HD  MAC-BROADCAST  sub=SYSINFO
  BKN2 SCH/HD    Carrier=3719 Band=3 Duplex=0 HF=468 LocArea=1 DL=392.9875MHz

[#152] SB   [TN=2 FN=13 MN=42] corr=0.994  SB1 CRC OK [TMO] MCC=262 MNC=1010 CC=1 FN(air)=13 MF(air)=42 TN(air)=1 → TN=2 FN=13 MN=42
  BKN2  MAC-BROADCAST  sub=SYSINFO
  BKN2    Carrier=3719 Band=3 Duplex=0 HF=468 LocArea=1 DL=392.9875MHz
  AACH  [CapAlloc] f1=0 f2=0 raw=0x3000 (dist=0)

[#153] SB   [TN=3 FN=13 MN=42] corr=0.993  SB1 CRC OK [TMO] MCC=262 MNC=1010 CC=1 FN(air)=13 MF(air)=42 TN(air)=2 → TN=3 FN=13 MN=42
  BKN2  MAC-BROADCAST  sub=SYSINFO
  BKN2    Carrier=3719 Band=3 Duplex=0 HF=468 LocArea=1 DL=392.9875MHz
  AACH  [CapAlloc] f1=0 f2=0 raw=0x3000 (dist=0)

[#154] SB   [TN=4 FN=13 MN=42] corr=0.992  SB1 CRC OK [TMO] MCC=262 MNC=1010 CC=1 FN(air)=13 MF(air)=42 TN(air)=3 → TN=4 FN=13 MN=42
  BKN2  MAC-BROADCAST  sub=SYSINFO
  BKN2    Carrier=3719 Band=3 Duplex=0 HF=468 LocArea=1 DL=392.9875MHz
  AACH  [CapAlloc] f1=0 f2=0 raw=0x3000 (dist=0)

[#155] NDB2  [TN=1 FN=14 MN=42] corr=0.997  AACH  [DL/UL-Assign] DL=Common UL=Random CC=9 f1=9 f2=9 (dist=0)
  BKN1 SCH/HD  MAC-RESOURCE  addr=NULL LI=2 (2 octets)
  BKN2 SCH/HD  MAC-BROADCAST  sub=SYSINFO
  BKN2 SCH/HD    Carrier=3719 Band=3 Duplex=0 HF=468 LocArea=1 DL=392.9875MHz

[#156] SB   [TN=2 FN=14 MN=42] corr=0.995  SB1 CRC OK [TMO] MCC=262 MNC=1010 CC=1 FN(air)=14 MF(air)=42 TN(air)=1 → TN=2 FN=14 MN=42
  BKN2  MAC-BROADCAST  sub=SYSINFO
  BKN2    Carrier=3719 Band=3 Duplex=0 HF=468 LocArea=1 DL=392.9875MHz
  AACH  [CapAlloc] f1=0 f2=0 raw=0x3000 (dist=0)

[#157] SB   [TN=3 FN=14 MN=42] corr=0.993  SB1 CRC OK [TMO] MCC=262 MNC=1010 CC=1 FN(air)=14 MF(air)=42 TN(air)=2 → TN=3 FN=14 MN=42
  BKN2  MAC-BROADCAST  sub=SYSINFO
  BKN2    Carrier=3719 Band=3 Duplex=0 HF=468 LocArea=1 DL=392.9875MHz
  AACH  [CapAlloc] f1=0 f2=0 raw=0x3000 (dist=0)

[#158] SB   [TN=4 FN=14 MN=42] corr=0.992  SB1 CRC OK [TMO] MCC=262 MNC=1010 CC=1 FN(air)=14 MF(air)=42 TN(air)=3 → TN=4 FN=14 MN=42
  BKN2  MAC-BROADCAST  sub=SYSINFO
  BKN2    Carrier=3719 Band=3 Duplex=0 HF=468 LocArea=1 DL=392.9875MHz
  AACH  [CapAlloc] f1=0 f2=0 raw=0x3000 (dist=0)

[#159] NDB2  [TN=1 FN=15 MN=42] corr=0.997  AACH  [DL/UL-Assign] DL=Common UL=Random CC=9 f1=9 f2=9 (dist=0)
  BKN1 SCH/HD  MAC-RESOURCE  addr=NULL LI=2 (2 octets)
  BKN2 SCH/HD  MAC-BROADCAST  sub=SYSINFO
  BKN2 SCH/HD    Carrier=3719 Band=3 Duplex=0 HF=468 LocArea=1 DL=392.9875MHz

[#160] SB   [TN=2 FN=15 MN=42] corr=0.991  SB1 CRC OK [TMO] MCC=262 MNC=1010 CC=1 FN(air)=15 MF(air)=42 TN(air)=1 → TN=2 FN=15 MN=42
  BKN2  MAC-BROADCAST  sub=SYSINFO
  BKN2    Carrier=3719 Band=3 Duplex=0 HF=468 LocArea=1 DL=392.9875MHz
  AACH  [CapAlloc] f1=0 f2=0 raw=0x3000 (dist=0)

[#161] SB   [TN=3 FN=15 MN=42] corr=0.993  SB1 CRC OK [TMO] MCC=262 MNC=1010 CC=1 FN(air)=15 MF(air)=42 TN(air)=2 → TN=3 FN=15 MN=42
  BKN2  MAC-BROADCAST  sub=SYSINFO
  BKN2    Carrier=3719 Band=3 Duplex=0 HF=468 LocArea=1 DL=392.9875MHz
  AACH  [CapAlloc] f1=0 f2=0 raw=0x3000 (dist=0)

[#162] SB   [TN=4 FN=15 MN=42] corr=0.995  SB1 CRC OK [TMO] MCC=262 MNC=1010 CC=1 FN(air)=15 MF(air)=42 TN(air)=3 → TN=4 FN=15 MN=42
  BKN2  MAC-BROADCAST  sub=SYSINFO
  BKN2    Carrier=3719 Band=3 Duplex=0 HF=468 LocArea=1 DL=392.9875MHz
  AACH  [CapAlloc] f1=0 f2=0 raw=0x3000 (dist=0)

[#163] NDB2  [TN=1 FN=16 MN=42] corr=0.994  AACH  [DL/UL-Assign] DL=Common UL=Random CC=9 f1=9 f2=9 (dist=0)
  BKN1 SCH/HD  MAC-RESOURCE  addr=NULL LI=2 (2 octets)
  BKN2 SCH/HD  MAC-BROADCAST  sub=SYSINFO
  BKN2 SCH/HD    Carrier=3719 Band=3 Duplex=0 HF=468 LocArea=1 DL=392.9875MHz

[#164] SB   [TN=2 FN=16 MN=42] corr=0.992  SB1 CRC OK [TMO] MCC=262 MNC=1010 CC=1 FN(air)=16 MF(air)=42 TN(air)=1 → TN=2 FN=16 MN=42
  BKN2  MAC-BROADCAST  sub=SYSINFO
  BKN2    Carrier=3719 Band=3 Duplex=0 HF=468 LocArea=1 DL=392.9875MHz
  AACH  [CapAlloc] f1=0 f2=0 raw=0x3000 (dist=0)

[#165] SB   [TN=3 FN=16 MN=42] corr=0.993  SB1 CRC OK [TMO] MCC=262 MNC=1010 CC=1 FN(air)=16 MF(air)=42 TN(air)=2 → TN=3 FN=16 MN=42
  BKN2  MAC-BROADCAST  sub=SYSINFO
  BKN2    Carrier=3719 Band=3 Duplex=0 HF=468 LocArea=1 DL=392.9875MHz
  AACH  [CapAlloc] f1=0 f2=0 raw=0x3000 (dist=0)

[#166] SB   [TN=4 FN=16 MN=42] corr=0.994  SB1 CRC OK [TMO] MCC=262 MNC=1010 CC=1 FN(air)=16 MF(air)=42 TN(air)=3 → TN=4 FN=16 MN=42
  BKN2  MAC-BROADCAST  sub=SYSINFO
  BKN2    Carrier=3719 Band=3 Duplex=0 HF=468 LocArea=1 DL=392.9875MHz
  AACH  [CapAlloc] f1=0 f2=0 raw=0x3000 (dist=0)

[#167] NDB2  [TN=1 FN=17 MN=42] corr=0.993  AACH  [DL/UL-Assign] DL=Common UL=Random CC=9 f1=9 f2=9 (dist=0)
  BKN1 SCH/HD  MAC-RESOURCE  addr=NULL LI=2 (2 octets)
  BKN2 SCH/HD  MAC-BROADCAST  sub=SYSINFO
  BKN2 SCH/HD    Carrier=3719 Band=3 Duplex=0 HF=468 LocArea=1 DL=392.9875MHz

[#168] SB   [TN=2 FN=17 MN=42] corr=0.994  SB1 CRC OK [TMO] MCC=262 MNC=1010 CC=1 FN(air)=17 MF(air)=42 TN(air)=1 → TN=2 FN=17 MN=42
  BKN2  MAC-BROADCAST  sub=SYSINFO
  BKN2    Carrier=3719 Band=3 Duplex=0 HF=468 LocArea=1 DL=392.9875MHz
  AACH  [CapAlloc] f1=0 f2=0 raw=0x3000 (dist=0)

[#169] SB   [TN=3 FN=17 MN=42] corr=0.993  SB1 CRC OK [TMO] MCC=262 MNC=1010 CC=1 FN(air)=17 MF(air)=42 TN(air)=2 → TN=3 FN=17 MN=42
  BKN2  MAC-BROADCAST  sub=SYSINFO
  BKN2    Carrier=3719 Band=3 Duplex=0 HF=468 LocArea=1 DL=392.9875MHz
  AACH  [CapAlloc] f1=0 f2=0 raw=0x3000 (dist=0)

[#170] SB   [TN=4 FN=17 MN=42] corr=0.992  SB1 CRC OK [TMO] MCC=262 MNC=1010 CC=1 FN(air)=17 MF(air)=42 TN(air)=3 → TN=4 FN=17 MN=42
  BKN2  MAC-BROADCAST  sub=SYSINFO
  BKN2    Carrier=3719 Band=3 Duplex=0 HF=468 LocArea=1 DL=392.9875MHz
  AACH  [CapAlloc] f1=0 f2=0 raw=0x3000 (dist=0)

[#171] SB   [TN=1 FN=18 MN=42 BSCH] corr=0.991  SB1 CRC OK [TMO] MCC=262 MNC=1010 CC=1 FN(air)=18 MF(air)=42 TN(air)=0 → TN=1 FN=18 MN=42 BSCH
  BKN2  MAC-BROADCAST  sub=SYSINFO
  BKN2    Carrier=3719 Band=3 Duplex=0 HF=468 LocArea=1 DL=392.9875MHz
  AACH  [DL/UL-Assign] DL=Unalloc UL=Random CC=9 f1=1 f2=9 (dist=0)

[#172] SB   [TN=2 FN=18 MN=42] corr=0.991  SB1 CRC OK [TMO] MCC=262 MNC=1010 CC=1 FN(air)=18 MF(air)=42 TN(air)=1 → TN=2 FN=18 MN=42
  BKN2  MAC-BROADCAST  sub=SYSINFO
  BKN2    Carrier=3719 Band=3 Duplex=0 HF=468 LocArea=1 DL=392.9875MHz
  AACH  [DL/UL-Assign] DL=Unalloc UL=Random CC=0 f1=1 f2=0 (dist=0)

[#173] SB   [TN=3 FN=18 MN=42 BNCH] corr=0.991  SB1 CRC OK [TMO] MCC=262 MNC=1010 CC=1 FN(air)=18 MF(air)=42 TN(air)=2 → TN=3 FN=18 MN=42 BNCH
  BKN2  MAC-BROADCAST  sub=SYSINFO
  BKN2    Carrier=3719 Band=3 Duplex=0 HF=468 LocArea=1 DL=392.9875MHz
  AACH  [DL/UL-Assign] DL=Unalloc UL=Random CC=0 f1=1 f2=0 (dist=0)

[#174] SB   [TN=4 FN=18 MN=42] corr=0.992  SB1 CRC OK [TMO] MCC=262 MNC=1010 CC=1 FN(air)=18 MF(air)=42 TN(air)=3 → TN=4 FN=18 MN=42
  BKN2  MAC-BROADCAST  sub=SYSINFO
  BKN2    Carrier=3719 Band=3 Duplex=0 HF=468 LocArea=1 DL=392.9875MHz
  AACH  [DL/UL-Assign] DL=Unalloc UL=Random CC=0 f1=1 f2=0 (dist=0)

[#175] NDB2  [TN=1 FN=01 MN=43] corr=0.997  AACH  [DL/UL-Assign] DL=Common UL=Random CC=9 f1=9 f2=9 (dist=0)
  BKN1 SCH/HD  MAC-RESOURCE  addr=NULL LI=2 (2 octets)
  BKN2 SCH/HD  MAC-BROADCAST  sub=SYSINFO
  BKN2 SCH/HD    Carrier=3719 Band=3 Duplex=0 HF=468 LocArea=1 DL=392.9875MHz

[#176] SB   [TN=2 FN=01 MN=43] corr=0.992  SB1 CRC OK [TMO] MCC=262 MNC=1010 CC=1 FN(air)=1 MF(air)=43 TN(air)=1 → TN=2 FN=01 MN=43
  BKN2  MAC-BROADCAST  sub=SYSINFO
  BKN2    Carrier=3719 Band=3 Duplex=0 HF=468 LocArea=1 DL=392.9875MHz
  AACH  [CapAlloc] f1=0 f2=0 raw=0x3000 (dist=0)

[#177] SB   [TN=3 FN=01 MN=43] corr=0.993  SB1 CRC OK [TMO] MCC=262 MNC=1010 CC=1 FN(air)=1 MF(air)=43 TN(air)=2 → TN=3 FN=01 MN=43
  BKN2  MAC-BROADCAST  sub=SYSINFO
  BKN2    Carrier=3719 Band=3 Duplex=0 HF=468 LocArea=1 DL=392.9875MHz
  AACH  [CapAlloc] f1=0 f2=0 raw=0x3000 (dist=0)

[#178] SB   [TN=4 FN=01 MN=43] corr=0.991  SB1 CRC OK [TMO] MCC=262 MNC=1010 CC=1 FN(air)=1 MF(air)=43 TN(air)=3 → TN=4 FN=01 MN=43
  BKN2  MAC-BROADCAST  sub=SYSINFO
  BKN2    Carrier=3719 Band=3 Duplex=0 HF=468 LocArea=1 DL=392.9875MHz
  AACH  [CapAlloc] f1=0 f2=0 raw=0x3000 (dist=0)

[#179] NDB2  [TN=1 FN=02 MN=43] corr=0.994  AACH  [DL/UL-Assign] DL=Common UL=Random CC=9 f1=9 f2=9 (dist=0)
  BKN1 SCH/HD  MAC-RESOURCE  addr=NULL LI=2 (2 octets)
  BKN2 SCH/HD  MAC-BROADCAST  sub=SYSINFO
  BKN2 SCH/HD    Carrier=3719 Band=3 Duplex=0 HF=468 LocArea=1 DL=392.9875MHz

[#180] SB   [TN=2 FN=02 MN=43] corr=0.994  SB1 CRC OK [TMO] MCC=262 MNC=1010 CC=1 FN(air)=2 MF(air)=43 TN(air)=1 → TN=2 FN=02 MN=43
  BKN2  MAC-BROADCAST  sub=SYSINFO
  BKN2    Carrier=3719 Band=3 Duplex=0 HF=468 LocArea=1 DL=392.9875MHz
  AACH  [CapAlloc] f1=0 f2=0 raw=0x3000 (dist=0)

[#181] SB   [TN=3 FN=02 MN=43] corr=0.995  SB1 CRC OK [TMO] MCC=262 MNC=1010 CC=1 FN(air)=2 MF(air)=43 TN(air)=2 → TN=3 FN=02 MN=43
  BKN2  MAC-BROADCAST  sub=SYSINFO
  BKN2    Carrier=3719 Band=3 Duplex=0 HF=468 LocArea=1 DL=392.9875MHz
  AACH  [CapAlloc] f1=0 f2=0 raw=0x3000 (dist=0)

[#182] SB   [TN=4 FN=02 MN=43] corr=0.994  SB1 CRC OK [TMO] MCC=262 MNC=1010 CC=1 FN(air)=2 MF(air)=43 TN(air)=3 → TN=4 FN=02 MN=43
  BKN2  MAC-BROADCAST  sub=SYSINFO
  BKN2    Carrier=3719 Band=3 Duplex=0 HF=468 LocArea=1 DL=392.9875MHz
  AACH  [CapAlloc] f1=0 f2=0 raw=0x3000 (dist=0)

[#183] NDB2  [TN=1 FN=03 MN=43] corr=0.994  AACH  [DL/UL-Assign] DL=Common UL=Random CC=9 f1=9 f2=9 (dist=0)
  BKN1 SCH/HD  MAC-RESOURCE  addr=NULL LI=2 (2 octets)
  BKN2 SCH/HD  MAC-BROADCAST  sub=SYSINFO
  BKN2 SCH/HD    Carrier=3719 Band=3 Duplex=0 HF=468 LocArea=1 DL=392.9875MHz

[#184] SB   [TN=2 FN=03 MN=43] corr=0.994  SB1 CRC OK [TMO] MCC=262 MNC=1010 CC=1 FN(air)=3 MF(air)=43 TN(air)=1 → TN=2 FN=03 MN=43
  BKN2  MAC-BROADCAST  sub=SYSINFO
  BKN2    Carrier=3719 Band=3 Duplex=0 HF=468 LocArea=1 DL=392.9875MHz
  AACH  [CapAlloc] f1=0 f2=0 raw=0x3000 (dist=0)

[#185] SB   [TN=3 FN=03 MN=43] corr=0.994  SB1 CRC OK [TMO] MCC=262 MNC=1010 CC=1 FN(air)=3 MF(air)=43 TN(air)=2 → TN=3 FN=03 MN=43
  BKN2  MAC-BROADCAST  sub=SYSINFO
  BKN2    Carrier=3719 Band=3 Duplex=0 HF=468 LocArea=1 DL=392.9875MHz
  AACH  [CapAlloc] f1=0 f2=0 raw=0x3000 (dist=0)

[#186] SB   [TN=4 FN=03 MN=43] corr=0.994  SB1 CRC OK [TMO] MCC=262 MNC=1010 CC=1 FN(air)=3 MF(air)=43 TN(air)=3 → TN=4 FN=03 MN=43
  BKN2  MAC-BROADCAST  sub=SYSINFO
  BKN2    Carrier=3719 Band=3 Duplex=0 HF=468 LocArea=1 DL=392.9875MHz
  AACH  [CapAlloc] f1=0 f2=0 raw=0x3000 (dist=0)

[#187] NDB2  [TN=1 FN=04 MN=43] corr=0.996  AACH  [DL/UL-Assign] DL=Common UL=Random CC=9 f1=9 f2=9 (dist=0)
  BKN1 SCH/HD  MAC-RESOURCE  addr=NULL LI=2 (2 octets)
  BKN2 SCH/HD  MAC-BROADCAST  sub=SYSINFO
  BKN2 SCH/HD    Carrier=3719 Band=3 Duplex=0 HF=468 LocArea=1 DL=392.9875MHz

[#188] SB   [TN=2 FN=04 MN=43] corr=0.992  SB1 CRC OK [TMO] MCC=262 MNC=1010 CC=1 FN(air)=4 MF(air)=43 TN(air)=1 → TN=2 FN=04 MN=43
  BKN2  MAC-BROADCAST  sub=SYSINFO
  BKN2    Carrier=3719 Band=3 Duplex=0 HF=468 LocArea=1 DL=392.9875MHz
  AACH  [CapAlloc] f1=0 f2=0 raw=0x3000 (dist=0)

[#189] SB   [TN=3 FN=04 MN=43] corr=0.992  SB1 CRC OK [TMO] MCC=262 MNC=1010 CC=1 FN(air)=4 MF(air)=43 TN(air)=2 → TN=3 FN=04 MN=43
  BKN2  MAC-BROADCAST  sub=SYSINFO
  BKN2    Carrier=3719 Band=3 Duplex=0 HF=468 LocArea=1 DL=392.9875MHz
  AACH  [CapAlloc] f1=0 f2=0 raw=0x3000 (dist=0)

[#190] SB   [TN=4 FN=04 MN=43] corr=0.992  SB1 CRC OK [TMO] MCC=262 MNC=1010 CC=1 FN(air)=4 MF(air)=43 TN(air)=3 → TN=4 FN=04 MN=43
  BKN2  MAC-BROADCAST  sub=SYSINFO
  BKN2    Carrier=3719 Band=3 Duplex=0 HF=468 LocArea=1 DL=392.9875MHz
  AACH  [CapAlloc] f1=0 f2=0 raw=0x3000 (dist=0)

[#191] NDB2  [TN=1 FN=05 MN=43] corr=0.997  AACH  [DL/UL-Assign] DL=Common UL=Random CC=9 f1=9 f2=9 (dist=0)
  BKN1 SCH/HD  MAC-RESOURCE  addr=NULL LI=2 (2 octets)
  BKN2 SCH/HD  MAC-BROADCAST  sub=SYSINFO
  BKN2 SCH/HD    Carrier=3719 Band=3 Duplex=0 HF=468 LocArea=1 DL=392.9875MHz

[#192] SB   [TN=2 FN=05 MN=43] corr=0.992  SB1 CRC OK [TMO] MCC=262 MNC=1010 CC=1 FN(air)=5 MF(air)=43 TN(air)=1 → TN=2 FN=05 MN=43
  BKN2  MAC-BROADCAST  sub=SYSINFO
  BKN2    Carrier=3719 Band=3 Duplex=0 HF=468 LocArea=1 DL=392.9875MHz
  AACH  [CapAlloc] f1=0 f2=0 raw=0x3000 (dist=0)

[#193] SB   [TN=3 FN=05 MN=43] corr=0.993  SB1 CRC OK [TMO] MCC=262 MNC=1010 CC=1 FN(air)=5 MF(air)=43 TN(air)=2 → TN=3 FN=05 MN=43
  BKN2  MAC-BROADCAST  sub=SYSINFO
  BKN2    Carrier=3719 Band=3 Duplex=0 HF=468 LocArea=1 DL=392.9875MHz
  AACH  [CapAlloc] f1=0 f2=0 raw=0x3000 (dist=0)

[#194] SB   [TN=4 FN=05 MN=43] corr=0.992  SB1 CRC OK [TMO] MCC=262 MNC=1010 CC=1 FN(air)=5 MF(air)=43 TN(air)=3 → TN=4 FN=05 MN=43
  BKN2  MAC-BROADCAST  sub=SYSINFO
  BKN2    Carrier=3719 Band=3 Duplex=0 HF=468 LocArea=1 DL=392.9875MHz
  AACH  [CapAlloc] f1=0 f2=0 raw=0x3000 (dist=0)

[#195] NDB2  [TN=1 FN=06 MN=43] corr=0.995  AACH  [DL/UL-Assign] DL=Common UL=Random CC=9 f1=9 f2=9 (dist=0)
  BKN1 SCH/HD  MAC-RESOURCE  addr=NULL LI=2 (2 octets)
  BKN2 SCH/HD  MAC-BROADCAST  sub=SYSINFO
  BKN2 SCH/HD    Carrier=3719 Band=3 Duplex=0 HF=468 LocArea=1 DL=392.9875MHz

[#196] SB   [TN=2 FN=06 MN=43] corr=0.994  SB1 CRC OK [TMO] MCC=262 MNC=1010 CC=1 FN(air)=6 MF(air)=43 TN(air)=1 → TN=2 FN=06 MN=43
  BKN2  MAC-BROADCAST  sub=SYSINFO
  BKN2    Carrier=3719 Band=3 Duplex=0 HF=468 LocArea=1 DL=392.9875MHz
  AACH  [CapAlloc] f1=0 f2=0 raw=0x3000 (dist=0)

[#197] SB   [TN=3 FN=06 MN=43] corr=0.995  SB1 CRC OK [TMO] MCC=262 MNC=1010 CC=1 FN(air)=6 MF(air)=43 TN(air)=2 → TN=3 FN=06 MN=43
  BKN2  MAC-BROADCAST  sub=SYSINFO
  BKN2    Carrier=3719 Band=3 Duplex=0 HF=468 LocArea=1 DL=392.9875MHz
  AACH  [CapAlloc] f1=0 f2=0 raw=0x3000 (dist=0)

[#198] SB   [TN=4 FN=06 MN=43] corr=0.994  SB1 CRC OK [TMO] MCC=262 MNC=1010 CC=1 FN(air)=6 MF(air)=43 TN(air)=3 → TN=4 FN=06 MN=43
  BKN2  MAC-BROADCAST  sub=SYSINFO
  BKN2    Carrier=3719 Band=3 Duplex=0 HF=468 LocArea=1 DL=392.9875MHz
  AACH  [CapAlloc] f1=0 f2=0 raw=0x3000 (dist=0)

[#199] NDB2  [TN=1 FN=07 MN=43] corr=0.994  AACH  [DL/UL-Assign] DL=Common UL=Random CC=9 f1=9 f2=9 (dist=0)
  BKN1 SCH/HD  MAC-RESOURCE  addr=NULL LI=2 (2 octets)
  BKN2 SCH/HD  MAC-BROADCAST  sub=SYSINFO
  BKN2 SCH/HD    Carrier=3719 Band=3 Duplex=0 HF=468 LocArea=1 DL=392.9875MHz
  [progress] MER=0.0%  BER(EMA)=0.0000

[#200] SB   [TN=2 FN=07 MN=43] corr=0.994  SB1 CRC OK [TMO] MCC=262 MNC=1010 CC=1 FN(air)=7 MF(air)=43 TN(air)=1 → TN=2 FN=07 MN=43
  BKN2  MAC-BROADCAST  sub=SYSINFO
  BKN2    Carrier=3719 Band=3 Duplex=0 HF=468 LocArea=1 DL=392.9875MHz
  AACH  [CapAlloc] f1=0 f2=0 raw=0x3000 (dist=0)

[#201] SB   [TN=3 FN=07 MN=43] corr=0.993  SB1 CRC OK [TMO] MCC=262 MNC=1010 CC=1 FN(air)=7 MF(air)=43 TN(air)=2 → TN=3 FN=07 MN=43
  BKN2  MAC-BROADCAST  sub=SYSINFO
  BKN2    Carrier=3719 Band=3 Duplex=0 HF=468 LocArea=1 DL=392.9875MHz
  AACH  [CapAlloc] f1=0 f2=0 raw=0x3000 (dist=0)

[#202] SB   [TN=4 FN=07 MN=43] corr=0.994  SB1 CRC OK [TMO] MCC=262 MNC=1010 CC=1 FN(air)=7 MF(air)=43 TN(air)=3 → TN=4 FN=07 MN=43
  BKN2  MAC-BROADCAST  sub=SYSINFO
  BKN2    Carrier=3719 Band=3 Duplex=0 HF=468 LocArea=1 DL=392.9875MHz
  AACH  [CapAlloc] f1=0 f2=0 raw=0x3000 (dist=0)

[#203] NDB2  [TN=1 FN=08 MN=43] corr=0.995  AACH  [DL/UL-Assign] DL=Common UL=Random CC=9 f1=9 f2=9 (dist=0)
  BKN1 SCH/HD  MAC-RESOURCE  addr=NULL LI=2 (2 octets)
  BKN2 SCH/HD  MAC-BROADCAST  sub=SYSINFO
  BKN2 SCH/HD    Carrier=3719 Band=3 Duplex=0 HF=468 LocArea=1 DL=392.9875MHz

[#204] SB   [TN=2 FN=08 MN=43] corr=0.992  SB1 CRC OK [TMO] MCC=262 MNC=1010 CC=1 FN(air)=8 MF(air)=43 TN(air)=1 → TN=2 FN=08 MN=43
  BKN2  MAC-BROADCAST  sub=SYSINFO
  BKN2    Carrier=3719 Band=3 Duplex=0 HF=468 LocArea=1 DL=392.9875MHz
  AACH  [CapAlloc] f1=0 f2=0 raw=0x3000 (dist=0)

[#205] SB   [TN=3 FN=08 MN=43] corr=0.991  SB1 CRC OK [TMO] MCC=262 MNC=1010 CC=1 FN(air)=8 MF(air)=43 TN(air)=2 → TN=3 FN=08 MN=43
  BKN2  MAC-BROADCAST  sub=SYSINFO
  BKN2    Carrier=3719 Band=3 Duplex=0 HF=468 LocArea=1 DL=392.9875MHz
  AACH  [CapAlloc] f1=0 f2=0 raw=0x3000 (dist=0)

[#206] SB   [TN=4 FN=08 MN=43] corr=0.991  SB1 CRC OK [TMO] MCC=262 MNC=1010 CC=1 FN(air)=8 MF(air)=43 TN(air)=3 → TN=4 FN=08 MN=43
  BKN2  MAC-BROADCAST  sub=SYSINFO
  BKN2    Carrier=3719 Band=3 Duplex=0 HF=468 LocArea=1 DL=392.9875MHz
  AACH  [CapAlloc] f1=0 f2=0 raw=0x3000 (dist=0)

[#207] NDB2  [TN=1 FN=09 MN=43] corr=0.997  AACH  [DL/UL-Assign] DL=Common UL=Random CC=9 f1=9 f2=9 (dist=0)
  BKN1 SCH/HD  MAC-RESOURCE  addr=NULL LI=2 (2 octets)
  BKN2 SCH/HD  MAC-BROADCAST  sub=SYSINFO
  BKN2 SCH/HD    Carrier=3719 Band=3 Duplex=0 HF=468 LocArea=1 DL=392.9875MHz

[#208] SB   [TN=2 FN=09 MN=43] corr=0.991  SB1 CRC OK [TMO] MCC=262 MNC=1010 CC=1 FN(air)=9 MF(air)=43 TN(air)=1 → TN=2 FN=09 MN=43
  BKN2  MAC-BROADCAST  sub=SYSINFO
  BKN2    Carrier=3719 Band=3 Duplex=0 HF=468 LocArea=1 DL=392.9875MHz
  AACH  [CapAlloc] f1=0 f2=0 raw=0x3000 (dist=0)

[#209] SB   [TN=3 FN=09 MN=43] corr=0.993  SB1 CRC OK [TMO] MCC=262 MNC=1010 CC=1 FN(air)=9 MF(air)=43 TN(air)=2 → TN=3 FN=09 MN=43
  BKN2  MAC-BROADCAST  sub=SYSINFO
  BKN2    Carrier=3719 Band=3 Duplex=0 HF=468 LocArea=1 DL=392.9875MHz
  AACH  [CapAlloc] f1=0 f2=0 raw=0x3000 (dist=0)

[#210] SB   [TN=4 FN=09 MN=43] corr=0.992  SB1 CRC OK [TMO] MCC=262 MNC=1010 CC=1 FN(air)=9 MF(air)=43 TN(air)=3 → TN=4 FN=09 MN=43
  BKN2  MAC-BROADCAST  sub=SYSINFO
  BKN2    Carrier=3719 Band=3 Duplex=0 HF=468 LocArea=1 DL=392.9875MHz
  AACH  [CapAlloc] f1=0 f2=0 raw=0x3000 (dist=0)

[#211] NDB2  [TN=1 FN=10 MN=43] corr=0.995  AACH  [DL/UL-Assign] DL=Common UL=Random CC=9 f1=9 f2=9 (dist=0)
  BKN1 SCH/HD  MAC-RESOURCE  addr=NULL LI=2 (2 octets)
  BKN2 SCH/HD  MAC-BROADCAST  sub=SYSINFO
  BKN2 SCH/HD    Carrier=3719 Band=3 Duplex=0 HF=468 LocArea=1 DL=392.9875MHz

[#212] SB   [TN=2 FN=10 MN=43] corr=0.994  SB1 CRC OK [TMO] MCC=262 MNC=1010 CC=1 FN(air)=10 MF(air)=43 TN(air)=1 → TN=2 FN=10 MN=43
  BKN2  MAC-BROADCAST  sub=SYSINFO
  BKN2    Carrier=3719 Band=3 Duplex=0 HF=468 LocArea=1 DL=392.9875MHz
  AACH  [CapAlloc] f1=0 f2=0 raw=0x3000 (dist=0)

[#213] SB   [TN=3 FN=10 MN=43] corr=0.995  SB1 CRC OK [TMO] MCC=262 MNC=1010 CC=1 FN(air)=10 MF(air)=43 TN(air)=2 → TN=3 FN=10 MN=43
  BKN2  MAC-BROADCAST  sub=SYSINFO
  BKN2    Carrier=3719 Band=3 Duplex=0 HF=468 LocArea=1 DL=392.9875MHz
  AACH  [CapAlloc] f1=0 f2=0 raw=0x3000 (dist=0)

[#214] SB   [TN=4 FN=10 MN=43] corr=0.994  SB1 CRC OK [TMO] MCC=262 MNC=1010 CC=1 FN(air)=10 MF(air)=43 TN(air)=3 → TN=4 FN=10 MN=43
  BKN2  MAC-BROADCAST  sub=SYSINFO
  BKN2    Carrier=3719 Band=3 Duplex=0 HF=468 LocArea=1 DL=392.9875MHz
  AACH  [CapAlloc] f1=0 f2=0 raw=0x3000 (dist=0)

[#215] NDB2  [TN=1 FN=11 MN=43] corr=0.993  AACH  [DL/UL-Assign] DL=Common UL=Random CC=9 f1=9 f2=9 (dist=0)
  BKN1 SCH/HD  MAC-RESOURCE  addr=NULL LI=2 (2 octets)
  BKN2 SCH/HD  MAC-BROADCAST  sub=SYSINFO
  BKN2 SCH/HD    Carrier=3719 Band=3 Duplex=0 HF=468 LocArea=1 DL=392.9875MHz

[#216] SB   [TN=2 FN=11 MN=43] corr=0.994  SB1 CRC OK [TMO] MCC=262 MNC=1010 CC=1 FN(air)=11 MF(air)=43 TN(air)=1 → TN=2 FN=11 MN=43
  BKN2  MAC-BROADCAST  sub=SYSINFO
  BKN2    Carrier=3719 Band=3 Duplex=0 HF=468 LocArea=1 DL=392.9875MHz
  AACH  [CapAlloc] f1=0 f2=0 raw=0x3000 (dist=0)

[#217] SB   [TN=3 FN=11 MN=43] corr=0.993  SB1 CRC OK [TMO] MCC=262 MNC=1010 CC=1 FN(air)=11 MF(air)=43 TN(air)=2 → TN=3 FN=11 MN=43
  BKN2  MAC-BROADCAST  sub=SYSINFO
  BKN2    Carrier=3719 Band=3 Duplex=0 HF=468 LocArea=1 DL=392.9875MHz
  AACH  [CapAlloc] f1=0 f2=0 raw=0x3000 (dist=0)

[#218] SB   [TN=4 FN=11 MN=43] corr=0.994  SB1 CRC OK [TMO] MCC=262 MNC=1010 CC=1 FN(air)=11 MF(air)=43 TN(air)=3 → TN=4 FN=11 MN=43
  BKN2  MAC-BROADCAST  sub=SYSINFO
  BKN2    Carrier=3719 Band=3 Duplex=0 HF=468 LocArea=1 DL=392.9875MHz
  AACH  [CapAlloc] f1=0 f2=0 raw=0x3000 (dist=0)

[#219] NDB2  [TN=1 FN=12 MN=43] corr=0.996  AACH  [DL/UL-Assign] DL=Common UL=Random CC=9 f1=9 f2=9 (dist=0)
  BKN1 SCH/HD  MAC-RESOURCE  addr=NULL LI=2 (2 octets)
  BKN2 SCH/HD  MAC-BROADCAST  sub=SYSINFO
  BKN2 SCH/HD    Carrier=3719 Band=3 Duplex=0 HF=468 LocArea=1 DL=392.9875MHz

[#220] SB   [TN=2 FN=12 MN=43] corr=0.991  SB1 CRC OK [TMO] MCC=262 MNC=1010 CC=1 FN(air)=12 MF(air)=43 TN(air)=1 → TN=2 FN=12 MN=43
  BKN2  MAC-BROADCAST  sub=SYSINFO
  BKN2    Carrier=3719 Band=3 Duplex=0 HF=468 LocArea=1 DL=392.9875MHz
  AACH  [CapAlloc] f1=0 f2=0 raw=0x3000 (dist=0)

[#221] SB   [TN=3 FN=12 MN=43] corr=0.991  SB1 CRC OK [TMO] MCC=262 MNC=1010 CC=1 FN(air)=12 MF(air)=43 TN(air)=2 → TN=3 FN=12 MN=43
  BKN2  MAC-BROADCAST  sub=SYSINFO
  BKN2    Carrier=3719 Band=3 Duplex=0 HF=468 LocArea=1 DL=392.9875MHz
  AACH  [CapAlloc] f1=0 f2=0 raw=0x3000 (dist=0)

[#222] SB   [TN=4 FN=12 MN=43] corr=0.992  SB1 CRC OK [TMO] MCC=262 MNC=1010 CC=1 FN(air)=12 MF(air)=43 TN(air)=3 → TN=4 FN=12 MN=43
  BKN2  MAC-BROADCAST  sub=SYSINFO
  BKN2    Carrier=3719 Band=3 Duplex=0 HF=468 LocArea=1 DL=392.9875MHz
  AACH  [CapAlloc] f1=0 f2=0 raw=0x3000 (dist=0)

[#223] NDB2  [TN=1 FN=13 MN=43] corr=0.997  AACH  [DL/UL-Assign] DL=Common UL=Random CC=9 f1=9 f2=9 (dist=0)
  BKN1 SCH/HD  MAC-RESOURCE  addr=NULL LI=2 (2 octets)
  BKN2 SCH/HD  MAC-BROADCAST  sub=SYSINFO
  BKN2 SCH/HD    Carrier=3719 Band=3 Duplex=0 HF=468 LocArea=1 DL=392.9875MHz

[#224] SB   [TN=2 FN=13 MN=43] corr=0.992  SB1 CRC OK [TMO] MCC=262 MNC=1010 CC=1 FN(air)=13 MF(air)=43 TN(air)=1 → TN=2 FN=13 MN=43
  BKN2  MAC-BROADCAST  sub=SYSINFO
  BKN2    Carrier=3719 Band=3 Duplex=0 HF=468 LocArea=1 DL=392.9875MHz
  AACH  [CapAlloc] f1=0 f2=0 raw=0x3000 (dist=0)

[#225] SB   [TN=3 FN=13 MN=43] corr=0.993  SB1 CRC OK [TMO] MCC=262 MNC=1010 CC=1 FN(air)=13 MF(air)=43 TN(air)=2 → TN=3 FN=13 MN=43
  BKN2  MAC-BROADCAST  sub=SYSINFO
  BKN2    Carrier=3719 Band=3 Duplex=0 HF=468 LocArea=1 DL=392.9875MHz
  AACH  [CapAlloc] f1=0 f2=0 raw=0x3000 (dist=0)

[#226] SB   [TN=4 FN=13 MN=43] corr=0.992  SB1 CRC OK [TMO] MCC=262 MNC=1010 CC=1 FN(air)=13 MF(air)=43 TN(air)=3 → TN=4 FN=13 MN=43
  BKN2  MAC-BROADCAST  sub=SYSINFO
  BKN2    Carrier=3719 Band=3 Duplex=0 HF=468 LocArea=1 DL=392.9875MHz
  AACH  [CapAlloc] f1=0 f2=0 raw=0x3000 (dist=0)

[#227] NDB2  [TN=1 FN=14 MN=43] corr=0.995  AACH  [DL/UL-Assign] DL=Common UL=Random CC=9 f1=9 f2=9 (dist=0)
  BKN1 SCH/HD  MAC-RESOURCE  addr=NULL LI=2 (2 octets)
  BKN2 SCH/HD  MAC-BROADCAST  sub=SYSINFO
  BKN2 SCH/HD    Carrier=3719 Band=3 Duplex=0 HF=468 LocArea=1 DL=392.9875MHz

[#228] SB   [TN=2 FN=14 MN=43] corr=0.994  SB1 CRC OK [TMO] MCC=262 MNC=1010 CC=1 FN(air)=14 MF(air)=43 TN(air)=1 → TN=2 FN=14 MN=43
  BKN2  MAC-BROADCAST  sub=SYSINFO
  BKN2    Carrier=3719 Band=3 Duplex=0 HF=468 LocArea=1 DL=392.9875MHz
  AACH  [CapAlloc] f1=0 f2=0 raw=0x3000 (dist=0)

[#229] SB   [TN=3 FN=14 MN=43] corr=0.995  SB1 CRC OK [TMO] MCC=262 MNC=1010 CC=1 FN(air)=14 MF(air)=43 TN(air)=2 → TN=3 FN=14 MN=43
  BKN2  MAC-BROADCAST  sub=SYSINFO
  BKN2    Carrier=3719 Band=3 Duplex=0 HF=468 LocArea=1 DL=392.9875MHz
  AACH  [CapAlloc] f1=0 f2=0 raw=0x3000 (dist=0)

[#230] SB   [TN=4 FN=14 MN=43] corr=0.994  SB1 CRC OK [TMO] MCC=262 MNC=1010 CC=1 FN(air)=14 MF(air)=43 TN(air)=3 → TN=4 FN=14 MN=43
  BKN2  MAC-BROADCAST  sub=SYSINFO
  BKN2    Carrier=3719 Band=3 Duplex=0 HF=468 LocArea=1 DL=392.9875MHz
  AACH  [CapAlloc] f1=0 f2=0 raw=0x3000 (dist=0)

[#231] NDB2  [TN=1 FN=15 MN=43] corr=0.994  AACH  [DL/UL-Assign] DL=Common UL=Random CC=9 f1=9 f2=9 (dist=0)
  BKN1 SCH/HD  MAC-RESOURCE  addr=NULL LI=2 (2 octets)
  BKN2 SCH/HD  MAC-BROADCAST  sub=SYSINFO
  BKN2 SCH/HD    Carrier=3719 Band=3 Duplex=0 HF=468 LocArea=1 DL=392.9875MHz

[#232] SB   [TN=2 FN=15 MN=43] corr=0.994  SB1 CRC OK [TMO] MCC=262 MNC=1010 CC=1 FN(air)=15 MF(air)=43 TN(air)=1 → TN=2 FN=15 MN=43
  BKN2  MAC-BROADCAST  sub=SYSINFO
  BKN2    Carrier=3719 Band=3 Duplex=0 HF=468 LocArea=1 DL=392.9875MHz
  AACH  [CapAlloc] f1=0 f2=0 raw=0x3000 (dist=0)

[#233] SB   [TN=3 FN=15 MN=43] corr=0.994  SB1 CRC OK [TMO] MCC=262 MNC=1010 CC=1 FN(air)=15 MF(air)=43 TN(air)=2 → TN=3 FN=15 MN=43
  BKN2  MAC-BROADCAST  sub=SYSINFO
  BKN2    Carrier=3719 Band=3 Duplex=0 HF=468 LocArea=1 DL=392.9875MHz
  AACH  [CapAlloc] f1=0 f2=0 raw=0x3000 (dist=0)

[#234] SB   [TN=4 FN=15 MN=43] corr=0.994  SB1 CRC OK [TMO] MCC=262 MNC=1010 CC=1 FN(air)=15 MF(air)=43 TN(air)=3 → TN=4 FN=15 MN=43
  BKN2  MAC-BROADCAST  sub=SYSINFO
  BKN2    Carrier=3719 Band=3 Duplex=0 HF=468 LocArea=1 DL=392.9875MHz
  AACH  [CapAlloc] f1=0 f2=0 raw=0x3000 (dist=0)

[#235] NDB2  [TN=1 FN=16 MN=43] corr=0.996  AACH  [DL/UL-Assign] DL=Common UL=Random CC=9 f1=9 f2=9 (dist=0)
  BKN1 SCH/HD  MAC-RESOURCE  addr=NULL LI=2 (2 octets)
  BKN2 SCH/HD  MAC-BROADCAST  sub=SYSINFO
  BKN2 SCH/HD    Carrier=3719 Band=3 Duplex=0 HF=468 LocArea=1 DL=392.9875MHz

[#236] SB   [TN=2 FN=16 MN=43] corr=0.992  SB1 CRC OK [TMO] MCC=262 MNC=1010 CC=1 FN(air)=16 MF(air)=43 TN(air)=1 → TN=2 FN=16 MN=43
  BKN2  MAC-BROADCAST  sub=SYSINFO
  BKN2    Carrier=3719 Band=3 Duplex=0 HF=468 LocArea=1 DL=392.9875MHz
  AACH  [CapAlloc] f1=0 f2=0 raw=0x3000 (dist=0)

[#237] SB   [TN=3 FN=16 MN=43] corr=0.992  SB1 CRC OK [TMO] MCC=262 MNC=1010 CC=1 FN(air)=16 MF(air)=43 TN(air)=2 → TN=3 FN=16 MN=43
  BKN2  MAC-BROADCAST  sub=SYSINFO
  BKN2    Carrier=3719 Band=3 Duplex=0 HF=468 LocArea=1 DL=392.9875MHz
  AACH  [CapAlloc] f1=0 f2=0 raw=0x3000 (dist=0)

[#238] SB   [TN=4 FN=16 MN=43] corr=0.991  SB1 CRC OK [TMO] MCC=262 MNC=1010 CC=1 FN(air)=16 MF(air)=43 TN(air)=3 → TN=4 FN=16 MN=43
  BKN2  MAC-BROADCAST  sub=SYSINFO
  BKN2    Carrier=3719 Band=3 Duplex=0 HF=468 LocArea=1 DL=392.9875MHz
  AACH  [CapAlloc] f1=0 f2=0 raw=0x3000 (dist=0)

[#239] NDB2  [TN=1 FN=17 MN=43] corr=0.997  AACH  [DL/UL-Assign] DL=Common UL=Random CC=9 f1=9 f2=9 (dist=0)
  BKN1 SCH/HD  MAC-RESOURCE  addr=NULL LI=2 (2 octets)
  BKN2 SCH/HD  MAC-BROADCAST  sub=SYSINFO
  BKN2 SCH/HD    Carrier=3719 Band=3 Duplex=0 HF=468 LocArea=1 DL=392.9875MHz

[#240] SB   [TN=2 FN=17 MN=43] corr=0.992  SB1 CRC OK [TMO] MCC=262 MNC=1010 CC=1 FN(air)=17 MF(air)=43 TN(air)=1 → TN=2 FN=17 MN=43
  BKN2  MAC-BROADCAST  sub=SYSINFO
  BKN2    Carrier=3719 Band=3 Duplex=0 HF=468 LocArea=1 DL=392.9875MHz
  AACH  [CapAlloc] f1=0 f2=0 raw=0x3000 (dist=0)

[#241] SB   [TN=3 FN=17 MN=43] corr=0.993  SB1 CRC OK [TMO] MCC=262 MNC=1010 CC=1 FN(air)=17 MF(air)=43 TN(air)=2 → TN=3 FN=17 MN=43
  BKN2  MAC-BROADCAST  sub=SYSINFO
  BKN2    Carrier=3719 Band=3 Duplex=0 HF=468 LocArea=1 DL=392.9875MHz
  AACH  [CapAlloc] f1=0 f2=0 raw=0x3000 (dist=0)

[#242] SB   [TN=4 FN=17 MN=43] corr=0.992  SB1 CRC OK [TMO] MCC=262 MNC=1010 CC=1 FN(air)=17 MF(air)=43 TN(air)=3 → TN=4 FN=17 MN=43
  BKN2  MAC-BROADCAST  sub=SYSINFO
  BKN2    Carrier=3719 Band=3 Duplex=0 HF=468 LocArea=1 DL=392.9875MHz
  AACH  [CapAlloc] f1=0 f2=0 raw=0x3000 (dist=0)

[#243] NDB2  [TN=1 FN=18 MN=43] corr=0.995  AACH  [DL/UL-Assign] DL=Common UL=Random CC=9 f1=9 f2=9 (dist=0)
  BKN1 SCH/HD  MAC-RESOURCE  addr=NULL LI=2 (2 octets)
  BKN2 BNCH  {'Mode': 'DMO', 'Sync_PDU_type': 8, 'SystemCode': 8, 'ColourCode': 58, 'TimeSlot': 0, 'Frame': 14, 'AirInterfaceEnc': 1, 'MNI': 14709379, 'SourceAddress': 468}

[#244] SB   [TN=2 FN=18 MN=43 BNCH] corr=0.994  SB1 CRC OK [TMO] MCC=262 MNC=1010 CC=1 FN(air)=18 MF(air)=43 TN(air)=1 → TN=2 FN=18 MN=43 BNCH
  BKN2  MAC-BROADCAST  sub=SYSINFO
  BKN2    Carrier=3719 Band=3 Duplex=0 HF=468 LocArea=1 DL=392.9875MHz
  AACH  [DL/UL-Assign] DL=Unalloc UL=Random CC=0 f1=1 f2=0 (dist=0)

[#245] SB   [TN=3 FN=18 MN=43] corr=0.995  SB1 CRC OK [TMO] MCC=262 MNC=1010 CC=1 FN(air)=18 MF(air)=43 TN(air)=2 → TN=3 FN=18 MN=43
  BKN2  MAC-BROADCAST  sub=SYSINFO
  BKN2    Carrier=3719 Band=3 Duplex=0 HF=468 LocArea=1 DL=392.9875MHz
  AACH  [DL/UL-Assign] DL=Unalloc UL=Random CC=0 f1=1 f2=0 (dist=0)

[#246] SB   [TN=4 FN=18 MN=43 BSCH] corr=0.994  SB1 CRC OK [TMO] MCC=262 MNC=1010 CC=1 FN(air)=18 MF(air)=43 TN(air)=3 → TN=4 FN=18 MN=43 BSCH
  BKN2  MAC-BROADCAST  sub=SYSINFO
  BKN2    Carrier=3719 Band=3 Duplex=0 HF=468 LocArea=1 DL=392.9875MHz
  AACH  [DL/UL-Assign] DL=Unalloc UL=Random CC=0 f1=1 f2=0 (dist=0)

[#247] NDB2  [TN=1 FN=01 MN=44] corr=0.994  AACH  [DL/UL-Assign] DL=Common UL=Random CC=9 f1=9 f2=9 (dist=0)
  BKN1 SCH/HD  MAC-RESOURCE  addr=NULL LI=2 (2 octets)
  BKN2 SCH/HD  MAC-BROADCAST  sub=SYSINFO
  BKN2 SCH/HD    Carrier=3719 Band=3 Duplex=0 HF=468 LocArea=1 DL=392.9875MHz

[#248] SB   [TN=2 FN=01 MN=44] corr=0.994  SB1 CRC OK [TMO] MCC=262 MNC=1010 CC=1 FN(air)=1 MF(air)=44 TN(air)=1 → TN=2 FN=01 MN=44
  BKN2  MAC-BROADCAST  sub=SYSINFO
  BKN2    Carrier=3719 Band=3 Duplex=0 HF=468 LocArea=1 DL=392.9875MHz
  AACH  [CapAlloc] f1=0 f2=0 raw=0x3000 (dist=0)

[#249] SB   [TN=3 FN=01 MN=44] corr=0.995  SB1 CRC OK [TMO] MCC=262 MNC=1010 CC=1 FN(air)=1 MF(air)=44 TN(air)=2 → TN=3 FN=01 MN=44
  BKN2  MAC-BROADCAST  sub=SYSINFO
  BKN2    Carrier=3719 Band=3 Duplex=0 HF=468 LocArea=1 DL=392.9875MHz
  AACH  [CapAlloc] f1=0 f2=0 raw=0x3000 (dist=0)

[#250] SB   [TN=4 FN=01 MN=44] corr=0.995  SB1 CRC OK [TMO] MCC=262 MNC=1010 CC=1 FN(air)=1 MF(air)=44 TN(air)=3 → TN=4 FN=01 MN=44
  BKN2  MAC-BROADCAST  sub=SYSINFO
  BKN2    Carrier=3719 Band=3 Duplex=0 HF=468 LocArea=1 DL=392.9875MHz
  AACH  [CapAlloc] f1=0 f2=0 raw=0x3000 (dist=0)

[#251] NDB2  [TN=1 FN=02 MN=44] corr=0.993  AACH  [DL/UL-Assign] DL=Common UL=Random CC=9 f1=9 f2=9 (dist=0)
  BKN1 SCH/HD  MAC-RESOURCE  addr=NULL LI=2 (2 octets)
  BKN2 SCH/HD  MAC-BROADCAST  sub=SYSINFO
  BKN2 SCH/HD    Carrier=3719 Band=3 Duplex=0 HF=468 LocArea=1 DL=392.9875MHz

[#252] SB   [TN=2 FN=02 MN=44] corr=0.992  SB1 CRC OK [TMO] MCC=262 MNC=1010 CC=1 FN(air)=2 MF(air)=44 TN(air)=1 → TN=2 FN=02 MN=44
  BKN2  MAC-BROADCAST  sub=SYSINFO
  BKN2    Carrier=3719 Band=3 Duplex=0 HF=468 LocArea=1 DL=392.9875MHz
  AACH  [CapAlloc] f1=0 f2=0 raw=0x3000 (dist=0)

[#253] SB   [TN=3 FN=02 MN=44] corr=0.990  SB1 CRC OK [TMO] MCC=262 MNC=1010 CC=1 FN(air)=2 MF(air)=44 TN(air)=2 → TN=3 FN=02 MN=44
  BKN2  MAC-BROADCAST  sub=SYSINFO
  BKN2    Carrier=3719 Band=3 Duplex=0 HF=468 LocArea=1 DL=392.9875MHz
  AACH  [CapAlloc] f1=0 f2=0 raw=0x3000 (dist=0)

[#254] SB   [TN=4 FN=02 MN=44] corr=0.991  SB1 CRC OK [TMO] MCC=262 MNC=1010 CC=1 FN(air)=2 MF(air)=44 TN(air)=3 → TN=4 FN=02 MN=44
  BKN2  MAC-BROADCAST  sub=SYSINFO
  BKN2    Carrier=3719 Band=3 Duplex=0 HF=468 LocArea=1 DL=392.9875MHz
  AACH  [CapAlloc] f1=0 f2=0 raw=0x3000 (dist=0)

[#255] NDB2  [TN=1 FN=03 MN=44] corr=0.997  AACH  [DL/UL-Assign] DL=Common UL=Random CC=9 f1=9 f2=9 (dist=0)
  BKN1 SCH/HD  MAC-RESOURCE  addr=NULL LI=2 (2 octets)
  BKN2 SCH/HD  MAC-BROADCAST  sub=SYSINFO
  BKN2 SCH/HD    Carrier=3719 Band=3 Duplex=0 HF=468 LocArea=1 DL=392.9875MHz

[#256] SB   [TN=2 FN=03 MN=44] corr=0.991  SB1 CRC OK [TMO] MCC=262 MNC=1010 CC=1 FN(air)=3 MF(air)=44 TN(air)=1 → TN=2 FN=03 MN=44
  BKN2  MAC-BROADCAST  sub=SYSINFO
  BKN2    Carrier=3719 Band=3 Duplex=0 HF=468 LocArea=1 DL=392.9875MHz
  AACH  [CapAlloc] f1=0 f2=0 raw=0x3000 (dist=0)

[#257] SB   [TN=3 FN=03 MN=44] corr=0.991  SB1 CRC OK [TMO] MCC=262 MNC=1010 CC=1 FN(air)=3 MF(air)=44 TN(air)=2 → TN=3 FN=03 MN=44
  BKN2  MAC-BROADCAST  sub=SYSINFO
  BKN2    Carrier=3719 Band=3 Duplex=0 HF=468 LocArea=1 DL=392.9875MHz
  AACH  [CapAlloc] f1=0 f2=0 raw=0x3000 (dist=0)

[#258] SB   [TN=4 FN=03 MN=44] corr=0.992  SB1 CRC OK [TMO] MCC=262 MNC=1010 CC=1 FN(air)=3 MF(air)=44 TN(air)=3 → TN=4 FN=03 MN=44
  BKN2  MAC-BROADCAST  sub=SYSINFO
  BKN2    Carrier=3719 Band=3 Duplex=0 HF=468 LocArea=1 DL=392.9875MHz
  AACH  [CapAlloc] f1=0 f2=0 raw=0x3000 (dist=0)

[#259] NDB2  [TN=1 FN=04 MN=44] corr=0.997  AACH  [DL/UL-Assign] DL=Common UL=Random CC=9 f1=9 f2=9 (dist=0)
  BKN1 SCH/HD  MAC-RESOURCE  addr=NULL LI=2 (2 octets)
  BKN2 SCH/HD  MAC-BROADCAST  sub=SYSINFO
  BKN2 SCH/HD    Carrier=3719 Band=3 Duplex=0 HF=468 LocArea=1 DL=392.9875MHz

[#260] SB   [TN=2 FN=04 MN=44] corr=0.995  SB1 CRC OK [TMO] MCC=262 MNC=1010 CC=1 FN(air)=4 MF(air)=44 TN(air)=1 → TN=2 FN=04 MN=44
  BKN2  MAC-BROADCAST  sub=SYSINFO
  BKN2    Carrier=3719 Band=3 Duplex=0 HF=468 LocArea=1 DL=392.9875MHz
  AACH  [CapAlloc] f1=0 f2=0 raw=0x3000 (dist=0)

[#261] SB   [TN=3 FN=04 MN=44] corr=0.995  SB1 CRC OK [TMO] MCC=262 MNC=1010 CC=1 FN(air)=4 MF(air)=44 TN(air)=2 → TN=3 FN=04 MN=44
  BKN2  MAC-BROADCAST  sub=SYSINFO
  BKN2    Carrier=3719 Band=3 Duplex=0 HF=468 LocArea=1 DL=392.9875MHz
  AACH  [CapAlloc] f1=0 f2=0 raw=0x3000 (dist=0)

[#262] SB   [TN=4 FN=04 MN=44] corr=0.994  SB1 CRC OK [TMO] MCC=262 MNC=1010 CC=1 FN(air)=4 MF(air)=44 TN(air)=3 → TN=4 FN=04 MN=44
  BKN2  MAC-BROADCAST  sub=SYSINFO
  BKN2    Carrier=3719 Band=3 Duplex=0 HF=468 LocArea=1 DL=392.9875MHz
  AACH  [CapAlloc] f1=0 f2=0 raw=0x3000 (dist=0)

[#263] NDB2  [TN=1 FN=05 MN=44] corr=0.993  AACH  [DL/UL-Assign] DL=Common UL=Random CC=9 f1=9 f2=9 (dist=0)
  BKN1 SCH/HD  MAC-RESOURCE  addr=NULL LI=2 (2 octets)
  BKN2 SCH/HD  MAC-BROADCAST  sub=SYSINFO
  BKN2 SCH/HD    Carrier=3719 Band=3 Duplex=0 HF=468 LocArea=1 DL=392.9875MHz

[#264] SB   [TN=2 FN=05 MN=44] corr=0.994  SB1 CRC OK [TMO] MCC=262 MNC=1010 CC=1 FN(air)=5 MF(air)=44 TN(air)=1 → TN=2 FN=05 MN=44
  BKN2  MAC-BROADCAST  sub=SYSINFO
  BKN2    Carrier=3719 Band=3 Duplex=0 HF=468 LocArea=1 DL=392.9875MHz
  AACH  [CapAlloc] f1=0 f2=0 raw=0x3000 (dist=0)

[#265] SB   [TN=3 FN=05 MN=44] corr=0.995  SB1 CRC OK [TMO] MCC=262 MNC=1010 CC=1 FN(air)=5 MF(air)=44 TN(air)=2 → TN=3 FN=05 MN=44
  BKN2  MAC-BROADCAST  sub=SYSINFO
  BKN2    Carrier=3719 Band=3 Duplex=0 HF=468 LocArea=1 DL=392.9875MHz
  AACH  [CapAlloc] f1=0 f2=0 raw=0x3000 (dist=0)

[#266] SB   [TN=4 FN=05 MN=44] corr=0.994  SB1 CRC OK [TMO] MCC=262 MNC=1010 CC=1 FN(air)=5 MF(air)=44 TN(air)=3 → TN=4 FN=05 MN=44
  BKN2  MAC-BROADCAST  sub=SYSINFO
  BKN2    Carrier=3719 Band=3 Duplex=0 HF=468 LocArea=1 DL=392.9875MHz
  AACH  [CapAlloc] f1=0 f2=0 raw=0x3000 (dist=0)

[#267] NDB2  [TN=1 FN=06 MN=44] corr=0.994  AACH  [DL/UL-Assign] DL=Common UL=Random CC=9 f1=9 f2=9 (dist=0)
  BKN1 SCH/HD  MAC-RESOURCE  addr=NULL LI=2 (2 octets)
  BKN2 SCH/HD  MAC-BROADCAST  sub=SYSINFO
  BKN2 SCH/HD    Carrier=3719 Band=3 Duplex=0 HF=468 LocArea=1 DL=392.9875MHz

[#268] SB   [TN=2 FN=06 MN=44] corr=0.992  SB1 CRC OK [TMO] MCC=262 MNC=1010 CC=1 FN(air)=6 MF(air)=44 TN(air)=1 → TN=2 FN=06 MN=44
  BKN2  MAC-BROADCAST  sub=SYSINFO
  BKN2    Carrier=3719 Band=3 Duplex=0 HF=468 LocArea=1 DL=392.9875MHz
  AACH  [CapAlloc] f1=0 f2=0 raw=0x3000 (dist=0)

[#269] SB   [TN=3 FN=06 MN=44] corr=0.992  SB1 CRC OK [TMO] MCC=262 MNC=1010 CC=1 FN(air)=6 MF(air)=44 TN(air)=2 → TN=3 FN=06 MN=44
  BKN2  MAC-BROADCAST  sub=SYSINFO
  BKN2    Carrier=3719 Band=3 Duplex=0 HF=468 LocArea=1 DL=392.9875MHz
  AACH  [CapAlloc] f1=0 f2=0 raw=0x3000 (dist=0)

[#270] SB   [TN=4 FN=06 MN=44] corr=0.992  SB1 CRC OK [TMO] MCC=262 MNC=1010 CC=1 FN(air)=6 MF(air)=44 TN(air)=3 → TN=4 FN=06 MN=44
  BKN2  MAC-BROADCAST  sub=SYSINFO
  BKN2    Carrier=3719 Band=3 Duplex=0 HF=468 LocArea=1 DL=392.9875MHz
  AACH  [CapAlloc] f1=0 f2=0 raw=0x3000 (dist=0)

[#271] NDB2  [TN=1 FN=07 MN=44] corr=0.997  AACH  [DL/UL-Assign] DL=Common UL=Random CC=9 f1=9 f2=9 (dist=0)
  BKN1 SCH/HD  MAC-RESOURCE  addr=NULL LI=2 (2 octets)
  BKN2 SCH/HD  MAC-BROADCAST  sub=SYSINFO
  BKN2 SCH/HD    Carrier=3719 Band=3 Duplex=0 HF=468 LocArea=1 DL=392.9875MHz

[#272] SB   [TN=2 FN=07 MN=44] corr=0.991  SB1 CRC OK [TMO] MCC=262 MNC=1010 CC=1 FN(air)=7 MF(air)=44 TN(air)=1 → TN=2 FN=07 MN=44
  BKN2  MAC-BROADCAST  sub=SYSINFO
  BKN2    Carrier=3719 Band=3 Duplex=0 HF=468 LocArea=1 DL=392.9875MHz
  AACH  [CapAlloc] f1=0 f2=0 raw=0x3000 (dist=0)

[#273] SB   [TN=3 FN=07 MN=44] corr=0.991  SB1 CRC OK [TMO] MCC=262 MNC=1010 CC=1 FN(air)=7 MF(air)=44 TN(air)=2 → TN=3 FN=07 MN=44
  BKN2  MAC-BROADCAST  sub=SYSINFO
  BKN2    Carrier=3719 Band=3 Duplex=0 HF=468 LocArea=1 DL=392.9875MHz
  AACH  [CapAlloc] f1=0 f2=0 raw=0x3000 (dist=0)

[#274] SB   [TN=4 FN=07 MN=44] corr=0.992  SB1 CRC OK [TMO] MCC=262 MNC=1010 CC=1 FN(air)=7 MF(air)=44 TN(air)=3 → TN=4 FN=07 MN=44
  BKN2  MAC-BROADCAST  sub=SYSINFO
  BKN2    Carrier=3719 Band=3 Duplex=0 HF=468 LocArea=1 DL=392.9875MHz
  AACH  [CapAlloc] f1=0 f2=0 raw=0x3000 (dist=0)

[#275] NDB2  [TN=1 FN=08 MN=44] corr=0.997  AACH  [DL/UL-Assign] DL=Common UL=Random CC=9 f1=9 f2=9 (dist=0)
  BKN1 SCH/HD  MAC-RESOURCE  addr=NULL LI=2 (2 octets)
  BKN2 SCH/HD  MAC-BROADCAST  sub=SYSINFO
  BKN2 SCH/HD    Carrier=3719 Band=3 Duplex=0 HF=468 LocArea=1 DL=392.9875MHz

[#276] SB   [TN=2 FN=08 MN=44] corr=0.994  SB1 CRC OK [TMO] MCC=262 MNC=1010 CC=1 FN(air)=8 MF(air)=44 TN(air)=1 → TN=2 FN=08 MN=44
  BKN2  MAC-BROADCAST  sub=SYSINFO
  BKN2    Carrier=3719 Band=3 Duplex=0 HF=468 LocArea=1 DL=392.9875MHz
  AACH  [CapAlloc] f1=0 f2=0 raw=0x3000 (dist=0)

[#277] SB   [TN=3 FN=08 MN=44] corr=0.994  SB1 CRC OK [TMO] MCC=262 MNC=1010 CC=1 FN(air)=8 MF(air)=44 TN(air)=2 → TN=3 FN=08 MN=44
  BKN2  MAC-BROADCAST  sub=SYSINFO
  BKN2    Carrier=3719 Band=3 Duplex=0 HF=468 LocArea=1 DL=392.9875MHz
  AACH  [CapAlloc] f1=0 f2=0 raw=0x3000 (dist=0)

[#278] SB   [TN=4 FN=08 MN=44] corr=0.994  SB1 CRC OK [TMO] MCC=262 MNC=1010 CC=1 FN(air)=8 MF(air)=44 TN(air)=3 → TN=4 FN=08 MN=44
  BKN2  MAC-BROADCAST  sub=SYSINFO
  BKN2    Carrier=3719 Band=3 Duplex=0 HF=468 LocArea=1 DL=392.9875MHz
  AACH  [CapAlloc] f1=0 f2=0 raw=0x3000 (dist=0)

[#279] NDB2  [TN=1 FN=09 MN=44] corr=0.994  AACH  [DL/UL-Assign] DL=Common UL=Random CC=9 f1=9 f2=9 (dist=0)
  BKN1 SCH/HD  MAC-RESOURCE  addr=NULL LI=2 (2 octets)
  BKN2 SCH/HD  MAC-BROADCAST  sub=SYSINFO
  BKN2 SCH/HD    Carrier=3719 Band=3 Duplex=0 HF=468 LocArea=1 DL=392.9875MHz

[#280] SB   [TN=2 FN=09 MN=44] corr=0.994  SB1 CRC OK [TMO] MCC=262 MNC=1010 CC=1 FN(air)=9 MF(air)=44 TN(air)=1 → TN=2 FN=09 MN=44
  BKN2  MAC-BROADCAST  sub=SYSINFO
  BKN2    Carrier=3719 Band=3 Duplex=0 HF=468 LocArea=1 DL=392.9875MHz
  AACH  [CapAlloc] f1=0 f2=0 raw=0x3000 (dist=0)

[#281] SB   [TN=3 FN=09 MN=44] corr=0.995  SB1 CRC OK [TMO] MCC=262 MNC=1010 CC=1 FN(air)=9 MF(air)=44 TN(air)=2 → TN=3 FN=09 MN=44
  BKN2  MAC-BROADCAST  sub=SYSINFO
  BKN2    Carrier=3719 Band=3 Duplex=0 HF=468 LocArea=1 DL=392.9875MHz
  AACH  [CapAlloc] f1=0 f2=0 raw=0x3000 (dist=0)

[#282] SB   [TN=4 FN=09 MN=44] corr=0.994  SB1 CRC OK [TMO] MCC=262 MNC=1010 CC=1 FN(air)=9 MF(air)=44 TN(air)=3 → TN=4 FN=09 MN=44
  BKN2  MAC-BROADCAST  sub=SYSINFO
  BKN2    Carrier=3719 Band=3 Duplex=0 HF=468 LocArea=1 DL=392.9875MHz
  AACH  [CapAlloc] f1=0 f2=0 raw=0x3000 (dist=0)

[#283] NDB2  [TN=1 FN=10 MN=44] corr=0.994  AACH  [DL/UL-Assign] DL=Common UL=Random CC=9 f1=9 f2=9 (dist=0)
  BKN1 SCH/HD  MAC-RESOURCE  addr=NULL LI=2 (2 octets)
  BKN2 SCH/HD  MAC-BROADCAST  sub=SYSINFO
  BKN2 SCH/HD    Carrier=3719 Band=3 Duplex=0 HF=468 LocArea=1 DL=392.9875MHz

[#284] SB   [TN=2 FN=10 MN=44] corr=0.992  SB1 CRC OK [TMO] MCC=262 MNC=1010 CC=1 FN(air)=10 MF(air)=44 TN(air)=1 → TN=2 FN=10 MN=44
  BKN2  MAC-BROADCAST  sub=SYSINFO
  BKN2    Carrier=3719 Band=3 Duplex=0 HF=468 LocArea=1 DL=392.9875MHz
  AACH  [CapAlloc] f1=0 f2=0 raw=0x3000 (dist=0)

[#285] SB   [TN=3 FN=10 MN=44] corr=0.991  SB1 CRC OK [TMO] MCC=262 MNC=1010 CC=1 FN(air)=10 MF(air)=44 TN(air)=2 → TN=3 FN=10 MN=44
  BKN2  MAC-BROADCAST  sub=SYSINFO
  BKN2    Carrier=3719 Band=3 Duplex=0 HF=468 LocArea=1 DL=392.9875MHz
  AACH  [CapAlloc] f1=0 f2=0 raw=0x3000 (dist=0)

[#286] SB   [TN=4 FN=10 MN=44] corr=0.992  SB1 CRC OK [TMO] MCC=262 MNC=1010 CC=1 FN(air)=10 MF(air)=44 TN(air)=3 → TN=4 FN=10 MN=44
  BKN2  MAC-BROADCAST  sub=SYSINFO
  BKN2    Carrier=3719 Band=3 Duplex=0 HF=468 LocArea=1 DL=392.9875MHz
  AACH  [CapAlloc] f1=0 f2=0 raw=0x3000 (dist=0)

[#287] NDB2  [TN=1 FN=11 MN=44] corr=0.997  AACH  [DL/UL-Assign] DL=Common UL=Random CC=9 f1=9 f2=9 (dist=0)
  BKN1 SCH/HD  MAC-RESOURCE  addr=NULL LI=2 (2 octets)
  BKN2 SCH/HD  MAC-BROADCAST  sub=SYSINFO
  BKN2 SCH/HD    Carrier=3719 Band=3 Duplex=0 HF=468 LocArea=1 DL=392.9875MHz

[#288] SB   [TN=2 FN=11 MN=44] corr=0.992  SB1 CRC OK [TMO] MCC=262 MNC=1010 CC=1 FN(air)=11 MF(air)=44 TN(air)=1 → TN=2 FN=11 MN=44
  BKN2  MAC-BROADCAST  sub=SYSINFO
  BKN2    Carrier=3719 Band=3 Duplex=0 HF=468 LocArea=1 DL=392.9875MHz
  AACH  [CapAlloc] f1=0 f2=0 raw=0x3000 (dist=0)

[#289] SB   [TN=3 FN=11 MN=44] corr=0.991  SB1 CRC OK [TMO] MCC=262 MNC=1010 CC=1 FN(air)=11 MF(air)=44 TN(air)=2 → TN=3 FN=11 MN=44
  BKN2  MAC-BROADCAST  sub=SYSINFO
  BKN2    Carrier=3719 Band=3 Duplex=0 HF=468 LocArea=1 DL=392.9875MHz
  AACH  [CapAlloc] f1=0 f2=0 raw=0x3000 (dist=0)

[#290] SB   [TN=4 FN=11 MN=44] corr=0.993  SB1 CRC OK [TMO] MCC=262 MNC=1010 CC=1 FN(air)=11 MF(air)=44 TN(air)=3 → TN=4 FN=11 MN=44
  BKN2  MAC-BROADCAST  sub=SYSINFO
  BKN2    Carrier=3719 Band=3 Duplex=0 HF=468 LocArea=1 DL=392.9875MHz
  AACH  [CapAlloc] f1=0 f2=0 raw=0x3000 (dist=0)

[#291] NDB2  [TN=1 FN=12 MN=44] corr=0.997  AACH  [DL/UL-Assign] DL=Common UL=Random CC=9 f1=9 f2=9 (dist=0)
  BKN1 SCH/HD  MAC-RESOURCE  addr=NULL LI=2 (2 octets)
  BKN2 SCH/HD  MAC-BROADCAST  sub=SYSINFO
  BKN2 SCH/HD    Carrier=3719 Band=3 Duplex=0 HF=468 LocArea=1 DL=392.9875MHz

[#292] SB   [TN=2 FN=12 MN=44] corr=0.994  SB1 CRC OK [TMO] MCC=262 MNC=1010 CC=1 FN(air)=12 MF(air)=44 TN(air)=1 → TN=2 FN=12 MN=44
  BKN2  MAC-BROADCAST  sub=SYSINFO
  BKN2    Carrier=3719 Band=3 Duplex=0 HF=468 LocArea=1 DL=392.9875MHz
  AACH  [CapAlloc] f1=0 f2=0 raw=0x3000 (dist=0)

[#293] SB   [TN=3 FN=12 MN=44] corr=0.995  SB1 CRC OK [TMO] MCC=262 MNC=1010 CC=1 FN(air)=12 MF(air)=44 TN(air)=2 → TN=3 FN=12 MN=44
  BKN2  MAC-BROADCAST  sub=SYSINFO
  BKN2    Carrier=3719 Band=3 Duplex=0 HF=468 LocArea=1 DL=392.9875MHz
  AACH  [CapAlloc] f1=0 f2=0 raw=0x3000 (dist=0)

[#294] SB   [TN=4 FN=12 MN=44] corr=0.994  SB1 CRC OK [TMO] MCC=262 MNC=1010 CC=1 FN(air)=12 MF(air)=44 TN(air)=3 → TN=4 FN=12 MN=44
  BKN2  MAC-BROADCAST  sub=SYSINFO
  BKN2    Carrier=3719 Band=3 Duplex=0 HF=468 LocArea=1 DL=392.9875MHz
  AACH  [CapAlloc] f1=0 f2=0 raw=0x3000 (dist=0)

[#295] NDB2  [TN=1 FN=13 MN=44] corr=0.994  AACH  [DL/UL-Assign] DL=Common UL=Random CC=9 f1=9 f2=9 (dist=0)
  BKN1 SCH/HD  MAC-RESOURCE  addr=NULL LI=2 (2 octets)
  BKN2 SCH/HD  MAC-BROADCAST  sub=SYSINFO
  BKN2 SCH/HD    Carrier=3719 Band=3 Duplex=0 HF=468 LocArea=1 DL=392.9875MHz

[#296] SB   [TN=2 FN=13 MN=44] corr=0.994  SB1 CRC OK [TMO] MCC=262 MNC=1010 CC=1 FN(air)=13 MF(air)=44 TN(air)=1 → TN=2 FN=13 MN=44
  BKN2  MAC-BROADCAST  sub=SYSINFO
  BKN2    Carrier=3719 Band=3 Duplex=0 HF=468 LocArea=1 DL=392.9875MHz
  AACH  [CapAlloc] f1=0 f2=0 raw=0x3000 (dist=0)

[#297] SB   [TN=3 FN=13 MN=44] corr=0.995  SB1 CRC OK [TMO] MCC=262 MNC=1010 CC=1 FN(air)=13 MF(air)=44 TN(air)=2 → TN=3 FN=13 MN=44
  BKN2  MAC-BROADCAST  sub=SYSINFO
  BKN2    Carrier=3719 Band=3 Duplex=0 HF=468 LocArea=1 DL=392.9875MHz
  AACH  [CapAlloc] f1=0 f2=0 raw=0x3000 (dist=0)

[#298] SB   [TN=4 FN=13 MN=44] corr=0.995  SB1 CRC OK [TMO] MCC=262 MNC=1010 CC=1 FN(air)=13 MF(air)=44 TN(air)=3 → TN=4 FN=13 MN=44
  BKN2  MAC-BROADCAST  sub=SYSINFO
  BKN2    Carrier=3719 Band=3 Duplex=0 HF=468 LocArea=1 DL=392.9875MHz
  AACH  [CapAlloc] f1=0 f2=0 raw=0x3000 (dist=0)

[#299] NDB2  [TN=1 FN=14 MN=44] corr=0.993  AACH  [DL/UL-Assign] DL=Common UL=Random CC=9 f1=9 f2=9 (dist=0)
  BKN1 SCH/HD  MAC-RESOURCE  addr=NULL LI=2 (2 octets)
  BKN2 SCH/HD  MAC-BROADCAST  sub=SYSINFO
  BKN2 SCH/HD    Carrier=3719 Band=3 Duplex=0 HF=468 LocArea=1 DL=392.9875MHz
  [progress] MER=0.0%  BER(EMA)=0.0000

[#300] SB   [TN=2 FN=14 MN=44] corr=0.992  SB1 CRC OK [TMO] MCC=262 MNC=1010 CC=1 FN(air)=14 MF(air)=44 TN(air)=1 → TN=2 FN=14 MN=44
  BKN2  MAC-BROADCAST  sub=SYSINFO
  BKN2    Carrier=3719 Band=3 Duplex=0 HF=468 LocArea=1 DL=392.9875MHz
  AACH  [CapAlloc] f1=0 f2=0 raw=0x3000 (dist=0)

[#301] SB   [TN=3 FN=14 MN=44] corr=0.991  SB1 CRC OK [TMO] MCC=262 MNC=1010 CC=1 FN(air)=14 MF(air)=44 TN(air)=2 → TN=3 FN=14 MN=44
  BKN2  MAC-BROADCAST  sub=SYSINFO
  BKN2    Carrier=3719 Band=3 Duplex=0 HF=468 LocArea=1 DL=392.9875MHz
  AACH  [CapAlloc] f1=0 f2=0 raw=0x3000 (dist=0)

[#302] SB   [TN=4 FN=14 MN=44] corr=0.991  SB1 CRC OK [TMO] MCC=262 MNC=1010 CC=1 FN(air)=14 MF(air)=44 TN(air)=3 → TN=4 FN=14 MN=44
  BKN2  MAC-BROADCAST  sub=SYSINFO
  BKN2    Carrier=3719 Band=3 Duplex=0 HF=468 LocArea=1 DL=392.9875MHz
  AACH  [CapAlloc] f1=0 f2=0 raw=0x3000 (dist=0)

[#303] NDB2  [TN=1 FN=15 MN=44] corr=0.997  AACH  [DL/UL-Assign] DL=Common UL=Random CC=9 f1=9 f2=9 (dist=0)
  BKN1 SCH/HD  MAC-RESOURCE  addr=NULL LI=2 (2 octets)
  BKN2 SCH/HD  MAC-BROADCAST  sub=SYSINFO
  BKN2 SCH/HD    Carrier=3719 Band=3 Duplex=0 HF=468 LocArea=1 DL=392.9875MHz

[#304] SB   [TN=2 FN=15 MN=44] corr=0.991  SB1 CRC OK [TMO] MCC=262 MNC=1010 CC=1 FN(air)=15 MF(air)=44 TN(air)=1 → TN=2 FN=15 MN=44
  BKN2  MAC-BROADCAST  sub=SYSINFO
  BKN2    Carrier=3719 Band=3 Duplex=0 HF=468 LocArea=1 DL=392.9875MHz
  AACH  [CapAlloc] f1=0 f2=0 raw=0x3000 (dist=0)

[#305] SB   [TN=3 FN=15 MN=44] corr=0.991  SB1 CRC OK [TMO] MCC=262 MNC=1010 CC=1 FN(air)=15 MF(air)=44 TN(air)=2 → TN=3 FN=15 MN=44
  BKN2  MAC-BROADCAST  sub=SYSINFO
  BKN2    Carrier=3719 Band=3 Duplex=0 HF=468 LocArea=1 DL=392.9875MHz
  AACH  [CapAlloc] f1=0 f2=0 raw=0x3000 (dist=0)

[#306] SB   [TN=4 FN=15 MN=44] corr=0.992  SB1 CRC OK [TMO] MCC=262 MNC=1010 CC=1 FN(air)=15 MF(air)=44 TN(air)=3 → TN=4 FN=15 MN=44
  BKN2  MAC-BROADCAST  sub=SYSINFO
  BKN2    Carrier=3719 Band=3 Duplex=0 HF=468 LocArea=1 DL=392.9875MHz
  AACH  [CapAlloc] f1=0 f2=0 raw=0x3000 (dist=0)

[#307] NDB2  [TN=1 FN=16 MN=44] corr=0.997  AACH  [DL/UL-Assign] DL=Common UL=Random CC=9 f1=9 f2=9 (dist=0)
  BKN1 SCH/HD  MAC-RESOURCE  addr=NULL LI=2 (2 octets)
  BKN2 SCH/HD  MAC-BROADCAST  sub=SYSINFO
  BKN2 SCH/HD    Carrier=3719 Band=3 Duplex=0 HF=468 LocArea=1 DL=392.9875MHz

[#308] SB   [TN=2 FN=16 MN=44] corr=0.994  SB1 CRC OK [TMO] MCC=262 MNC=1010 CC=1 FN(air)=16 MF(air)=44 TN(air)=1 → TN=2 FN=16 MN=44
  BKN2  MAC-BROADCAST  sub=SYSINFO
  BKN2    Carrier=3719 Band=3 Duplex=0 HF=468 LocArea=1 DL=392.9875MHz
  AACH  [CapAlloc] f1=0 f2=0 raw=0x3000 (dist=0)

[#309] SB   [TN=3 FN=16 MN=44] corr=0.995  SB1 CRC OK [TMO] MCC=262 MNC=1010 CC=1 FN(air)=16 MF(air)=44 TN(air)=2 → TN=3 FN=16 MN=44
  BKN2  MAC-BROADCAST  sub=SYSINFO
  BKN2    Carrier=3719 Band=3 Duplex=0 HF=468 LocArea=1 DL=392.9875MHz
  AACH  [CapAlloc] f1=0 f2=0 raw=0x3000 (dist=0)

[#310] SB   [TN=4 FN=16 MN=44] corr=0.994  SB1 CRC OK [TMO] MCC=262 MNC=1010 CC=1 FN(air)=16 MF(air)=44 TN(air)=3 → TN=4 FN=16 MN=44
  BKN2  MAC-BROADCAST  sub=SYSINFO
  BKN2    Carrier=3719 Band=3 Duplex=0 HF=468 LocArea=1 DL=392.9875MHz
  AACH  [CapAlloc] f1=0 f2=0 raw=0x3000 (dist=0)

[#311] NDB2  [TN=1 FN=17 MN=44] corr=0.993  AACH  [DL/UL-Assign] DL=Common UL=Random CC=9 f1=9 f2=9 (dist=0)
  BKN1 SCH/HD  MAC-RESOURCE  addr=NULL LI=2 (2 octets)
  BKN2 SCH/HD  MAC-BROADCAST  sub=SYSINFO
  BKN2 SCH/HD    Carrier=3719 Band=3 Duplex=0 HF=468 LocArea=1 DL=392.9875MHz

[#312] SB   [TN=2 FN=17 MN=44] corr=0.994  SB1 CRC OK [TMO] MCC=262 MNC=1010 CC=1 FN(air)=17 MF(air)=44 TN(air)=1 → TN=2 FN=17 MN=44
  BKN2  MAC-BROADCAST  sub=SYSINFO
  BKN2    Carrier=3719 Band=3 Duplex=0 HF=468 LocArea=1 DL=392.9875MHz
  AACH  [CapAlloc] f1=0 f2=0 raw=0x3000 (dist=0)

[#313] SB   [TN=3 FN=17 MN=44] corr=0.995  SB1 CRC OK [TMO] MCC=262 MNC=1010 CC=1 FN(air)=17 MF(air)=44 TN(air)=2 → TN=3 FN=17 MN=44
  BKN2  MAC-BROADCAST  sub=SYSINFO
  BKN2    Carrier=3719 Band=3 Duplex=0 HF=468 LocArea=1 DL=392.9875MHz
  AACH  [CapAlloc] f1=0 f2=0 raw=0x3000 (dist=0)

[#314] SB   [TN=4 FN=17 MN=44] corr=0.995  SB1 CRC OK [TMO] MCC=262 MNC=1010 CC=1 FN(air)=17 MF(air)=44 TN(air)=3 → TN=4 FN=17 MN=44
  BKN2  MAC-BROADCAST  sub=SYSINFO
  BKN2    Carrier=3719 Band=3 Duplex=0 HF=468 LocArea=1 DL=392.9875MHz
  AACH  [CapAlloc] f1=0 f2=0 raw=0x3000 (dist=0)

[#315] NDB2  [TN=1 FN=18 MN=44 BNCH] corr=0.994  AACH  [DL/UL-Assign] DL=Common UL=Random CC=9 f1=9 f2=9 (dist=0)
  BKN1 SCH/HD  MAC-RESOURCE  addr=NULL LI=2 (2 octets)
  BKN2 BNCH  {'Mode': 'DMO', 'Sync_PDU_type': 8, 'SystemCode': 8, 'ColourCode': 58, 'TimeSlot': 0, 'Frame': 14, 'AirInterfaceEnc': 1, 'MNI': 14709379, 'SourceAddress': 468}

[#316] SB   [TN=2 FN=18 MN=44] corr=0.992  SB1 CRC OK [TMO] MCC=262 MNC=1010 CC=1 FN(air)=18 MF(air)=44 TN(air)=1 → TN=2 FN=18 MN=44
  BKN2  MAC-BROADCAST  sub=SYSINFO
  BKN2    Carrier=3719 Band=3 Duplex=0 HF=468 LocArea=1 DL=392.9875MHz
  AACH  [DL/UL-Assign] DL=Unalloc UL=Random CC=0 f1=1 f2=0 (dist=0)

[#317] SB   [TN=3 FN=18 MN=44 BSCH] corr=0.993  SB1 CRC OK [TMO] MCC=262 MNC=1010 CC=1 FN(air)=18 MF(air)=44 TN(air)=2 → TN=3 FN=18 MN=44 BSCH
  BKN2  MAC-BROADCAST  sub=SYSINFO
  BKN2    Carrier=3719 Band=3 Duplex=0 HF=468 LocArea=1 DL=392.9875MHz
  AACH  [DL/UL-Assign] DL=Unalloc UL=Random CC=0 f1=1 f2=0 (dist=0)

[#318] SB   [TN=4 FN=18 MN=44] corr=0.994  SB1 CRC OK [TMO] MCC=262 MNC=1010 CC=1 FN(air)=18 MF(air)=44 TN(air)=3 → TN=4 FN=18 MN=44
  BKN2  MAC-BROADCAST  sub=SYSINFO
  BKN2    Carrier=3719 Band=3 Duplex=0 HF=468 LocArea=1 DL=392.9875MHz
  AACH  [DL/UL-Assign] DL=Unalloc UL=Random CC=0 f1=1 f2=0 (dist=0)

[#319] NDB2  [TN=1 FN=01 MN=45] corr=0.996  AACH  [DL/UL-Assign] DL=Common UL=Random CC=9 f1=9 f2=9 (dist=0)
  BKN1 SCH/HD  MAC-RESOURCE  addr=NULL LI=2 (2 octets)
  BKN2 SCH/HD  MAC-BROADCAST  sub=SYSINFO
  BKN2 SCH/HD    Carrier=3719 Band=3 Duplex=0 HF=468 LocArea=1 DL=392.9875MHz

[#320] SB   [TN=2 FN=01 MN=45] corr=0.992  SB1 CRC OK [TMO] MCC=262 MNC=1010 CC=1 FN(air)=1 MF(air)=45 TN(air)=1 → TN=2 FN=01 MN=45
  BKN2  MAC-BROADCAST  sub=SYSINFO
  BKN2    Carrier=3719 Band=3 Duplex=0 HF=468 LocArea=1 DL=392.9875MHz
  AACH  [CapAlloc] f1=0 f2=0 raw=0x3000 (dist=0)

[#321] SB   [TN=3 FN=01 MN=45] corr=0.994  SB1 CRC OK [TMO] MCC=262 MNC=1010 CC=1 FN(air)=1 MF(air)=45 TN(air)=2 → TN=3 FN=01 MN=45
  BKN2  MAC-BROADCAST  sub=SYSINFO
  BKN2    Carrier=3719 Band=3 Duplex=0 HF=468 LocArea=1 DL=392.9875MHz
  AACH  [CapAlloc] f1=0 f2=0 raw=0x3000 (dist=0)

[#322] SB   [TN=4 FN=01 MN=45] corr=0.994  SB1 CRC OK [TMO] MCC=262 MNC=1010 CC=1 FN(air)=1 MF(air)=45 TN(air)=3 → TN=4 FN=01 MN=45
  BKN2  MAC-BROADCAST  sub=SYSINFO
  BKN2    Carrier=3719 Band=3 Duplex=0 HF=468 LocArea=1 DL=392.9875MHz
  AACH  [CapAlloc] f1=0 f2=0 raw=0x3000 (dist=0)

[#323] NDB2  [TN=1 FN=02 MN=45] corr=0.995  AACH  [DL/UL-Assign] DL=Common UL=Random CC=9 f1=9 f2=9 (dist=0)
  BKN1 SCH/HD  MAC-RESOURCE  addr=NULL LI=2 (2 octets)
  BKN2 SCH/HD  MAC-BROADCAST  sub=SYSINFO
  BKN2 SCH/HD    Carrier=3719 Band=3 Duplex=0 HF=468 LocArea=1 DL=392.9875MHz

[#324] SB   [TN=2 FN=02 MN=45] corr=0.992  SB1 CRC OK [TMO] MCC=262 MNC=1010 CC=1 FN(air)=2 MF(air)=45 TN(air)=1 → TN=2 FN=02 MN=45
  BKN2  MAC-BROADCAST  sub=SYSINFO
  BKN2    Carrier=3719 Band=3 Duplex=0 HF=468 LocArea=1 DL=392.9875MHz
  AACH  [CapAlloc] f1=0 f2=0 raw=0x3000 (dist=0)

[#325] SB   [TN=3 FN=02 MN=45] corr=0.993  SB1 CRC OK [TMO] MCC=262 MNC=1010 CC=1 FN(air)=2 MF(air)=45 TN(air)=2 → TN=3 FN=02 MN=45
  BKN2  MAC-BROADCAST  sub=SYSINFO
  BKN2    Carrier=3719 Band=3 Duplex=0 HF=468 LocArea=1 DL=392.9875MHz
  AACH  [CapAlloc] f1=0 f2=0 raw=0x3000 (dist=0)

[#326] SB   [TN=4 FN=02 MN=45] corr=0.994  SB1 CRC OK [TMO] MCC=262 MNC=1010 CC=1 FN(air)=2 MF(air)=45 TN(air)=3 → TN=4 FN=02 MN=45
  BKN2  MAC-BROADCAST  sub=SYSINFO
  BKN2    Carrier=3719 Band=3 Duplex=0 HF=468 LocArea=1 DL=392.9875MHz
  AACH  [CapAlloc] f1=0 f2=0 raw=0x3000 (dist=0)

[#327] NDB2  [TN=1 FN=03 MN=45] corr=0.995  AACH  [DL/UL-Assign] DL=Common UL=Random CC=9 f1=9 f2=9 (dist=0)
  BKN1 SCH/HD  MAC-RESOURCE  addr=NULL LI=2 (2 octets)
  BKN2 SCH/HD  MAC-BROADCAST  sub=SYSINFO
  BKN2 SCH/HD    Carrier=3719 Band=3 Duplex=0 HF=468 LocArea=1 DL=392.9875MHz

[#328] SB   [TN=2 FN=03 MN=45] corr=0.995  SB1 CRC OK [TMO] MCC=262 MNC=1010 CC=1 FN(air)=3 MF(air)=45 TN(air)=1 → TN=2 FN=03 MN=45
  BKN2  MAC-BROADCAST  sub=SYSINFO
  BKN2    Carrier=3719 Band=3 Duplex=0 HF=468 LocArea=1 DL=392.9875MHz
  AACH  [CapAlloc] f1=0 f2=0 raw=0x3000 (dist=0)

[#329] SB   [TN=3 FN=03 MN=45] corr=0.993  SB1 CRC OK [TMO] MCC=262 MNC=1010 CC=1 FN(air)=3 MF(air)=45 TN(air)=2 → TN=3 FN=03 MN=45
  BKN2  MAC-BROADCAST  sub=SYSINFO
  BKN2    Carrier=3719 Band=3 Duplex=0 HF=468 LocArea=1 DL=392.9875MHz
  AACH  [CapAlloc] f1=0 f2=0 raw=0x3000 (dist=0)

[#330] SB   [TN=4 FN=03 MN=45] corr=0.991  SB1 CRC OK [TMO] MCC=262 MNC=1010 CC=1 FN(air)=3 MF(air)=45 TN(air)=3 → TN=4 FN=03 MN=45
  BKN2  MAC-BROADCAST  sub=SYSINFO
  BKN2    Carrier=3719 Band=3 Duplex=0 HF=468 LocArea=1 DL=392.9875MHz
  AACH  [CapAlloc] f1=0 f2=0 raw=0x3000 (dist=0)

[#331] NDB2  [TN=1 FN=04 MN=45] corr=0.994  AACH  [DL/UL-Assign] DL=Common UL=Random CC=9 f1=9 f2=9 (dist=0)
  BKN1 SCH/HD  MAC-RESOURCE  addr=NULL LI=2 (2 octets)
  BKN2 SCH/HD  MAC-BROADCAST  sub=SYSINFO
  BKN2 SCH/HD    Carrier=3719 Band=3 Duplex=0 HF=468 LocArea=1 DL=392.9875MHz

[#332] SB   [TN=2 FN=04 MN=45] corr=0.994  SB1 CRC OK [TMO] MCC=262 MNC=1010 CC=1 FN(air)=4 MF(air)=45 TN(air)=1 → TN=2 FN=04 MN=45
  BKN2  MAC-BROADCAST  sub=SYSINFO
  BKN2    Carrier=3719 Band=3 Duplex=0 HF=468 LocArea=1 DL=392.9875MHz
  AACH  [CapAlloc] f1=0 f2=0 raw=0x3000 (dist=0)

[#333] SB   [TN=3 FN=04 MN=45] corr=0.993  SB1 CRC OK [TMO] MCC=262 MNC=1010 CC=1 FN(air)=4 MF(air)=45 TN(air)=2 → TN=3 FN=04 MN=45
  BKN2  MAC-BROADCAST  sub=SYSINFO
  BKN2    Carrier=3719 Band=3 Duplex=0 HF=468 LocArea=1 DL=392.9875MHz
  AACH  [CapAlloc] f1=0 f2=0 raw=0x3000 (dist=0)

[#334] SB   [TN=4 FN=04 MN=45] corr=0.992  SB1 CRC OK [TMO] MCC=262 MNC=1010 CC=1 FN(air)=4 MF(air)=45 TN(air)=3 → TN=4 FN=04 MN=45
  BKN2  MAC-BROADCAST  sub=SYSINFO
  BKN2    Carrier=3719 Band=3 Duplex=0 HF=468 LocArea=1 DL=392.9875MHz
  AACH  [CapAlloc] f1=0 f2=0 raw=0x3000 (dist=0)

[#335] NDB2  [TN=1 FN=05 MN=45] corr=0.995  AACH  [DL/UL-Assign] DL=Common UL=Random CC=9 f1=9 f2=9 (dist=0)
  BKN1 SCH/HD  MAC-RESOURCE  addr=NULL LI=2 (2 octets)
  BKN2 SCH/HD  MAC-BROADCAST  sub=SYSINFO
  BKN2 SCH/HD    Carrier=3719 Band=3 Duplex=0 HF=468 LocArea=1 DL=392.9875MHz

[#336] SB   [TN=2 FN=05 MN=45] corr=0.992  SB1 CRC OK [TMO] MCC=262 MNC=1010 CC=1 FN(air)=5 MF(air)=45 TN(air)=1 → TN=2 FN=05 MN=45
  BKN2  MAC-BROADCAST  sub=SYSINFO
  BKN2    Carrier=3719 Band=3 Duplex=0 HF=468 LocArea=1 DL=392.9875MHz
  AACH  [CapAlloc] f1=0 f2=0 raw=0x3000 (dist=0)

[#337] SB   [TN=3 FN=05 MN=45] corr=0.993  SB1 CRC OK [TMO] MCC=262 MNC=1010 CC=1 FN(air)=5 MF(air)=45 TN(air)=2 → TN=3 FN=05 MN=45
  BKN2  MAC-BROADCAST  sub=SYSINFO
  BKN2    Carrier=3719 Band=3 Duplex=0 HF=468 LocArea=1 DL=392.9875MHz
  AACH  [CapAlloc] f1=0 f2=0 raw=0x3000 (dist=0)

[#338] SB   [TN=4 FN=05 MN=45] corr=0.994  SB1 CRC OK [TMO] MCC=262 MNC=1010 CC=1 FN(air)=5 MF(air)=45 TN(air)=3 → TN=4 FN=05 MN=45
  BKN2  MAC-BROADCAST  sub=SYSINFO
  BKN2    Carrier=3719 Band=3 Duplex=0 HF=468 LocArea=1 DL=392.9875MHz
  AACH  [CapAlloc] f1=0 f2=0 raw=0x3000 (dist=0)

[#339] NDB2  [TN=1 FN=06 MN=45] corr=0.996  AACH  [DL/UL-Assign] DL=Common UL=Random CC=9 f1=9 f2=9 (dist=0)
  BKN1 SCH/HD  MAC-RESOURCE  addr=NULL LI=2 (2 octets)
  BKN2 SCH/HD  MAC-BROADCAST  sub=SYSINFO
  BKN2 SCH/HD    Carrier=3719 Band=3 Duplex=0 HF=468 LocArea=1 DL=392.9875MHz

[#340] SB   [TN=2 FN=06 MN=45] corr=0.991  SB1 CRC OK [TMO] MCC=262 MNC=1010 CC=1 FN(air)=6 MF(air)=45 TN(air)=1 → TN=2 FN=06 MN=45
  BKN2  MAC-BROADCAST  sub=SYSINFO
  BKN2    Carrier=3719 Band=3 Duplex=0 HF=468 LocArea=1 DL=392.9875MHz
  AACH  [CapAlloc] f1=0 f2=0 raw=0x3000 (dist=0)

[#341] SB   [TN=3 FN=06 MN=45] corr=0.993  SB1 CRC OK [TMO] MCC=262 MNC=1010 CC=1 FN(air)=6 MF(air)=45 TN(air)=2 → TN=3 FN=06 MN=45
  BKN2  MAC-BROADCAST  sub=SYSINFO
  BKN2    Carrier=3719 Band=3 Duplex=0 HF=468 LocArea=1 DL=392.9875MHz
  AACH  [CapAlloc] f1=0 f2=0 raw=0x3000 (dist=0)

[#342] SB   [TN=4 FN=06 MN=45] corr=0.995  SB1 CRC OK [TMO] MCC=262 MNC=1010 CC=1 FN(air)=6 MF(air)=45 TN(air)=3 → TN=4 FN=06 MN=45
  BKN2  MAC-BROADCAST  sub=SYSINFO
  BKN2    Carrier=3719 Band=3 Duplex=0 HF=468 LocArea=1 DL=392.9875MHz
  AACH  [CapAlloc] f1=0 f2=0 raw=0x3000 (dist=0)

[#343] NDB2  [TN=1 FN=07 MN=45] corr=0.995  AACH  [DL/UL-Assign] DL=Common UL=Random CC=9 f1=9 f2=9 (dist=0)
  BKN1 SCH/HD  MAC-RESOURCE  addr=NULL LI=2 (2 octets)
  BKN2 SCH/HD  MAC-BROADCAST  sub=SYSINFO
  BKN2 SCH/HD    Carrier=3719 Band=3 Duplex=0 HF=468 LocArea=1 DL=392.9875MHz

[#344] SB   [TN=2 FN=07 MN=45] corr=0.994  SB1 CRC OK [TMO] MCC=262 MNC=1010 CC=1 FN(air)=7 MF(air)=45 TN(air)=1 → TN=2 FN=07 MN=45
  BKN2  MAC-BROADCAST  sub=SYSINFO
  BKN2    Carrier=3719 Band=3 Duplex=0 HF=468 LocArea=1 DL=392.9875MHz
  AACH  [CapAlloc] f1=0 f2=0 raw=0x3000 (dist=0)

[#345] SB   [TN=3 FN=07 MN=45] corr=0.993  SB1 CRC OK [TMO] MCC=262 MNC=1010 CC=1 FN(air)=7 MF(air)=45 TN(air)=2 → TN=3 FN=07 MN=45
  BKN2  MAC-BROADCAST  sub=SYSINFO
  BKN2    Carrier=3719 Band=3 Duplex=0 HF=468 LocArea=1 DL=392.9875MHz
  AACH  [CapAlloc] f1=0 f2=0 raw=0x3000 (dist=0)

[#346] SB   [TN=4 FN=07 MN=45] corr=0.991  SB1 CRC OK [TMO] MCC=262 MNC=1010 CC=1 FN(air)=7 MF(air)=45 TN(air)=3 → TN=4 FN=07 MN=45
  BKN2  MAC-BROADCAST  sub=SYSINFO
  BKN2    Carrier=3719 Band=3 Duplex=0 HF=468 LocArea=1 DL=392.9875MHz
  AACH  [CapAlloc] f1=0 f2=0 raw=0x3000 (dist=0)

[#347] NDB2  [TN=1 FN=08 MN=45] corr=0.994  AACH  [DL/UL-Assign] DL=Common UL=Random CC=9 f1=9 f2=9 (dist=0)
  BKN1 SCH/HD  MAC-RESOURCE  addr=NULL LI=2 (2 octets)
  BKN2 SCH/HD  MAC-BROADCAST  sub=SYSINFO
  BKN2 SCH/HD    Carrier=3719 Band=3 Duplex=0 HF=468 LocArea=1 DL=392.9875MHz

[#348] SB   [TN=2 FN=08 MN=45] corr=0.994  SB1 CRC OK [TMO] MCC=262 MNC=1010 CC=1 FN(air)=8 MF(air)=45 TN(air)=1 → TN=2 FN=08 MN=45
  BKN2  MAC-BROADCAST  sub=SYSINFO
  BKN2    Carrier=3719 Band=3 Duplex=0 HF=468 LocArea=1 DL=392.9875MHz
  AACH  [CapAlloc] f1=0 f2=0 raw=0x3000 (dist=0)

[#349] SB   [TN=3 FN=08 MN=45] corr=0.993  SB1 CRC OK [TMO] MCC=262 MNC=1010 CC=1 FN(air)=8 MF(air)=45 TN(air)=2 → TN=3 FN=08 MN=45
  BKN2  MAC-BROADCAST  sub=SYSINFO
  BKN2    Carrier=3719 Band=3 Duplex=0 HF=468 LocArea=1 DL=392.9875MHz
  AACH  [CapAlloc] f1=0 f2=0 raw=0x3000 (dist=0)

[#350] SB   [TN=4 FN=08 MN=45] corr=0.992  SB1 CRC OK [TMO] MCC=262 MNC=1010 CC=1 FN(air)=8 MF(air)=45 TN(air)=3 → TN=4 FN=08 MN=45
  BKN2  MAC-BROADCAST  sub=SYSINFO
  BKN2    Carrier=3719 Band=3 Duplex=0 HF=468 LocArea=1 DL=392.9875MHz
  AACH  [CapAlloc] f1=0 f2=0 raw=0x3000 (dist=0)

[#351] NDB2  [TN=1 FN=09 MN=45] corr=0.996  AACH  [DL/UL-Assign] DL=Common UL=Random CC=9 f1=9 f2=9 (dist=0)
  BKN1 SCH/HD  MAC-RESOURCE  addr=NULL LI=2 (2 octets)
  BKN2 SCH/HD  MAC-BROADCAST  sub=SYSINFO
  BKN2 SCH/HD    Carrier=3719 Band=3 Duplex=0 HF=468 LocArea=1 DL=392.9875MHz

[#352] SB   [TN=2 FN=09 MN=45] corr=0.992  SB1 CRC OK [TMO] MCC=262 MNC=1010 CC=1 FN(air)=9 MF(air)=45 TN(air)=1 → TN=2 FN=09 MN=45
  BKN2  MAC-BROADCAST  sub=SYSINFO
  BKN2    Carrier=3719 Band=3 Duplex=0 HF=468 LocArea=1 DL=392.9875MHz
  AACH  [CapAlloc] f1=0 f2=0 raw=0x3000 (dist=0)

[#353] SB   [TN=3 FN=09 MN=45] corr=0.993  SB1 CRC OK [TMO] MCC=262 MNC=1010 CC=1 FN(air)=9 MF(air)=45 TN(air)=2 → TN=3 FN=09 MN=45
  BKN2  MAC-BROADCAST  sub=SYSINFO
  BKN2    Carrier=3719 Band=3 Duplex=0 HF=468 LocArea=1 DL=392.9875MHz
  AACH  [CapAlloc] f1=0 f2=0 raw=0x3000 (dist=0)

[#354] SB   [TN=4 FN=09 MN=45] corr=0.994  SB1 CRC OK [TMO] MCC=262 MNC=1010 CC=1 FN(air)=9 MF(air)=45 TN(air)=3 → TN=4 FN=09 MN=45
  BKN2  MAC-BROADCAST  sub=SYSINFO
  BKN2    Carrier=3719 Band=3 Duplex=0 HF=468 LocArea=1 DL=392.9875MHz
  AACH  [CapAlloc] f1=0 f2=0 raw=0x3000 (dist=0)

[#355] NDB2  [TN=1 FN=10 MN=45] corr=0.996  AACH  [DL/UL-Assign] DL=Common UL=Random CC=9 f1=9 f2=9 (dist=0)
  BKN1 SCH/HD  MAC-RESOURCE  addr=NULL LI=2 (2 octets)
  BKN2 SCH/HD  MAC-BROADCAST  sub=SYSINFO
  BKN2 SCH/HD    Carrier=3719 Band=3 Duplex=0 HF=468 LocArea=1 DL=392.9875MHz

[#356] SB   [TN=2 FN=10 MN=45] corr=0.991  SB1 CRC OK [TMO] MCC=262 MNC=1010 CC=1 FN(air)=10 MF(air)=45 TN(air)=1 → TN=2 FN=10 MN=45
  BKN2  MAC-BROADCAST  sub=SYSINFO
  BKN2    Carrier=3719 Band=3 Duplex=0 HF=468 LocArea=1 DL=392.9875MHz
  AACH  [CapAlloc] f1=0 f2=0 raw=0x3000 (dist=0)

[#357] SB   [TN=3 FN=10 MN=45] corr=0.993  SB1 CRC OK [TMO] MCC=262 MNC=1010 CC=1 FN(air)=10 MF(air)=45 TN(air)=2 → TN=3 FN=10 MN=45
  BKN2  MAC-BROADCAST  sub=SYSINFO
  BKN2    Carrier=3719 Band=3 Duplex=0 HF=468 LocArea=1 DL=392.9875MHz
  AACH  [CapAlloc] f1=0 f2=0 raw=0x3000 (dist=0)

[#358] SB   [TN=4 FN=10 MN=45] corr=0.995  SB1 CRC OK [TMO] MCC=262 MNC=1010 CC=1 FN(air)=10 MF(air)=45 TN(air)=3 → TN=4 FN=10 MN=45
  BKN2  MAC-BROADCAST  sub=SYSINFO
  BKN2    Carrier=3719 Band=3 Duplex=0 HF=468 LocArea=1 DL=392.9875MHz
  AACH  [CapAlloc] f1=0 f2=0 raw=0x3000 (dist=0)

[#359] NDB2  [TN=1 FN=11 MN=45] corr=0.995  AACH  [DL/UL-Assign] DL=Common UL=Random CC=9 f1=9 f2=9 (dist=0)
  BKN1 SCH/HD  MAC-RESOURCE  addr=NULL LI=2 (2 octets)
  BKN2 SCH/HD  MAC-BROADCAST  sub=SYSINFO
  BKN2 SCH/HD    Carrier=3719 Band=3 Duplex=0 HF=468 LocArea=1 DL=392.9875MHz

[#360] SB   [TN=2 FN=11 MN=45] corr=0.994  SB1 CRC OK [TMO] MCC=262 MNC=1010 CC=1 FN(air)=11 MF(air)=45 TN(air)=1 → TN=2 FN=11 MN=45
  BKN2  MAC-BROADCAST  sub=SYSINFO
  BKN2    Carrier=3719 Band=3 Duplex=0 HF=468 LocArea=1 DL=392.9875MHz
  AACH  [CapAlloc] f1=0 f2=0 raw=0x3000 (dist=0)

[#361] SB   [TN=3 FN=11 MN=45] corr=0.993  SB1 CRC OK [TMO] MCC=262 MNC=1010 CC=1 FN(air)=11 MF(air)=45 TN(air)=2 → TN=3 FN=11 MN=45
  BKN2  MAC-BROADCAST  sub=SYSINFO
  BKN2    Carrier=3719 Band=3 Duplex=0 HF=468 LocArea=1 DL=392.9875MHz
  AACH  [CapAlloc] f1=0 f2=0 raw=0x3000 (dist=0)

[#362] SB   [TN=4 FN=11 MN=45] corr=0.992  SB1 CRC OK [TMO] MCC=262 MNC=1010 CC=1 FN(air)=11 MF(air)=45 TN(air)=3 → TN=4 FN=11 MN=45
  BKN2  MAC-BROADCAST  sub=SYSINFO
  BKN2    Carrier=3719 Band=3 Duplex=0 HF=468 LocArea=1 DL=392.9875MHz
  AACH  [CapAlloc] f1=0 f2=0 raw=0x3000 (dist=0)

[#363] NDB2  [TN=1 FN=12 MN=45] corr=0.995  AACH  [DL/UL-Assign] DL=Common UL=Random CC=9 f1=9 f2=9 (dist=0)
  BKN1 SCH/HD  MAC-RESOURCE  addr=NULL LI=2 (2 octets)
  BKN2 SCH/HD  MAC-BROADCAST  sub=SYSINFO
  BKN2 SCH/HD    Carrier=3719 Band=3 Duplex=0 HF=468 LocArea=1 DL=392.9875MHz

[#364] SB   [TN=2 FN=12 MN=45] corr=0.994  SB1 CRC OK [TMO] MCC=262 MNC=1010 CC=1 FN(air)=12 MF(air)=45 TN(air)=1 → TN=2 FN=12 MN=45
  BKN2  MAC-BROADCAST  sub=SYSINFO
  BKN2    Carrier=3719 Band=3 Duplex=0 HF=468 LocArea=1 DL=392.9875MHz
  AACH  [CapAlloc] f1=0 f2=0 raw=0x3000 (dist=0)

[#365] SB   [TN=3 FN=12 MN=45] corr=0.993  SB1 CRC OK [TMO] MCC=262 MNC=1010 CC=1 FN(air)=12 MF(air)=45 TN(air)=2 → TN=3 FN=12 MN=45
  BKN2  MAC-BROADCAST  sub=SYSINFO
  BKN2    Carrier=3719 Band=3 Duplex=0 HF=468 LocArea=1 DL=392.9875MHz
  AACH  [CapAlloc] f1=0 f2=0 raw=0x3000 (dist=0)

[#366] SB   [TN=4 FN=12 MN=45] corr=0.993  SB1 CRC OK [TMO] MCC=262 MNC=1010 CC=1 FN(air)=12 MF(air)=45 TN(air)=3 → TN=4 FN=12 MN=45
  BKN2  MAC-BROADCAST  sub=SYSINFO
  BKN2    Carrier=3719 Band=3 Duplex=0 HF=468 LocArea=1 DL=392.9875MHz
  AACH  [CapAlloc] f1=0 f2=0 raw=0x3000 (dist=0)

[#367] NDB2  [TN=1 FN=13 MN=45] corr=0.996  AACH  [DL/UL-Assign] DL=Common UL=Random CC=9 f1=9 f2=9 (dist=0)
  BKN1 SCH/HD  MAC-RESOURCE  addr=NULL LI=2 (2 octets)
  BKN2 SCH/HD  MAC-BROADCAST  sub=SYSINFO
  BKN2 SCH/HD    Carrier=3719 Band=3 Duplex=0 HF=468 LocArea=1 DL=392.9875MHz

[#368] SB   [TN=2 FN=13 MN=45] corr=0.992  SB1 CRC OK [TMO] MCC=262 MNC=1010 CC=1 FN(air)=13 MF(air)=45 TN(air)=1 → TN=2 FN=13 MN=45
  BKN2  MAC-BROADCAST  sub=SYSINFO
  BKN2    Carrier=3719 Band=3 Duplex=0 HF=468 LocArea=1 DL=392.9875MHz
  AACH  [CapAlloc] f1=0 f2=0 raw=0x3000 (dist=0)

[#369] SB   [TN=3 FN=13 MN=45] corr=0.993  SB1 CRC OK [TMO] MCC=262 MNC=1010 CC=1 FN(air)=13 MF(air)=45 TN(air)=2 → TN=3 FN=13 MN=45
  BKN2  MAC-BROADCAST  sub=SYSINFO
  BKN2    Carrier=3719 Band=3 Duplex=0 HF=468 LocArea=1 DL=392.9875MHz
  AACH  [CapAlloc] f1=0 f2=0 raw=0x3000 (dist=0)

[#370] SB   [TN=4 FN=13 MN=45] corr=0.994  SB1 CRC OK [TMO] MCC=262 MNC=1010 CC=1 FN(air)=13 MF(air)=45 TN(air)=3 → TN=4 FN=13 MN=45
  BKN2  MAC-BROADCAST  sub=SYSINFO
  BKN2    Carrier=3719 Band=3 Duplex=0 HF=468 LocArea=1 DL=392.9875MHz
  AACH  [CapAlloc] f1=0 f2=0 raw=0x3000 (dist=0)

[#371] NDB2  [TN=1 FN=14 MN=45] corr=0.995  AACH  [DL/UL-Assign] DL=Common UL=Random CC=9 f1=9 f2=9 (dist=0)
  BKN1 SCH/HD  MAC-RESOURCE  addr=NULL LI=2 (2 octets)
  BKN2 SCH/HD  MAC-BROADCAST  sub=SYSINFO
  BKN2 SCH/HD    Carrier=3719 Band=3 Duplex=0 HF=468 LocArea=1 DL=392.9875MHz

[#372] SB   [TN=2 FN=14 MN=45] corr=0.992  SB1 CRC OK [TMO] MCC=262 MNC=1010 CC=1 FN(air)=14 MF(air)=45 TN(air)=1 → TN=2 FN=14 MN=45
  BKN2  MAC-BROADCAST  sub=SYSINFO
  BKN2    Carrier=3719 Band=3 Duplex=0 HF=468 LocArea=1 DL=392.9875MHz
  AACH  [CapAlloc] f1=0 f2=0 raw=0x3000 (dist=0)

[#373] SB   [TN=3 FN=14 MN=45] corr=0.993  SB1 CRC OK [TMO] MCC=262 MNC=1010 CC=1 FN(air)=14 MF(air)=45 TN(air)=2 → TN=3 FN=14 MN=45
  BKN2  MAC-BROADCAST  sub=SYSINFO
  BKN2    Carrier=3719 Band=3 Duplex=0 HF=468 LocArea=1 DL=392.9875MHz
  AACH  [CapAlloc] f1=0 f2=0 raw=0x3000 (dist=0)

[#374] SB   [TN=4 FN=14 MN=45] corr=0.995  SB1 CRC OK [TMO] MCC=262 MNC=1010 CC=1 FN(air)=14 MF(air)=45 TN(air)=3 → TN=4 FN=14 MN=45
  BKN2  MAC-BROADCAST  sub=SYSINFO
  BKN2    Carrier=3719 Band=3 Duplex=0 HF=468 LocArea=1 DL=392.9875MHz
  AACH  [CapAlloc] f1=0 f2=0 raw=0x3000 (dist=0)

[#375] NDB2  [TN=1 FN=15 MN=45] corr=0.995  AACH  [DL/UL-Assign] DL=Common UL=Random CC=9 f1=9 f2=9 (dist=0)
  BKN1 SCH/HD  MAC-RESOURCE  addr=NULL LI=2 (2 octets)
  BKN2 SCH/HD  MAC-BROADCAST  sub=SYSINFO
  BKN2 SCH/HD    Carrier=3719 Band=3 Duplex=0 HF=468 LocArea=1 DL=392.9875MHz

[#376] SB   [TN=2 FN=15 MN=45] corr=0.995  SB1 CRC OK [TMO] MCC=262 MNC=1010 CC=1 FN(air)=15 MF(air)=45 TN(air)=1 → TN=2 FN=15 MN=45
  BKN2  MAC-BROADCAST  sub=SYSINFO
  BKN2    Carrier=3719 Band=3 Duplex=0 HF=468 LocArea=1 DL=392.9875MHz
  AACH  [CapAlloc] f1=0 f2=0 raw=0x3000 (dist=0)

[#377] SB   [TN=3 FN=15 MN=45] corr=0.993  SB1 CRC OK [TMO] MCC=262 MNC=1010 CC=1 FN(air)=15 MF(air)=45 TN(air)=2 → TN=3 FN=15 MN=45
  BKN2  MAC-BROADCAST  sub=SYSINFO
  BKN2    Carrier=3719 Band=3 Duplex=0 HF=468 LocArea=1 DL=392.9875MHz
  AACH  [CapAlloc] f1=0 f2=0 raw=0x3000 (dist=0)

[#378] SB   [TN=4 FN=15 MN=45] corr=0.992  SB1 CRC OK [TMO] MCC=262 MNC=1010 CC=1 FN(air)=15 MF(air)=45 TN(air)=3 → TN=4 FN=15 MN=45
  BKN2  MAC-BROADCAST  sub=SYSINFO
  BKN2    Carrier=3719 Band=3 Duplex=0 HF=468 LocArea=1 DL=392.9875MHz
  AACH  [CapAlloc] f1=0 f2=0 raw=0x3000 (dist=0)

[#379] NDB2  [TN=1 FN=16 MN=45] corr=0.995  AACH  [DL/UL-Assign] DL=Common UL=Random CC=9 f1=9 f2=9 (dist=0)
  BKN1 SCH/HD  MAC-RESOURCE  addr=NULL LI=2 (2 octets)
  BKN2 SCH/HD  MAC-BROADCAST  sub=SYSINFO
  BKN2 SCH/HD    Carrier=3719 Band=3 Duplex=0 HF=468 LocArea=1 DL=392.9875MHz

[#380] SB   [TN=2 FN=16 MN=45] corr=0.994  SB1 CRC OK [TMO] MCC=262 MNC=1010 CC=1 FN(air)=16 MF(air)=45 TN(air)=1 → TN=2 FN=16 MN=45
  BKN2  MAC-BROADCAST  sub=SYSINFO
  BKN2    Carrier=3719 Band=3 Duplex=0 HF=468 LocArea=1 DL=392.9875MHz
  AACH  [CapAlloc] f1=0 f2=0 raw=0x3000 (dist=0)

[#381] SB   [TN=3 FN=16 MN=45] corr=0.993  SB1 CRC OK [TMO] MCC=262 MNC=1010 CC=1 FN(air)=16 MF(air)=45 TN(air)=2 → TN=3 FN=16 MN=45
  BKN2  MAC-BROADCAST  sub=SYSINFO
  BKN2    Carrier=3719 Band=3 Duplex=0 HF=468 LocArea=1 DL=392.9875MHz
  AACH  [CapAlloc] f1=0 f2=0 raw=0x3000 (dist=0)

[#382] SB   [TN=4 FN=16 MN=45] corr=0.992  SB1 CRC OK [TMO] MCC=262 MNC=1010 CC=1 FN(air)=16 MF(air)=45 TN(air)=3 → TN=4 FN=16 MN=45
  BKN2  MAC-BROADCAST  sub=SYSINFO
  BKN2    Carrier=3719 Band=3 Duplex=0 HF=468 LocArea=1 DL=392.9875MHz
  AACH  [CapAlloc] f1=0 f2=0 raw=0x3000 (dist=0)

[#383] NDB2  [TN=1 FN=17 MN=45] corr=0.995  AACH  [DL/UL-Assign] DL=Common UL=Random CC=9 f1=9 f2=9 (dist=0)
  BKN1 SCH/HD  MAC-RESOURCE  addr=NULL LI=2 (2 octets)
  BKN2 SCH/HD  MAC-BROADCAST  sub=SYSINFO
  BKN2 SCH/HD    Carrier=3719 Band=3 Duplex=0 HF=468 LocArea=1 DL=392.9875MHz

[#384] SB   [TN=2 FN=17 MN=45] corr=0.992  SB1 CRC OK [TMO] MCC=262 MNC=1010 CC=1 FN(air)=17 MF(air)=45 TN(air)=1 → TN=2 FN=17 MN=45
  BKN2  MAC-BROADCAST  sub=SYSINFO
  BKN2    Carrier=3719 Band=3 Duplex=0 HF=468 LocArea=1 DL=392.9875MHz
  AACH  [CapAlloc] f1=0 f2=0 raw=0x3000 (dist=0)

[#385] SB   [TN=3 FN=17 MN=45] corr=0.993  SB1 CRC OK [TMO] MCC=262 MNC=1010 CC=1 FN(air)=17 MF(air)=45 TN(air)=2 → TN=3 FN=17 MN=45
  BKN2  MAC-BROADCAST  sub=SYSINFO
  BKN2    Carrier=3719 Band=3 Duplex=0 HF=468 LocArea=1 DL=392.9875MHz
  AACH  [CapAlloc] f1=0 f2=0 raw=0x3000 (dist=0)

[#386] SB   [TN=4 FN=17 MN=45] corr=0.994  SB1 CRC OK [TMO] MCC=262 MNC=1010 CC=1 FN(air)=17 MF(air)=45 TN(air)=3 → TN=4 FN=17 MN=45
  BKN2  MAC-BROADCAST  sub=SYSINFO
  BKN2    Carrier=3719 Band=3 Duplex=0 HF=468 LocArea=1 DL=392.9875MHz
  AACH  [CapAlloc] f1=0 f2=0 raw=0x3000 (dist=0)

[#387] NDB2  [TN=1 FN=18 MN=45] corr=0.996  AACH  [DL/UL-Assign] DL=Common UL=Random CC=9 f1=9 f2=9 (dist=0)
  BKN1 SCH/HD  MAC-RESOURCE  addr=NULL LI=2 (2 octets)
  BKN2 BNCH  {'Mode': 'DMO', 'Sync_PDU_type': 8, 'SystemCode': 8, 'ColourCode': 58, 'TimeSlot': 0, 'Frame': 14, 'AirInterfaceEnc': 1, 'MNI': 14709379, 'SourceAddress': 468}

[#388] SB   [TN=2 FN=18 MN=45 BSCH] corr=0.991  SB1 CRC OK [TMO] MCC=262 MNC=1010 CC=1 FN(air)=18 MF(air)=45 TN(air)=1 → TN=2 FN=18 MN=45 BSCH
  BKN2  MAC-BROADCAST  sub=SYSINFO
  BKN2    Carrier=3719 Band=3 Duplex=0 HF=468 LocArea=1 DL=392.9875MHz
  AACH  [DL/UL-Assign] DL=Unalloc UL=Random CC=0 f1=1 f2=0 (dist=0)

[#389] SB   [TN=3 FN=18 MN=45] corr=0.991  SB1 CRC OK [TMO] MCC=262 MNC=1010 CC=1 FN(air)=18 MF(air)=45 TN(air)=2 → TN=3 FN=18 MN=45
  BKN2  MAC-BROADCAST  sub=SYSINFO
  BKN2    Carrier=3719 Band=3 Duplex=0 HF=468 LocArea=1 DL=392.9875MHz
  AACH  [DL/UL-Assign] DL=Unalloc UL=Random CC=0 f1=1 f2=0 (dist=0)

[#390] SB   [TN=4 FN=18 MN=45 BNCH] corr=0.992  SB1 CRC OK [TMO] MCC=262 MNC=1010 CC=1 FN(air)=18 MF(air)=45 TN(air)=3 → TN=4 FN=18 MN=45 BNCH
  BKN2  MAC-BROADCAST  sub=SYSINFO
  BKN2    Carrier=3719 Band=3 Duplex=0 HF=468 LocArea=1 DL=392.9875MHz
  AACH  [DL/UL-Assign] DL=Unalloc UL=Random CC=0 f1=1 f2=0 (dist=0)

[#391] NDB2  [TN=1 FN=01 MN=46] corr=0.996  AACH  [DL/UL-Assign] DL=Common UL=Random CC=9 f1=9 f2=9 (dist=0)
  BKN1 SCH/HD  MAC-RESOURCE  addr=NULL LI=2 (2 octets)
  BKN2 SCH/HD  MAC-BROADCAST  sub=SYSINFO
  BKN2 SCH/HD    Carrier=3719 Band=3 Duplex=0 HF=468 LocArea=1 DL=392.9875MHz

[#392] SB   [TN=2 FN=01 MN=46] corr=0.992  SB1 CRC OK [TMO] MCC=262 MNC=1010 CC=1 FN(air)=1 MF(air)=46 TN(air)=1 → TN=2 FN=01 MN=46
  BKN2  MAC-BROADCAST  sub=SYSINFO
  BKN2    Carrier=3719 Band=3 Duplex=0 HF=468 LocArea=1 DL=392.9875MHz
  AACH  [CapAlloc] f1=0 f2=0 raw=0x3000 (dist=0)

[#393] SB   [TN=3 FN=01 MN=46] corr=0.993  SB1 CRC OK [TMO] MCC=262 MNC=1010 CC=1 FN(air)=1 MF(air)=46 TN(air)=2 → TN=3 FN=01 MN=46
  BKN2  MAC-BROADCAST  sub=SYSINFO
  BKN2    Carrier=3719 Band=3 Duplex=0 HF=468 LocArea=1 DL=392.9875MHz
  AACH  [CapAlloc] f1=0 f2=0 raw=0x3000 (dist=0)

[#394] SB   [TN=4 FN=01 MN=46] corr=0.994  SB1 CRC OK [TMO] MCC=262 MNC=1010 CC=1 FN(air)=1 MF(air)=46 TN(air)=3 → TN=4 FN=01 MN=46
  BKN2  MAC-BROADCAST  sub=SYSINFO
  BKN2    Carrier=3719 Band=3 Duplex=0 HF=468 LocArea=1 DL=392.9875MHz
  AACH  [CapAlloc] f1=0 f2=0 raw=0x3000 (dist=0)

[#395] NDB2  [TN=1 FN=02 MN=46] corr=0.993  AACH  [DL/UL-Assign] DL=Common UL=Random CC=9 f1=9 f2=9 (dist=0)
  BKN1 SCH/HD  MAC-RESOURCE  addr=NULL LI=2 (2 octets)
  BKN2 SCH/HD  MAC-BROADCAST  sub=SYSINFO
  BKN2 SCH/HD    Carrier=3719 Band=3 Duplex=0 HF=468 LocArea=1 DL=392.9875MHz

[#396] SB   [TN=2 FN=02 MN=46] corr=0.992  SB1 CRC OK [TMO] MCC=262 MNC=1010 CC=1 FN(air)=2 MF(air)=46 TN(air)=1 → TN=2 FN=02 MN=46
  BKN2  MAC-BROADCAST  sub=SYSINFO
  BKN2    Carrier=3719 Band=3 Duplex=0 HF=468 LocArea=1 DL=392.9875MHz
  AACH  [CapAlloc] f1=0 f2=0 raw=0x3000 (dist=0)

[#397] SB   [TN=3 FN=02 MN=46] corr=0.991  SB1 CRC OK [TMO] MCC=262 MNC=1010 CC=1 FN(air)=2 MF(air)=46 TN(air)=2 → TN=3 FN=02 MN=46
  BKN2  MAC-BROADCAST  sub=SYSINFO
  BKN2    Carrier=3719 Band=3 Duplex=0 HF=468 LocArea=1 DL=392.9875MHz
  AACH  [CapAlloc] f1=0 f2=0 raw=0x3000 (dist=0)

[#398] SB   [TN=4 FN=02 MN=46] corr=0.992  SB1 CRC OK [TMO] MCC=262 MNC=1010 CC=1 FN(air)=2 MF(air)=46 TN(air)=3 → TN=4 FN=02 MN=46
  BKN2  MAC-BROADCAST  sub=SYSINFO
  BKN2    Carrier=3719 Band=3 Duplex=0 HF=468 LocArea=1 DL=392.9875MHz
  AACH  [CapAlloc] f1=0 f2=0 raw=0x3000 (dist=0)

[#399] NDB1  [TN=1 FN=03 MN=46] corr=0.992  AACH  [DL/UL-Assign] DL=Common UL=Random CC=9 f1=9 f2=9 (dist=0)
  SCH/F  MAC-RESOURCE  addr=SSI ID=16777215 LI=16 (16 octets)
    LLC  BL-UDATA
    MLE  disc=MLE → D-NWRK-BROADCAST
  [progress] MER=0.0%  BER(EMA)=0.0000

[#400] SB   [TN=2 FN=03 MN=46] corr=0.994  SB1 CRC OK [TMO] MCC=262 MNC=1010 CC=1 FN(air)=3 MF(air)=46 TN(air)=1 → TN=2 FN=03 MN=46
  BKN2  MAC-BROADCAST  sub=SYSINFO
  BKN2    Carrier=3719 Band=3 Duplex=0 HF=468 LocArea=1 DL=392.9875MHz
  AACH  [CapAlloc] f1=0 f2=0 raw=0x3000 (dist=0)

[#401] SB   [TN=3 FN=03 MN=46] corr=0.995  SB1 CRC OK [TMO] MCC=262 MNC=1010 CC=1 FN(air)=3 MF(air)=46 TN(air)=2 → TN=3 FN=03 MN=46
  BKN2  MAC-BROADCAST  sub=SYSINFO
  BKN2    Carrier=3719 Band=3 Duplex=0 HF=468 LocArea=1 DL=392.9875MHz
  AACH  [CapAlloc] f1=0 f2=0 raw=0x3000 (dist=0)

[#402] SB   [TN=4 FN=03 MN=46] corr=0.995  SB1 CRC OK [TMO] MCC=262 MNC=1010 CC=1 FN(air)=3 MF(air)=46 TN(air)=3 → TN=4 FN=03 MN=46
  BKN2  MAC-BROADCAST  sub=SYSINFO
  BKN2    Carrier=3719 Band=3 Duplex=0 HF=468 LocArea=1 DL=392.9875MHz
  AACH  [CapAlloc] f1=0 f2=0 raw=0x3000 (dist=0)

[#403] NDB2  [TN=1 FN=04 MN=46] corr=0.995  AACH  [DL/UL-Assign] DL=Common UL=Random CC=9 f1=9 f2=9 (dist=0)
  BKN1 SCH/HD  MAC-RESOURCE  addr=NULL LI=2 (2 octets)
  BKN2 SCH/HD  MAC-BROADCAST  sub=SYSINFO
  BKN2 SCH/HD    Carrier=3719 Band=3 Duplex=0 HF=468 LocArea=1 DL=392.9875MHz

[#404] SB   [TN=2 FN=04 MN=46] corr=0.995  SB1 CRC OK [TMO] MCC=262 MNC=1010 CC=1 FN(air)=4 MF(air)=46 TN(air)=1 → TN=2 FN=04 MN=46
  BKN2  MAC-BROADCAST  sub=SYSINFO
  BKN2    Carrier=3719 Band=3 Duplex=0 HF=468 LocArea=1 DL=392.9875MHz
  AACH  [CapAlloc] f1=0 f2=0 raw=0x3000 (dist=0)

[#405] SB   [TN=3 FN=04 MN=46] corr=0.995  SB1 CRC OK [TMO] MCC=262 MNC=1010 CC=1 FN(air)=4 MF(air)=46 TN(air)=2 → TN=3 FN=04 MN=46
  BKN2  MAC-BROADCAST  sub=SYSINFO
  BKN2    Carrier=3719 Band=3 Duplex=0 HF=468 LocArea=1 DL=392.9875MHz
  AACH  [CapAlloc] f1=0 f2=0 raw=0x3000 (dist=0)

[#406] SB   [TN=4 FN=04 MN=46] corr=0.994  SB1 CRC OK [TMO] MCC=262 MNC=1010 CC=1 FN(air)=4 MF(air)=46 TN(air)=3 → TN=4 FN=04 MN=46
  BKN2  MAC-BROADCAST  sub=SYSINFO
  BKN2    Carrier=3719 Band=3 Duplex=0 HF=468 LocArea=1 DL=392.9875MHz
  AACH  [CapAlloc] f1=0 f2=0 raw=0x3000 (dist=0)

[#407] NDB2  [TN=1 FN=05 MN=46] corr=0.995  AACH  [DL/UL-Assign] DL=Common UL=Random CC=9 f1=9 f2=9 (dist=0)
  BKN1 SCH/HD  MAC-RESOURCE  addr=NULL LI=2 (2 octets)
  BKN2 SCH/HD  MAC-BROADCAST  sub=SYSINFO
  BKN2 SCH/HD    Carrier=3719 Band=3 Duplex=0 HF=468 LocArea=1 DL=392.9875MHz

[#408] SB   [TN=2 FN=05 MN=46] corr=0.991  SB1 CRC OK [TMO] MCC=262 MNC=1010 CC=1 FN(air)=5 MF(air)=46 TN(air)=1 → TN=2 FN=05 MN=46
  BKN2  MAC-BROADCAST  sub=SYSINFO
  BKN2    Carrier=3719 Band=3 Duplex=0 HF=468 LocArea=1 DL=392.9875MHz
  AACH  [CapAlloc] f1=0 f2=0 raw=0x3000 (dist=0)

[#409] SB   [TN=3 FN=05 MN=46] corr=0.991  SB1 CRC OK [TMO] MCC=262 MNC=1010 CC=1 FN(air)=5 MF(air)=46 TN(air)=2 → TN=3 FN=05 MN=46
  BKN2  MAC-BROADCAST  sub=SYSINFO
  BKN2    Carrier=3719 Band=3 Duplex=0 HF=468 LocArea=1 DL=392.9875MHz
  AACH  [CapAlloc] f1=0 f2=0 raw=0x3000 (dist=0)

[#410] SB   [TN=4 FN=05 MN=46] corr=0.992  SB1 CRC OK [TMO] MCC=262 MNC=1010 CC=1 FN(air)=5 MF(air)=46 TN(air)=3 → TN=4 FN=05 MN=46
  BKN2  MAC-BROADCAST  sub=SYSINFO
  BKN2    Carrier=3719 Band=3 Duplex=0 HF=468 LocArea=1 DL=392.9875MHz
  AACH  [CapAlloc] f1=0 f2=0 raw=0x3000 (dist=0)

[#411] NDB2  [TN=1 FN=06 MN=46] corr=0.996  AACH  [DL/UL-Assign] DL=Common UL=Random CC=9 f1=9 f2=9 (dist=0)
  BKN1 SCH/HD  MAC-RESOURCE  addr=NULL LI=2 (2 octets)
  BKN2 SCH/HD  MAC-BROADCAST  sub=SYSINFO
  BKN2 SCH/HD    Carrier=3719 Band=3 Duplex=0 HF=468 LocArea=1 DL=392.9875MHz

[#412] SB   [TN=2 FN=06 MN=46] corr=0.992  SB1 CRC OK [TMO] MCC=262 MNC=1010 CC=1 FN(air)=6 MF(air)=46 TN(air)=1 → TN=2 FN=06 MN=46
  BKN2  MAC-BROADCAST  sub=SYSINFO
  BKN2    Carrier=3719 Band=3 Duplex=0 HF=468 LocArea=1 DL=392.9875MHz
  AACH  [CapAlloc] f1=0 f2=0 raw=0x3000 (dist=0)

[#413] SB   [TN=3 FN=06 MN=46] corr=0.991  SB1 CRC OK [TMO] MCC=262 MNC=1010 CC=1 FN(air)=6 MF(air)=46 TN(air)=2 → TN=3 FN=06 MN=46
  BKN2  MAC-BROADCAST  sub=SYSINFO
  BKN2    Carrier=3719 Band=3 Duplex=0 HF=468 LocArea=1 DL=392.9875MHz
  AACH  [CapAlloc] f1=0 f2=0 raw=0x3000 (dist=0)

[#414] SB   [TN=4 FN=06 MN=46] corr=0.992  SB1 CRC OK [TMO] MCC=262 MNC=1010 CC=1 FN(air)=6 MF(air)=46 TN(air)=3 → TN=4 FN=06 MN=46
  BKN2  MAC-BROADCAST  sub=SYSINFO
  BKN2    Carrier=3719 Band=3 Duplex=0 HF=468 LocArea=1 DL=392.9875MHz
  AACH  [CapAlloc] f1=0 f2=0 raw=0x3000 (dist=0)

[#415] NDB2  [TN=1 FN=07 MN=46] corr=0.994  AACH  [DL/UL-Assign] DL=Common UL=Random CC=9 f1=9 f2=9 (dist=0)
  BKN1 SCH/HD  MAC-RESOURCE  addr=NULL LI=2 (2 octets)
  BKN2 SCH/HD  MAC-BROADCAST  sub=SYSINFO
  BKN2 SCH/HD    Carrier=3719 Band=3 Duplex=0 HF=468 LocArea=1 DL=392.9875MHz

[#416] SB   [TN=2 FN=07 MN=46] corr=0.994  SB1 CRC OK [TMO] MCC=262 MNC=1010 CC=1 FN(air)=7 MF(air)=46 TN(air)=1 → TN=2 FN=07 MN=46
  BKN2  MAC-BROADCAST  sub=SYSINFO
  BKN2    Carrier=3719 Band=3 Duplex=0 HF=468 LocArea=1 DL=392.9875MHz
  AACH  [CapAlloc] f1=0 f2=0 raw=0x3000 (dist=0)

[#417] SB   [TN=3 FN=07 MN=46] corr=0.995  SB1 CRC OK [TMO] MCC=262 MNC=1010 CC=1 FN(air)=7 MF(air)=46 TN(air)=2 → TN=3 FN=07 MN=46
  BKN2  MAC-BROADCAST  sub=SYSINFO
  BKN2    Carrier=3719 Band=3 Duplex=0 HF=468 LocArea=1 DL=392.9875MHz
  AACH  [CapAlloc] f1=0 f2=0 raw=0x3000 (dist=0)

[#418] SB   [TN=4 FN=07 MN=46] corr=0.995  SB1 CRC OK [TMO] MCC=262 MNC=1010 CC=1 FN(air)=7 MF(air)=46 TN(air)=3 → TN=4 FN=07 MN=46
  BKN2  MAC-BROADCAST  sub=SYSINFO
  BKN2    Carrier=3719 Band=3 Duplex=0 HF=468 LocArea=1 DL=392.9875MHz
  AACH  [CapAlloc] f1=0 f2=0 raw=0x3000 (dist=0)

[#419] NDB2  [TN=1 FN=08 MN=46] corr=0.994  AACH  [DL/UL-Assign] DL=Common UL=Random CC=9 f1=9 f2=9 (dist=0)
  BKN1 SCH/HD  MAC-RESOURCE  addr=NULL LI=2 (2 octets)
  BKN2 SCH/HD  MAC-BROADCAST  sub=SYSINFO
  BKN2 SCH/HD    Carrier=3719 Band=3 Duplex=0 HF=468 LocArea=1 DL=392.9875MHz

[#420] SB   [TN=2 FN=08 MN=46] corr=0.995  SB1 CRC OK [TMO] MCC=262 MNC=1010 CC=1 FN(air)=8 MF(air)=46 TN(air)=1 → TN=2 FN=08 MN=46
  BKN2  MAC-BROADCAST  sub=SYSINFO
  BKN2    Carrier=3719 Band=3 Duplex=0 HF=468 LocArea=1 DL=392.9875MHz
  AACH  [CapAlloc] f1=0 f2=0 raw=0x3000 (dist=0)

[#421] SB   [TN=3 FN=08 MN=46] corr=0.995  SB1 CRC OK [TMO] MCC=262 MNC=1010 CC=1 FN(air)=8 MF(air)=46 TN(air)=2 → TN=3 FN=08 MN=46
  BKN2  MAC-BROADCAST  sub=SYSINFO
  BKN2    Carrier=3719 Band=3 Duplex=0 HF=468 LocArea=1 DL=392.9875MHz
  AACH  [CapAlloc] f1=0 f2=0 raw=0x3000 (dist=0)

[#422] SB   [TN=4 FN=08 MN=46] corr=0.994  SB1 CRC OK [TMO] MCC=262 MNC=1010 CC=1 FN(air)=8 MF(air)=46 TN(air)=3 → TN=4 FN=08 MN=46
  BKN2  MAC-BROADCAST  sub=SYSINFO
  BKN2    Carrier=3719 Band=3 Duplex=0 HF=468 LocArea=1 DL=392.9875MHz
  AACH  [CapAlloc] f1=0 f2=0 raw=0x3000 (dist=0)

[#423] NDB2  [TN=1 FN=09 MN=46] corr=0.996  AACH  [DL/UL-Assign] DL=Common UL=Random CC=9 f1=9 f2=9 (dist=0)
  BKN1 SCH/HD  MAC-RESOURCE  addr=NULL LI=2 (2 octets)
  BKN2 SCH/HD  MAC-BROADCAST  sub=SYSINFO
  BKN2 SCH/HD    Carrier=3719 Band=3 Duplex=0 HF=468 LocArea=1 DL=392.9875MHz

[#424] SB   [TN=2 FN=09 MN=46] corr=0.991  SB1 CRC OK [TMO] MCC=262 MNC=1010 CC=1 FN(air)=9 MF(air)=46 TN(air)=1 → TN=2 FN=09 MN=46
  BKN2  MAC-BROADCAST  sub=SYSINFO
  BKN2    Carrier=3719 Band=3 Duplex=0 HF=468 LocArea=1 DL=392.9875MHz
  AACH  [CapAlloc] f1=0 f2=0 raw=0x3000 (dist=0)

[#425] SB   [TN=3 FN=09 MN=46] corr=0.991  SB1 CRC OK [TMO] MCC=262 MNC=1010 CC=1 FN(air)=9 MF(air)=46 TN(air)=2 → TN=3 FN=09 MN=46
  BKN2  MAC-BROADCAST  sub=SYSINFO
  BKN2    Carrier=3719 Band=3 Duplex=0 HF=468 LocArea=1 DL=392.9875MHz
  AACH  [CapAlloc] f1=0 f2=0 raw=0x3000 (dist=0)

[#426] SB   [TN=4 FN=09 MN=46] corr=0.992  SB1 CRC OK [TMO] MCC=262 MNC=1010 CC=1 FN(air)=9 MF(air)=46 TN(air)=3 → TN=4 FN=09 MN=46
  BKN2  MAC-BROADCAST  sub=SYSINFO
  BKN2    Carrier=3719 Band=3 Duplex=0 HF=468 LocArea=1 DL=392.9875MHz
  AACH  [CapAlloc] f1=0 f2=0 raw=0x3000 (dist=0)

[#427] NDB2  [TN=1 FN=10 MN=46] corr=0.996  AACH  [DL/UL-Assign] DL=Common UL=Random CC=9 f1=9 f2=9 (dist=0)
  BKN1 SCH/HD  MAC-RESOURCE  addr=NULL LI=2 (2 octets)
  BKN2 SCH/HD  MAC-BROADCAST  sub=SYSINFO
  BKN2 SCH/HD    Carrier=3719 Band=3 Duplex=0 HF=468 LocArea=1 DL=392.9875MHz

[#428] SB   [TN=2 FN=10 MN=46] corr=0.992  SB1 CRC OK [TMO] MCC=262 MNC=1010 CC=1 FN(air)=10 MF(air)=46 TN(air)=1 → TN=2 FN=10 MN=46
  BKN2  MAC-BROADCAST  sub=SYSINFO
  BKN2    Carrier=3719 Band=3 Duplex=0 HF=468 LocArea=1 DL=392.9875MHz
  AACH  [CapAlloc] f1=0 f2=0 raw=0x3000 (dist=0)

[#429] SB   [TN=3 FN=10 MN=46] corr=0.991  SB1 CRC OK [TMO] MCC=262 MNC=1010 CC=1 FN(air)=10 MF(air)=46 TN(air)=2 → TN=3 FN=10 MN=46
  BKN2  MAC-BROADCAST  sub=SYSINFO
  BKN2    Carrier=3719 Band=3 Duplex=0 HF=468 LocArea=1 DL=392.9875MHz
  AACH  [CapAlloc] f1=0 f2=0 raw=0x3000 (dist=0)

[#430] SB   [TN=4 FN=10 MN=46] corr=0.991  SB1 CRC OK [TMO] MCC=262 MNC=1010 CC=1 FN(air)=10 MF(air)=46 TN(air)=3 → TN=4 FN=10 MN=46
  BKN2  MAC-BROADCAST  sub=SYSINFO
  BKN2    Carrier=3719 Band=3 Duplex=0 HF=468 LocArea=1 DL=392.9875MHz
  AACH  [CapAlloc] f1=0 f2=0 raw=0x3000 (dist=0)

[#431] NDB2  [TN=1 FN=11 MN=46] corr=0.995  AACH  [DL/UL-Assign] DL=Common UL=Random CC=9 f1=9 f2=9 (dist=0)
  BKN1 SCH/HD  MAC-RESOURCE  addr=NULL LI=2 (2 octets)
  BKN2 SCH/HD  MAC-BROADCAST  sub=SYSINFO
  BKN2 SCH/HD    Carrier=3719 Band=3 Duplex=0 HF=468 LocArea=1 DL=392.9875MHz

[#432] SB   [TN=2 FN=11 MN=46] corr=0.994  SB1 CRC OK [TMO] MCC=262 MNC=1010 CC=1 FN(air)=11 MF(air)=46 TN(air)=1 → TN=2 FN=11 MN=46
  BKN2  MAC-BROADCAST  sub=SYSINFO
  BKN2    Carrier=3719 Band=3 Duplex=0 HF=468 LocArea=1 DL=392.9875MHz
  AACH  [CapAlloc] f1=0 f2=0 raw=0x3000 (dist=0)

[#433] SB   [TN=3 FN=11 MN=46] corr=0.995  SB1 CRC OK [TMO] MCC=262 MNC=1010 CC=1 FN(air)=11 MF(air)=46 TN(air)=2 → TN=3 FN=11 MN=46
  BKN2  MAC-BROADCAST  sub=SYSINFO
  BKN2    Carrier=3719 Band=3 Duplex=0 HF=468 LocArea=1 DL=392.9875MHz
  AACH  [CapAlloc] f1=0 f2=0 raw=0x3000 (dist=0)

[#434] SB   [TN=4 FN=11 MN=46] corr=0.995  SB1 CRC OK [TMO] MCC=262 MNC=1010 CC=1 FN(air)=11 MF(air)=46 TN(air)=3 → TN=4 FN=11 MN=46
  BKN2  MAC-BROADCAST  sub=SYSINFO
  BKN2    Carrier=3719 Band=3 Duplex=0 HF=468 LocArea=1 DL=392.9875MHz
  AACH  [CapAlloc] f1=0 f2=0 raw=0x3000 (dist=0)

[#435] NDB2  [TN=1 FN=12 MN=46] corr=0.995  AACH  [DL/UL-Assign] DL=Common UL=Random CC=9 f1=9 f2=9 (dist=0)
  BKN1 SCH/HD  MAC-RESOURCE  addr=NULL LI=2 (2 octets)
  BKN2 SCH/HD  MAC-BROADCAST  sub=SYSINFO
  BKN2 SCH/HD    Carrier=3719 Band=3 Duplex=0 HF=468 LocArea=1 DL=392.9875MHz

[#436] SB   [TN=2 FN=12 MN=46] corr=0.995  SB1 CRC OK [TMO] MCC=262 MNC=1010 CC=1 FN(air)=12 MF(air)=46 TN(air)=1 → TN=2 FN=12 MN=46
  BKN2  MAC-BROADCAST  sub=SYSINFO
  BKN2    Carrier=3719 Band=3 Duplex=0 HF=468 LocArea=1 DL=392.9875MHz
  AACH  [CapAlloc] f1=0 f2=0 raw=0x3000 (dist=0)

[#437] SB   [TN=3 FN=12 MN=46] corr=0.995  SB1 CRC OK [TMO] MCC=262 MNC=1010 CC=1 FN(air)=12 MF(air)=46 TN(air)=2 → TN=3 FN=12 MN=46
  BKN2  MAC-BROADCAST  sub=SYSINFO
  BKN2    Carrier=3719 Band=3 Duplex=0 HF=468 LocArea=1 DL=392.9875MHz
  AACH  [CapAlloc] f1=0 f2=0 raw=0x3000 (dist=0)

[#438] SB   [TN=4 FN=12 MN=46] corr=0.994  SB1 CRC OK [TMO] MCC=262 MNC=1010 CC=1 FN(air)=12 MF(air)=46 TN(air)=3 → TN=4 FN=12 MN=46
  BKN2  MAC-BROADCAST  sub=SYSINFO
  BKN2    Carrier=3719 Band=3 Duplex=0 HF=468 LocArea=1 DL=392.9875MHz
  AACH  [CapAlloc] f1=0 f2=0 raw=0x3000 (dist=0)

[#439] NDB2  [TN=1 FN=13 MN=46] corr=0.996  AACH  [DL/UL-Assign] DL=Common UL=Random CC=9 f1=9 f2=9 (dist=0)
  BKN1 SCH/HD  MAC-RESOURCE  addr=NULL LI=2 (2 octets)
  BKN2 SCH/HD  MAC-BROADCAST  sub=SYSINFO
  BKN2 SCH/HD    Carrier=3719 Band=3 Duplex=0 HF=468 LocArea=1 DL=392.9875MHz

[#440] SB   [TN=2 FN=13 MN=46] corr=0.992  SB1 CRC OK [TMO] MCC=262 MNC=1010 CC=1 FN(air)=13 MF(air)=46 TN(air)=1 → TN=2 FN=13 MN=46
  BKN2  MAC-BROADCAST  sub=SYSINFO
  BKN2    Carrier=3719 Band=3 Duplex=0 HF=468 LocArea=1 DL=392.9875MHz
  AACH  [CapAlloc] f1=0 f2=0 raw=0x3000 (dist=0)

[#441] SB   [TN=3 FN=13 MN=46] corr=0.991  SB1 CRC OK [TMO] MCC=262 MNC=1010 CC=1 FN(air)=13 MF(air)=46 TN(air)=2 → TN=3 FN=13 MN=46
  BKN2  MAC-BROADCAST  sub=SYSINFO
  BKN2    Carrier=3719 Band=3 Duplex=0 HF=468 LocArea=1 DL=392.9875MHz
  AACH  [CapAlloc] f1=0 f2=0 raw=0x3000 (dist=0)

[#442] SB   [TN=4 FN=13 MN=46] corr=0.992  SB1 CRC OK [TMO] MCC=262 MNC=1010 CC=1 FN(air)=13 MF(air)=46 TN(air)=3 → TN=4 FN=13 MN=46
  BKN2  MAC-BROADCAST  sub=SYSINFO
  BKN2    Carrier=3719 Band=3 Duplex=0 HF=468 LocArea=1 DL=392.9875MHz
  AACH  [CapAlloc] f1=0 f2=0 raw=0x3000 (dist=0)

[#443] NDB2  [TN=1 FN=14 MN=46] corr=0.995  AACH  [DL/UL-Assign] DL=Common UL=Random CC=9 f1=9 f2=9 (dist=0)
  BKN1 SCH/HD  MAC-RESOURCE  addr=NULL LI=2 (2 octets)
  BKN2 SCH/HD  MAC-BROADCAST  sub=SYSINFO
  BKN2 SCH/HD    Carrier=3719 Band=3 Duplex=0 HF=468 LocArea=1 DL=392.9875MHz

[#444] SB   [TN=2 FN=14 MN=46] corr=0.992  SB1 CRC OK [TMO] MCC=262 MNC=1010 CC=1 FN(air)=14 MF(air)=46 TN(air)=1 → TN=2 FN=14 MN=46
  BKN2  MAC-BROADCAST  sub=SYSINFO
  BKN2    Carrier=3719 Band=3 Duplex=0 HF=468 LocArea=1 DL=392.9875MHz
  AACH  [CapAlloc] f1=0 f2=0 raw=0x3000 (dist=0)

[#445] SB   [TN=3 FN=14 MN=46] corr=0.991  SB1 CRC OK [TMO] MCC=262 MNC=1010 CC=1 FN(air)=14 MF(air)=46 TN(air)=2 → TN=3 FN=14 MN=46
  BKN2  MAC-BROADCAST  sub=SYSINFO
  BKN2    Carrier=3719 Band=3 Duplex=0 HF=468 LocArea=1 DL=392.9875MHz
  AACH  [CapAlloc] f1=0 f2=0 raw=0x3000 (dist=0)

[#446] SB   [TN=4 FN=14 MN=46] corr=0.992  SB1 CRC OK [TMO] MCC=262 MNC=1010 CC=1 FN(air)=14 MF(air)=46 TN(air)=3 → TN=4 FN=14 MN=46
  BKN2  MAC-BROADCAST  sub=SYSINFO
  BKN2    Carrier=3719 Band=3 Duplex=0 HF=468 LocArea=1 DL=392.9875MHz
  AACH  [CapAlloc] f1=0 f2=0 raw=0x3000 (dist=0)

[#447] NDB2  [TN=1 FN=15 MN=46] corr=0.995  AACH  [DL/UL-Assign] DL=Common UL=Random CC=9 f1=9 f2=9 (dist=0)
  BKN1 SCH/HD  MAC-RESOURCE  addr=NULL LI=2 (2 octets)
  BKN2 SCH/HD  MAC-BROADCAST  sub=SYSINFO
  BKN2 SCH/HD    Carrier=3719 Band=3 Duplex=0 HF=468 LocArea=1 DL=392.9875MHz

[#448] SB   [TN=2 FN=15 MN=46] corr=0.994  SB1 CRC OK [TMO] MCC=262 MNC=1010 CC=1 FN(air)=15 MF(air)=46 TN(air)=1 → TN=2 FN=15 MN=46
  BKN2  MAC-BROADCAST  sub=SYSINFO
  BKN2    Carrier=3719 Band=3 Duplex=0 HF=468 LocArea=1 DL=392.9875MHz
  AACH  [CapAlloc] f1=0 f2=0 raw=0x3000 (dist=0)

[#449] SB   [TN=3 FN=15 MN=46] corr=0.995  SB1 CRC OK [TMO] MCC=262 MNC=1010 CC=1 FN(air)=15 MF(air)=46 TN(air)=2 → TN=3 FN=15 MN=46
  BKN2  MAC-BROADCAST  sub=SYSINFO
  BKN2    Carrier=3719 Band=3 Duplex=0 HF=468 LocArea=1 DL=392.9875MHz
  AACH  [CapAlloc] f1=0 f2=0 raw=0x3000 (dist=0)

[#450] SB   [TN=4 FN=15 MN=46] corr=0.994  SB1 CRC OK [TMO] MCC=262 MNC=1010 CC=1 FN(air)=15 MF(air)=46 TN(air)=3 → TN=4 FN=15 MN=46
  BKN2  MAC-BROADCAST  sub=SYSINFO
  BKN2    Carrier=3719 Band=3 Duplex=0 HF=468 LocArea=1 DL=392.9875MHz
  AACH  [CapAlloc] f1=0 f2=0 raw=0x3000 (dist=0)

[#451] NDB2  [TN=1 FN=16 MN=46] corr=0.994  AACH  [DL/UL-Assign] DL=Common UL=Random CC=9 f1=9 f2=9 (dist=0)
  BKN1 SCH/HD  MAC-RESOURCE  addr=NULL LI=2 (2 octets)
  BKN2 SCH/HD  MAC-BROADCAST  sub=SYSINFO
  BKN2 SCH/HD    Carrier=3719 Band=3 Duplex=0 HF=468 LocArea=1 DL=392.9875MHz

[#452] SB   [TN=2 FN=16 MN=46] corr=0.995  SB1 CRC OK [TMO] MCC=262 MNC=1010 CC=1 FN(air)=16 MF(air)=46 TN(air)=1 → TN=2 FN=16 MN=46
  BKN2  MAC-BROADCAST  sub=SYSINFO
  BKN2    Carrier=3719 Band=3 Duplex=0 HF=468 LocArea=1 DL=392.9875MHz
  AACH  [CapAlloc] f1=0 f2=0 raw=0x3000 (dist=0)

[#453] SB   [TN=3 FN=16 MN=46] corr=0.995  SB1 CRC OK [TMO] MCC=262 MNC=1010 CC=1 FN(air)=16 MF(air)=46 TN(air)=2 → TN=3 FN=16 MN=46
  BKN2  MAC-BROADCAST  sub=SYSINFO
  BKN2    Carrier=3719 Band=3 Duplex=0 HF=468 LocArea=1 DL=392.9875MHz
  AACH  [CapAlloc] f1=0 f2=0 raw=0x3000 (dist=0)

[#454] SB   [TN=4 FN=16 MN=46] corr=0.994  SB1 CRC OK [TMO] MCC=262 MNC=1010 CC=1 FN(air)=16 MF(air)=46 TN(air)=3 → TN=4 FN=16 MN=46
  BKN2  MAC-BROADCAST  sub=SYSINFO
  BKN2    Carrier=3719 Band=3 Duplex=0 HF=468 LocArea=1 DL=392.9875MHz
  AACH  [CapAlloc] f1=0 f2=0 raw=0x3000 (dist=0)

[#455] NDB2  [TN=1 FN=17 MN=46] corr=0.995  AACH  [DL/UL-Assign] DL=Common UL=Random CC=9 f1=9 f2=9 (dist=0)
  BKN1 SCH/HD  MAC-RESOURCE  addr=NULL LI=2 (2 octets)
  BKN2 SCH/HD  MAC-BROADCAST  sub=SYSINFO
  BKN2 SCH/HD    Carrier=3719 Band=3 Duplex=0 HF=468 LocArea=1 DL=392.9875MHz

[#456] SB   [TN=2 FN=17 MN=46] corr=0.992  SB1 CRC OK [TMO] MCC=262 MNC=1010 CC=1 FN(air)=17 MF(air)=46 TN(air)=1 → TN=2 FN=17 MN=46
  BKN2  MAC-BROADCAST  sub=SYSINFO
  BKN2    Carrier=3719 Band=3 Duplex=0 HF=468 LocArea=1 DL=392.9875MHz
  AACH  [CapAlloc] f1=0 f2=0 raw=0x3000 (dist=0)

[#457] SB   [TN=3 FN=17 MN=46] corr=0.991  SB1 CRC OK [TMO] MCC=262 MNC=1010 CC=1 FN(air)=17 MF(air)=46 TN(air)=2 → TN=3 FN=17 MN=46
  BKN2  MAC-BROADCAST  sub=SYSINFO
  BKN2    Carrier=3719 Band=3 Duplex=0 HF=468 LocArea=1 DL=392.9875MHz
  AACH  [CapAlloc] f1=0 f2=0 raw=0x3000 (dist=0)

[#458] SB   [TN=4 FN=17 MN=46] corr=0.992  SB1 CRC OK [TMO] MCC=262 MNC=1010 CC=1 FN(air)=17 MF(air)=46 TN(air)=3 → TN=4 FN=17 MN=46
  BKN2  MAC-BROADCAST  sub=SYSINFO
  BKN2    Carrier=3719 Band=3 Duplex=0 HF=468 LocArea=1 DL=392.9875MHz
  AACH  [CapAlloc] f1=0 f2=0 raw=0x3000 (dist=0)

[#459] SB   [TN=1 FN=18 MN=46 BSCH] corr=0.993  SB1 CRC OK [TMO] MCC=262 MNC=1010 CC=1 FN(air)=18 MF(air)=46 TN(air)=0 → TN=1 FN=18 MN=46 BSCH
  BKN2  MAC-BROADCAST  sub=SYSINFO
  BKN2    Carrier=3719 Band=3 Duplex=0 HF=468 LocArea=1 DL=392.9875MHz
  AACH  [DL/UL-Assign] DL=Unalloc UL=Random CC=9 f1=1 f2=9 (dist=0)

[#460] SB   [TN=2 FN=18 MN=46] corr=0.991  SB1 CRC OK [TMO] MCC=262 MNC=1010 CC=1 FN(air)=18 MF(air)=46 TN(air)=1 → TN=2 FN=18 MN=46
  BKN2  MAC-BROADCAST  sub=SYSINFO
  BKN2    Carrier=3719 Band=3 Duplex=0 HF=468 LocArea=1 DL=392.9875MHz
  AACH  [DL/UL-Assign] DL=Unalloc UL=Random CC=0 f1=1 f2=0 (dist=0)

[#461] SB   [TN=3 FN=18 MN=46 BNCH] corr=0.993  SB1 CRC OK [TMO] MCC=262 MNC=1010 CC=1 FN(air)=18 MF(air)=46 TN(air)=2 → TN=3 FN=18 MN=46 BNCH
  BKN2  MAC-BROADCAST  sub=SYSINFO
  BKN2    Carrier=3719 Band=3 Duplex=0 HF=468 LocArea=1 DL=392.9875MHz
  AACH  [DL/UL-Assign] DL=Unalloc UL=Random CC=0 f1=1 f2=0 (dist=0)

[#462] SB   [TN=4 FN=18 MN=46] corr=0.992  SB1 CRC OK [TMO] MCC=262 MNC=1010 CC=1 FN(air)=18 MF(air)=46 TN(air)=3 → TN=4 FN=18 MN=46
  BKN2  MAC-BROADCAST  sub=SYSINFO
  BKN2    Carrier=3719 Band=3 Duplex=0 HF=468 LocArea=1 DL=392.9875MHz
  AACH  [DL/UL-Assign] DL=Unalloc UL=Random CC=0 f1=1 f2=0 (dist=0)

[#463] NDB2  [TN=1 FN=01 MN=47] corr=0.996  AACH  [DL/UL-Assign] DL=Common UL=Random CC=9 f1=9 f2=9 (dist=0)
  BKN1 SCH/HD  MAC-RESOURCE  addr=NULL LI=2 (2 octets)
  BKN2 SCH/HD  MAC-BROADCAST  sub=SYSINFO
  BKN2 SCH/HD    Carrier=3719 Band=3 Duplex=0 HF=468 LocArea=1 DL=392.9875MHz

[#464] SB   [TN=2 FN=01 MN=47] corr=0.992  SB1 CRC OK [TMO] MCC=262 MNC=1010 CC=1 FN(air)=1 MF(air)=47 TN(air)=1 → TN=2 FN=01 MN=47
  BKN2  MAC-BROADCAST  sub=SYSINFO
  BKN2    Carrier=3719 Band=3 Duplex=0 HF=468 LocArea=1 DL=392.9875MHz
  AACH  [CapAlloc] f1=0 f2=0 raw=0x3000 (dist=0)

[#465] SB   [TN=3 FN=01 MN=47] corr=0.991  SB1 CRC OK [TMO] MCC=262 MNC=1010 CC=1 FN(air)=1 MF(air)=47 TN(air)=2 → TN=3 FN=01 MN=47
  BKN2  MAC-BROADCAST  sub=SYSINFO
  BKN2    Carrier=3719 Band=3 Duplex=0 HF=468 LocArea=1 DL=392.9875MHz
  AACH  [CapAlloc] f1=0 f2=0 raw=0x3000 (dist=0)

[#466] SB   [TN=4 FN=01 MN=47] corr=0.991  SB1 CRC OK [TMO] MCC=262 MNC=1010 CC=1 FN(air)=1 MF(air)=47 TN(air)=3 → TN=4 FN=01 MN=47
  BKN2  MAC-BROADCAST  sub=SYSINFO
  BKN2    Carrier=3719 Band=3 Duplex=0 HF=468 LocArea=1 DL=392.9875MHz
  AACH  [CapAlloc] f1=0 f2=0 raw=0x3000 (dist=0)

[#467] NDB2  [TN=1 FN=02 MN=47] corr=0.997  AACH  [DL/UL-Assign] DL=Common UL=Random CC=9 f1=9 f2=9 (dist=0)
  BKN1 SCH/HD  MAC-RESOURCE  addr=NULL LI=2 (2 octets)
  BKN2 SCH/HD  MAC-BROADCAST  sub=SYSINFO
  BKN2 SCH/HD    Carrier=3719 Band=3 Duplex=0 HF=468 LocArea=1 DL=392.9875MHz

[#468] SB   [TN=2 FN=02 MN=47] corr=0.991  SB1 CRC OK [TMO] MCC=262 MNC=1010 CC=1 FN(air)=2 MF(air)=47 TN(air)=1 → TN=2 FN=02 MN=47
  BKN2  MAC-BROADCAST  sub=SYSINFO
  BKN2    Carrier=3719 Band=3 Duplex=0 HF=468 LocArea=1 DL=392.9875MHz
  AACH  [CapAlloc] f1=0 f2=0 raw=0x3000 (dist=0)

[#469] SB   [TN=3 FN=02 MN=47] corr=0.993  SB1 CRC OK [TMO] MCC=262 MNC=1010 CC=1 FN(air)=2 MF(air)=47 TN(air)=2 → TN=3 FN=02 MN=47
  BKN2  MAC-BROADCAST  sub=SYSINFO
  BKN2    Carrier=3719 Band=3 Duplex=0 HF=468 LocArea=1 DL=392.9875MHz
  AACH  [CapAlloc] f1=0 f2=0 raw=0x3000 (dist=0)

[#470] SB   [TN=4 FN=02 MN=47] corr=0.992  SB1 CRC OK [TMO] MCC=262 MNC=1010 CC=1 FN(air)=2 MF(air)=47 TN(air)=3 → TN=4 FN=02 MN=47
  BKN2  MAC-BROADCAST  sub=SYSINFO
  BKN2    Carrier=3719 Band=3 Duplex=0 HF=468 LocArea=1 DL=392.9875MHz
  AACH  [CapAlloc] f1=0 f2=0 raw=0x3000 (dist=0)

[#471] NDB2  [TN=1 FN=03 MN=47] corr=0.995  AACH  [DL/UL-Assign] DL=Common UL=Random CC=9 f1=9 f2=9 (dist=0)
  BKN1 SCH/HD  MAC-RESOURCE  addr=NULL LI=2 (2 octets)
  BKN2 SCH/HD  MAC-BROADCAST  sub=SYSINFO
  BKN2 SCH/HD    Carrier=3719 Band=3 Duplex=0 HF=468 LocArea=1 DL=392.9875MHz

[#472] SB   [TN=2 FN=03 MN=47] corr=0.994  SB1 CRC OK [TMO] MCC=262 MNC=1010 CC=1 FN(air)=3 MF(air)=47 TN(air)=1 → TN=2 FN=03 MN=47
  BKN2  MAC-BROADCAST  sub=SYSINFO
  BKN2    Carrier=3719 Band=3 Duplex=0 HF=468 LocArea=1 DL=392.9875MHz
  AACH  [CapAlloc] f1=0 f2=0 raw=0x3000 (dist=0)

[#473] SB   [TN=3 FN=03 MN=47] corr=0.995  SB1 CRC OK [TMO] MCC=262 MNC=1010 CC=1 FN(air)=3 MF(air)=47 TN(air)=2 → TN=3 FN=03 MN=47
  BKN2  MAC-BROADCAST  sub=SYSINFO
  BKN2    Carrier=3719 Band=3 Duplex=0 HF=468 LocArea=1 DL=392.9875MHz
  AACH  [CapAlloc] f1=0 f2=0 raw=0x3000 (dist=0)

[#474] SB   [TN=4 FN=03 MN=47] corr=0.994  SB1 CRC OK [TMO] MCC=262 MNC=1010 CC=1 FN(air)=3 MF(air)=47 TN(air)=3 → TN=4 FN=03 MN=47
  BKN2  MAC-BROADCAST  sub=SYSINFO
  BKN2    Carrier=3719 Band=3 Duplex=0 HF=468 LocArea=1 DL=392.9875MHz
  AACH  [CapAlloc] f1=0 f2=0 raw=0x3000 (dist=0)

[#475] NDB2  [TN=1 FN=04 MN=47] corr=0.994  AACH  [DL/UL-Assign] DL=Common UL=Random CC=9 f1=9 f2=9 (dist=0)
  BKN1 SCH/HD  MAC-RESOURCE  addr=NULL LI=2 (2 octets)
  BKN2 SCH/HD  MAC-BROADCAST  sub=SYSINFO
  BKN2 SCH/HD    Carrier=3719 Band=3 Duplex=0 HF=468 LocArea=1 DL=392.9875MHz

[#476] SB   [TN=2 FN=04 MN=47] corr=0.994  SB1 CRC OK [TMO] MCC=262 MNC=1010 CC=1 FN(air)=4 MF(air)=47 TN(air)=1 → TN=2 FN=04 MN=47
  BKN2  MAC-BROADCAST  sub=SYSINFO
  BKN2    Carrier=3719 Band=3 Duplex=0 HF=468 LocArea=1 DL=392.9875MHz
  AACH  [CapAlloc] f1=0 f2=0 raw=0x3000 (dist=0)

[#477] SB   [TN=3 FN=04 MN=47] corr=0.993  SB1 CRC OK [TMO] MCC=262 MNC=1010 CC=1 FN(air)=4 MF(air)=47 TN(air)=2 → TN=3 FN=04 MN=47
  BKN2  MAC-BROADCAST  sub=SYSINFO
  BKN2    Carrier=3719 Band=3 Duplex=0 HF=468 LocArea=1 DL=392.9875MHz
  AACH  [CapAlloc] f1=0 f2=0 raw=0x3000 (dist=0)

[#478] SB   [TN=4 FN=04 MN=47] corr=0.994  SB1 CRC OK [TMO] MCC=262 MNC=1010 CC=1 FN(air)=4 MF(air)=47 TN(air)=3 → TN=4 FN=04 MN=47
  BKN2  MAC-BROADCAST  sub=SYSINFO
  BKN2    Carrier=3719 Band=3 Duplex=0 HF=468 LocArea=1 DL=392.9875MHz
  AACH  [CapAlloc] f1=0 f2=0 raw=0x3000 (dist=0)

[#479] NDB2  [TN=1 FN=05 MN=47] corr=0.995  AACH  [DL/UL-Assign] DL=Common UL=Random CC=9 f1=9 f2=9 (dist=0)
  BKN1 SCH/HD  MAC-RESOURCE  addr=NULL LI=2 (2 octets)
  BKN2 SCH/HD  MAC-BROADCAST  sub=SYSINFO
  BKN2 SCH/HD    Carrier=3719 Band=3 Duplex=0 HF=468 LocArea=1 DL=392.9875MHz

[#480] SB   [TN=2 FN=05 MN=47] corr=0.991  SB1 CRC OK [TMO] MCC=262 MNC=1010 CC=1 FN(air)=5 MF(air)=47 TN(air)=1 → TN=2 FN=05 MN=47
  BKN2  MAC-BROADCAST  sub=SYSINFO
  BKN2    Carrier=3719 Band=3 Duplex=0 HF=468 LocArea=1 DL=392.9875MHz
  AACH  [CapAlloc] f1=0 f2=0 raw=0x3000 (dist=0)

[#481] SB   [TN=3 FN=05 MN=47] corr=0.991  SB1 CRC OK [TMO] MCC=262 MNC=1010 CC=1 FN(air)=5 MF(air)=47 TN(air)=2 → TN=3 FN=05 MN=47
  BKN2  MAC-BROADCAST  sub=SYSINFO
  BKN2    Carrier=3719 Band=3 Duplex=0 HF=468 LocArea=1 DL=392.9875MHz
  AACH  [CapAlloc] f1=0 f2=0 raw=0x3000 (dist=0)

[#482] SB   [TN=4 FN=05 MN=47] corr=0.992  SB1 CRC OK [TMO] MCC=262 MNC=1010 CC=1 FN(air)=5 MF(air)=47 TN(air)=3 → TN=4 FN=05 MN=47
  BKN2  MAC-BROADCAST  sub=SYSINFO
  BKN2    Carrier=3719 Band=3 Duplex=0 HF=468 LocArea=1 DL=392.9875MHz
  AACH  [CapAlloc] f1=0 f2=0 raw=0x3000 (dist=0)

[#483] NDB2  [TN=1 FN=06 MN=47] corr=0.997  AACH  [DL/UL-Assign] DL=Common UL=Random CC=9 f1=9 f2=9 (dist=0)
  BKN1 SCH/HD  MAC-RESOURCE  addr=NULL LI=2 (2 octets)
  BKN2 SCH/HD  MAC-BROADCAST  sub=SYSINFO
  BKN2 SCH/HD    Carrier=3719 Band=3 Duplex=0 HF=468 LocArea=1 DL=392.9875MHz

[#484] SB   [TN=2 FN=06 MN=47] corr=0.992  SB1 CRC OK [TMO] MCC=262 MNC=1010 CC=1 FN(air)=6 MF(air)=47 TN(air)=1 → TN=2 FN=06 MN=47
  BKN2  MAC-BROADCAST  sub=SYSINFO
  BKN2    Carrier=3719 Band=3 Duplex=0 HF=468 LocArea=1 DL=392.9875MHz
  AACH  [CapAlloc] f1=0 f2=0 raw=0x3000 (dist=0)

[#485] SB   [TN=3 FN=06 MN=47] corr=0.993  SB1 CRC OK [TMO] MCC=262 MNC=1010 CC=1 FN(air)=6 MF(air)=47 TN(air)=2 → TN=3 FN=06 MN=47
  BKN2  MAC-BROADCAST  sub=SYSINFO
  BKN2    Carrier=3719 Band=3 Duplex=0 HF=468 LocArea=1 DL=392.9875MHz
  AACH  [CapAlloc] f1=0 f2=0 raw=0x3000 (dist=0)

[#486] SB   [TN=4 FN=06 MN=47] corr=0.992  SB1 CRC OK [TMO] MCC=262 MNC=1010 CC=1 FN(air)=6 MF(air)=47 TN(air)=3 → TN=4 FN=06 MN=47
  BKN2  MAC-BROADCAST  sub=SYSINFO
  BKN2    Carrier=3719 Band=3 Duplex=0 HF=468 LocArea=1 DL=392.9875MHz
  AACH  [CapAlloc] f1=0 f2=0 raw=0x3000 (dist=0)

[#487] NDB2  [TN=1 FN=07 MN=47] corr=0.994  AACH  [DL/UL-Assign] DL=Common UL=Random CC=9 f1=9 f2=9 (dist=0)
  BKN1 SCH/HD  MAC-RESOURCE  addr=NULL LI=2 (2 octets)
  BKN2 SCH/HD  MAC-BROADCAST  sub=SYSINFO
  BKN2 SCH/HD    Carrier=3719 Band=3 Duplex=0 HF=468 LocArea=1 DL=392.9875MHz

[#488] SB   [TN=2 FN=07 MN=47] corr=0.994  SB1 CRC OK [TMO] MCC=262 MNC=1010 CC=1 FN(air)=7 MF(air)=47 TN(air)=1 → TN=2 FN=07 MN=47
  BKN2  MAC-BROADCAST  sub=SYSINFO
  BKN2    Carrier=3719 Band=3 Duplex=0 HF=468 LocArea=1 DL=392.9875MHz
  AACH  [CapAlloc] f1=0 f2=0 raw=0x3000 (dist=0)

[#489] SB   [TN=3 FN=07 MN=47] corr=0.995  SB1 CRC OK [TMO] MCC=262 MNC=1010 CC=1 FN(air)=7 MF(air)=47 TN(air)=2 → TN=3 FN=07 MN=47
  BKN2  MAC-BROADCAST  sub=SYSINFO
  BKN2    Carrier=3719 Band=3 Duplex=0 HF=468 LocArea=1 DL=392.9875MHz
  AACH  [CapAlloc] f1=0 f2=0 raw=0x3000 (dist=0)

[#490] SB   [TN=4 FN=07 MN=47] corr=0.994  SB1 CRC OK [TMO] MCC=262 MNC=1010 CC=1 FN(air)=7 MF(air)=47 TN(air)=3 → TN=4 FN=07 MN=47
  BKN2  MAC-BROADCAST  sub=SYSINFO
  BKN2    Carrier=3719 Band=3 Duplex=0 HF=468 LocArea=1 DL=392.9875MHz
  AACH  [CapAlloc] f1=0 f2=0 raw=0x3000 (dist=0)

[#491] NDB2  [TN=1 FN=08 MN=47] corr=0.993  AACH  [DL/UL-Assign] DL=Common UL=Random CC=9 f1=9 f2=9 (dist=0)
  BKN1 SCH/HD  MAC-RESOURCE  addr=NULL LI=2 (2 octets)
  BKN2 SCH/HD  MAC-BROADCAST  sub=SYSINFO
  BKN2 SCH/HD    Carrier=3719 Band=3 Duplex=0 HF=468 LocArea=1 DL=392.9875MHz

[#492] SB   [TN=2 FN=08 MN=47] corr=0.994  SB1 CRC OK [TMO] MCC=262 MNC=1010 CC=1 FN(air)=8 MF(air)=47 TN(air)=1 → TN=2 FN=08 MN=47
  BKN2  MAC-BROADCAST  sub=SYSINFO
  BKN2    Carrier=3719 Band=3 Duplex=0 HF=468 LocArea=1 DL=392.9875MHz
  AACH  [CapAlloc] f1=0 f2=0 raw=0x3000 (dist=0)

[#493] SB   [TN=3 FN=08 MN=47] corr=0.994  SB1 CRC OK [TMO] MCC=262 MNC=1010 CC=1 FN(air)=8 MF(air)=47 TN(air)=2 → TN=3 FN=08 MN=47
  BKN2  MAC-BROADCAST  sub=SYSINFO
  BKN2    Carrier=3719 Band=3 Duplex=0 HF=468 LocArea=1 DL=392.9875MHz
  AACH  [CapAlloc] f1=0 f2=0 raw=0x3000 (dist=0)

[#494] SB   [TN=4 FN=08 MN=47] corr=0.994  SB1 CRC OK [TMO] MCC=262 MNC=1010 CC=1 FN(air)=8 MF(air)=47 TN(air)=3 → TN=4 FN=08 MN=47
  BKN2  MAC-BROADCAST  sub=SYSINFO
  BKN2    Carrier=3719 Band=3 Duplex=0 HF=468 LocArea=1 DL=392.9875MHz
  AACH  [CapAlloc] f1=0 f2=0 raw=0x3000 (dist=0)

[#495] NDB2  [TN=1 FN=09 MN=47] corr=0.996  AACH  [DL/UL-Assign] DL=Common UL=Random CC=9 f1=9 f2=9 (dist=0)
  BKN1 SCH/HD  MAC-RESOURCE  addr=NULL LI=2 (2 octets)
  BKN2 SCH/HD  MAC-BROADCAST  sub=SYSINFO
  BKN2 SCH/HD    Carrier=3719 Band=3 Duplex=0 HF=468 LocArea=1 DL=392.9875MHz

[#496] SB   [TN=2 FN=09 MN=47] corr=0.991  SB1 CRC OK [TMO] MCC=262 MNC=1010 CC=1 FN(air)=9 MF(air)=47 TN(air)=1 → TN=2 FN=09 MN=47
  BKN2  MAC-BROADCAST  sub=SYSINFO
  BKN2    Carrier=3719 Band=3 Duplex=0 HF=468 LocArea=1 DL=392.9875MHz
  AACH  [CapAlloc] f1=0 f2=0 raw=0x3000 (dist=0)

[#497] SB   [TN=3 FN=09 MN=47] corr=0.991  SB1 CRC OK [TMO] MCC=262 MNC=1010 CC=1 FN(air)=9 MF(air)=47 TN(air)=2 → TN=3 FN=09 MN=47
  BKN2  MAC-BROADCAST  sub=SYSINFO
  BKN2    Carrier=3719 Band=3 Duplex=0 HF=468 LocArea=1 DL=392.9875MHz
  AACH  [CapAlloc] f1=0 f2=0 raw=0x3000 (dist=0)

[#498] SB   [TN=4 FN=09 MN=47] corr=0.992  SB1 CRC OK [TMO] MCC=262 MNC=1010 CC=1 FN(air)=9 MF(air)=47 TN(air)=3 → TN=4 FN=09 MN=47
  BKN2  MAC-BROADCAST  sub=SYSINFO
  BKN2    Carrier=3719 Band=3 Duplex=0 HF=468 LocArea=1 DL=392.9875MHz
  AACH  [CapAlloc] f1=0 f2=0 raw=0x3000 (dist=0)

[#499] NDB2  [TN=1 FN=10 MN=47] corr=0.996  AACH  [DL/UL-Assign] DL=Common UL=Random CC=9 f1=9 f2=9 (dist=0)
  BKN1 SCH/HD  MAC-RESOURCE  addr=NULL LI=2 (2 octets)
  BKN2 SCH/HD  MAC-BROADCAST  sub=SYSINFO
  BKN2 SCH/HD    Carrier=3719 Band=3 Duplex=0 HF=468 LocArea=1 DL=392.9875MHz
  [progress] MER=0.0%  BER(EMA)=0.0000

[#500] SB   [TN=2 FN=10 MN=47] corr=0.992  SB1 CRC OK [TMO] MCC=262 MNC=1010 CC=1 FN(air)=10 MF(air)=47 TN(air)=1 → TN=2 FN=10 MN=47
  BKN2  MAC-BROADCAST  sub=SYSINFO
  BKN2    Carrier=3719 Band=3 Duplex=0 HF=468 LocArea=1 DL=392.9875MHz
  AACH  [CapAlloc] f1=0 f2=0 raw=0x3000 (dist=0)

[#501] SB   [TN=3 FN=10 MN=47] corr=0.993  SB1 CRC OK [TMO] MCC=262 MNC=1010 CC=1 FN(air)=10 MF(air)=47 TN(air)=2 → TN=3 FN=10 MN=47
  BKN2  MAC-BROADCAST  sub=SYSINFO
  BKN2    Carrier=3719 Band=3 Duplex=0 HF=468 LocArea=1 DL=392.9875MHz
  AACH  [CapAlloc] f1=0 f2=0 raw=0x3000 (dist=0)

[#502] SB   [TN=4 FN=10 MN=47] corr=0.991  SB1 CRC OK [TMO] MCC=262 MNC=1010 CC=1 FN(air)=10 MF(air)=47 TN(air)=3 → TN=4 FN=10 MN=47
  BKN2  MAC-BROADCAST  sub=SYSINFO
  BKN2    Carrier=3719 Band=3 Duplex=0 HF=468 LocArea=1 DL=392.9875MHz
  AACH  [CapAlloc] f1=0 f2=0 raw=0x3000 (dist=0)

[#503] NDB2  [TN=1 FN=11 MN=47] corr=0.994  AACH  [DL/UL-Assign] DL=Common UL=Random CC=9 f1=9 f2=9 (dist=0)
  BKN1 SCH/HD  MAC-RESOURCE  addr=NULL LI=2 (2 octets)
  BKN2 SCH/HD  MAC-BROADCAST  sub=SYSINFO
  BKN2 SCH/HD    Carrier=3719 Band=3 Duplex=0 HF=468 LocArea=1 DL=392.9875MHz

[#504] SB   [TN=2 FN=11 MN=47] corr=0.994  SB1 CRC OK [TMO] MCC=262 MNC=1010 CC=1 FN(air)=11 MF(air)=47 TN(air)=1 → TN=2 FN=11 MN=47
  BKN2  MAC-BROADCAST  sub=SYSINFO
  BKN2    Carrier=3719 Band=3 Duplex=0 HF=468 LocArea=1 DL=392.9875MHz
  AACH  [CapAlloc] f1=0 f2=0 raw=0x3000 (dist=0)

[#505] SB   [TN=3 FN=11 MN=47] corr=0.995  SB1 CRC OK [TMO] MCC=262 MNC=1010 CC=1 FN(air)=11 MF(air)=47 TN(air)=2 → TN=3 FN=11 MN=47
  BKN2  MAC-BROADCAST  sub=SYSINFO
  BKN2    Carrier=3719 Band=3 Duplex=0 HF=468 LocArea=1 DL=392.9875MHz
  AACH  [CapAlloc] f1=0 f2=0 raw=0x3000 (dist=0)

[#506] SB   [TN=4 FN=11 MN=47] corr=0.994  SB1 CRC OK [TMO] MCC=262 MNC=1010 CC=1 FN(air)=11 MF(air)=47 TN(air)=3 → TN=4 FN=11 MN=47
  BKN2  MAC-BROADCAST  sub=SYSINFO
  BKN2    Carrier=3719 Band=3 Duplex=0 HF=468 LocArea=1 DL=392.9875MHz
  AACH  [CapAlloc] f1=0 f2=0 raw=0x3000 (dist=0)

[#507] NDB2  [TN=1 FN=12 MN=47] corr=0.994  AACH  [DL/UL-Assign] DL=Common UL=Random CC=9 f1=9 f2=9 (dist=0)
  BKN1 SCH/HD  MAC-RESOURCE  addr=NULL LI=2 (2 octets)
  BKN2 SCH/HD  MAC-BROADCAST  sub=SYSINFO
  BKN2 SCH/HD    Carrier=3719 Band=3 Duplex=0 HF=468 LocArea=1 DL=392.9875MHz

[#508] SB   [TN=2 FN=12 MN=47] corr=0.994  SB1 CRC OK [TMO] MCC=262 MNC=1010 CC=1 FN(air)=12 MF(air)=47 TN(air)=1 → TN=2 FN=12 MN=47
  BKN2  MAC-BROADCAST  sub=SYSINFO
  BKN2    Carrier=3719 Band=3 Duplex=0 HF=468 LocArea=1 DL=392.9875MHz
  AACH  [CapAlloc] f1=0 f2=0 raw=0x3000 (dist=0)

[#509] SB   [TN=3 FN=12 MN=47] corr=0.993  SB1 CRC OK [TMO] MCC=262 MNC=1010 CC=1 FN(air)=12 MF(air)=47 TN(air)=2 → TN=3 FN=12 MN=47
  BKN2  MAC-BROADCAST  sub=SYSINFO
  BKN2    Carrier=3719 Band=3 Duplex=0 HF=468 LocArea=1 DL=392.9875MHz
  AACH  [CapAlloc] f1=0 f2=0 raw=0x3000 (dist=0)

[#510] SB   [TN=4 FN=12 MN=47] corr=0.994  SB1 CRC OK [TMO] MCC=262 MNC=1010 CC=1 FN(air)=12 MF(air)=47 TN(air)=3 → TN=4 FN=12 MN=47
  BKN2  MAC-BROADCAST  sub=SYSINFO
  BKN2    Carrier=3719 Band=3 Duplex=0 HF=468 LocArea=1 DL=392.9875MHz
  AACH  [CapAlloc] f1=0 f2=0 raw=0x3000 (dist=0)

[#511] NDB2  [TN=1 FN=13 MN=47] corr=0.996  AACH  [DL/UL-Assign] DL=Common UL=Random CC=9 f1=9 f2=9 (dist=0)
  BKN1 SCH/HD  MAC-RESOURCE  addr=NULL LI=2 (2 octets)
  BKN2 SCH/HD  MAC-BROADCAST  sub=SYSINFO
  BKN2 SCH/HD    Carrier=3719 Band=3 Duplex=0 HF=468 LocArea=1 DL=392.9875MHz

[#512] SB   [TN=2 FN=13 MN=47] corr=0.992  SB1 CRC OK [TMO] MCC=262 MNC=1010 CC=1 FN(air)=13 MF(air)=47 TN(air)=1 → TN=2 FN=13 MN=47
  BKN2  MAC-BROADCAST  sub=SYSINFO
  BKN2    Carrier=3719 Band=3 Duplex=0 HF=468 LocArea=1 DL=392.9875MHz
  AACH  [CapAlloc] f1=0 f2=0 raw=0x3000 (dist=0)

[#513] SB   [TN=3 FN=13 MN=47] corr=0.991  SB1 CRC OK [TMO] MCC=262 MNC=1010 CC=1 FN(air)=13 MF(air)=47 TN(air)=2 → TN=3 FN=13 MN=47
  BKN2  MAC-BROADCAST  sub=SYSINFO
  BKN2    Carrier=3719 Band=3 Duplex=0 HF=468 LocArea=1 DL=392.9875MHz
  AACH  [CapAlloc] f1=0 f2=0 raw=0x3000 (dist=0)

[#514] SB   [TN=4 FN=13 MN=47] corr=0.991  SB1 CRC OK [TMO] MCC=262 MNC=1010 CC=1 FN(air)=13 MF(air)=47 TN(air)=3 → TN=4 FN=13 MN=47
  BKN2  MAC-BROADCAST  sub=SYSINFO
  BKN2    Carrier=3719 Band=3 Duplex=0 HF=468 LocArea=1 DL=392.9875MHz
  AACH  [CapAlloc] f1=0 f2=0 raw=0x3000 (dist=0)

[#515] NDB2  [TN=1 FN=14 MN=47] corr=0.997  AACH  [DL/UL-Assign] DL=Common UL=Random CC=9 f1=9 f2=9 (dist=0)
  BKN1 SCH/HD  MAC-RESOURCE  addr=NULL LI=2 (2 octets)
  BKN2 SCH/HD  MAC-BROADCAST  sub=SYSINFO
  BKN2 SCH/HD    Carrier=3719 Band=3 Duplex=0 HF=468 LocArea=1 DL=392.9875MHz

[#516] SB   [TN=2 FN=14 MN=47] corr=0.992  SB1 CRC OK [TMO] MCC=262 MNC=1010 CC=1 FN(air)=14 MF(air)=47 TN(air)=1 → TN=2 FN=14 MN=47
  BKN2  MAC-BROADCAST  sub=SYSINFO
  BKN2    Carrier=3719 Band=3 Duplex=0 HF=468 LocArea=1 DL=392.9875MHz
  AACH  [CapAlloc] f1=0 f2=0 raw=0x3000 (dist=0)

[#517] SB   [TN=3 FN=14 MN=47] corr=0.993  SB1 CRC OK [TMO] MCC=262 MNC=1010 CC=1 FN(air)=14 MF(air)=47 TN(air)=2 → TN=3 FN=14 MN=47
  BKN2  MAC-BROADCAST  sub=SYSINFO
  BKN2    Carrier=3719 Band=3 Duplex=0 HF=468 LocArea=1 DL=392.9875MHz
  AACH  [CapAlloc] f1=0 f2=0 raw=0x3000 (dist=0)

[#518] SB   [TN=4 FN=14 MN=47] corr=0.992  SB1 CRC OK [TMO] MCC=262 MNC=1010 CC=1 FN(air)=14 MF(air)=47 TN(air)=3 → TN=4 FN=14 MN=47
  BKN2  MAC-BROADCAST  sub=SYSINFO
  BKN2    Carrier=3719 Band=3 Duplex=0 HF=468 LocArea=1 DL=392.9875MHz
  AACH  [CapAlloc] f1=0 f2=0 raw=0x3000 (dist=0)

[#519] NDB2  [TN=1 FN=15 MN=47] corr=0.995  AACH  [DL/UL-Assign] DL=Common UL=Random CC=9 f1=9 f2=9 (dist=0)
  BKN1 SCH/HD  MAC-RESOURCE  addr=NULL LI=2 (2 octets)
  BKN2 SCH/HD  MAC-BROADCAST  sub=SYSINFO
  BKN2 SCH/HD    Carrier=3719 Band=3 Duplex=0 HF=468 LocArea=1 DL=392.9875MHz

[#520] SB   [TN=2 FN=15 MN=47] corr=0.994  SB1 CRC OK [TMO] MCC=262 MNC=1010 CC=1 FN(air)=15 MF(air)=47 TN(air)=1 → TN=2 FN=15 MN=47
  BKN2  MAC-BROADCAST  sub=SYSINFO
  BKN2    Carrier=3719 Band=3 Duplex=0 HF=468 LocArea=1 DL=392.9875MHz
  AACH  [CapAlloc] f1=0 f2=0 raw=0x3000 (dist=0)

[#521] SB   [TN=3 FN=15 MN=47] corr=0.995  SB1 CRC OK [TMO] MCC=262 MNC=1010 CC=1 FN(air)=15 MF(air)=47 TN(air)=2 → TN=3 FN=15 MN=47
  BKN2  MAC-BROADCAST  sub=SYSINFO
  BKN2    Carrier=3719 Band=3 Duplex=0 HF=468 LocArea=1 DL=392.9875MHz
  AACH  [CapAlloc] f1=0 f2=0 raw=0x3000 (dist=0)

[#522] SB   [TN=4 FN=15 MN=47] corr=0.995  SB1 CRC OK [TMO] MCC=262 MNC=1010 CC=1 FN(air)=15 MF(air)=47 TN(air)=3 → TN=4 FN=15 MN=47
  BKN2  MAC-BROADCAST  sub=SYSINFO
  BKN2    Carrier=3719 Band=3 Duplex=0 HF=468 LocArea=1 DL=392.9875MHz
  AACH  [CapAlloc] f1=0 f2=0 raw=0x3000 (dist=0)

[#523] NDB2  [TN=1 FN=16 MN=47] corr=0.994  AACH  [DL/UL-Assign] DL=Common UL=Random CC=9 f1=9 f2=9 (dist=0)
  BKN1 SCH/HD  MAC-RESOURCE  addr=NULL LI=2 (2 octets)
  BKN2 SCH/HD  MAC-BROADCAST  sub=SYSINFO
  BKN2 SCH/HD    Carrier=3719 Band=3 Duplex=0 HF=468 LocArea=1 DL=392.9875MHz

[#524] SB   [TN=2 FN=16 MN=47] corr=0.994  SB1 CRC OK [TMO] MCC=262 MNC=1010 CC=1 FN(air)=16 MF(air)=47 TN(air)=1 → TN=2 FN=16 MN=47
  BKN2  MAC-BROADCAST  sub=SYSINFO
  BKN2    Carrier=3719 Band=3 Duplex=0 HF=468 LocArea=1 DL=392.9875MHz
  AACH  [CapAlloc] f1=0 f2=0 raw=0x3000 (dist=0)

[#525] SB   [TN=3 FN=16 MN=47] corr=0.993  SB1 CRC OK [TMO] MCC=262 MNC=1010 CC=1 FN(air)=16 MF(air)=47 TN(air)=2 → TN=3 FN=16 MN=47
  BKN2  MAC-BROADCAST  sub=SYSINFO
  BKN2    Carrier=3719 Band=3 Duplex=0 HF=468 LocArea=1 DL=392.9875MHz
  AACH  [CapAlloc] f1=0 f2=0 raw=0x3000 (dist=0)

[#526] SB   [TN=4 FN=16 MN=47] corr=0.994  SB1 CRC OK [TMO] MCC=262 MNC=1010 CC=1 FN(air)=16 MF(air)=47 TN(air)=3 → TN=4 FN=16 MN=47
  BKN2  MAC-BROADCAST  sub=SYSINFO
  BKN2    Carrier=3719 Band=3 Duplex=0 HF=468 LocArea=1 DL=392.9875MHz
  AACH  [CapAlloc] f1=0 f2=0 raw=0x3000 (dist=0)

[#527] NDB2  [TN=1 FN=17 MN=47] corr=0.995  AACH  [DL/UL-Assign] DL=Common UL=Random CC=9 f1=9 f2=9 (dist=0)
  BKN1 SCH/HD  MAC-RESOURCE  addr=NULL LI=2 (2 octets)
  BKN2 SCH/HD  MAC-BROADCAST  sub=SYSINFO
  BKN2 SCH/HD    Carrier=3719 Band=3 Duplex=0 HF=468 LocArea=1 DL=392.9875MHz

[#528] SB   [TN=2 FN=17 MN=47] corr=0.991  SB1 CRC OK [TMO] MCC=262 MNC=1010 CC=1 FN(air)=17 MF(air)=47 TN(air)=1 → TN=2 FN=17 MN=47
  BKN2  MAC-BROADCAST  sub=SYSINFO
  BKN2    Carrier=3719 Band=3 Duplex=0 HF=468 LocArea=1 DL=392.9875MHz
  AACH  [CapAlloc] f1=0 f2=0 raw=0x3000 (dist=0)

[#529] SB   [TN=3 FN=17 MN=47] corr=0.991  SB1 CRC OK [TMO] MCC=262 MNC=1010 CC=1 FN(air)=17 MF(air)=47 TN(air)=2 → TN=3 FN=17 MN=47
  BKN2  MAC-BROADCAST  sub=SYSINFO
  BKN2    Carrier=3719 Band=3 Duplex=0 HF=468 LocArea=1 DL=392.9875MHz
  AACH  [CapAlloc] f1=0 f2=0 raw=0x3000 (dist=0)

[#530] SB   [TN=4 FN=17 MN=47] corr=0.992  SB1 CRC OK [TMO] MCC=262 MNC=1010 CC=1 FN(air)=17 MF(air)=47 TN(air)=3 → TN=4 FN=17 MN=47
  BKN2  MAC-BROADCAST  sub=SYSINFO
  BKN2    Carrier=3719 Band=3 Duplex=0 HF=468 LocArea=1 DL=392.9875MHz
  AACH  [CapAlloc] f1=0 f2=0 raw=0x3000 (dist=0)

[#531] NDB2  [TN=1 FN=18 MN=47] corr=0.997  AACH  [DL/UL-Assign] DL=Common UL=Random CC=9 f1=9 f2=9 (dist=0)
  BKN1 SCH/HD  MAC-RESOURCE  addr=NULL LI=2 (2 octets)
  BKN2 BNCH  {'Mode': 'DMO', 'Sync_PDU_type': 8, 'SystemCode': 8, 'ColourCode': 58, 'TimeSlot': 0, 'Frame': 14, 'AirInterfaceEnc': 1, 'MNI': 14709379, 'SourceAddress': 468}

[#532] SB   [TN=2 FN=18 MN=47 BNCH] corr=0.990  SB1 CRC OK [TMO] MCC=262 MNC=1010 CC=1 FN(air)=18 MF(air)=47 TN(air)=1 → TN=2 FN=18 MN=47 BNCH
  BKN2  MAC-BROADCAST  sub=SYSINFO
  BKN2    Carrier=3719 Band=3 Duplex=0 HF=468 LocArea=1 DL=392.9875MHz
  AACH  [DL/UL-Assign] DL=Unalloc UL=Random CC=0 f1=1 f2=0 (dist=0)

[#533] SB   [TN=3 FN=18 MN=47] corr=0.993  SB1 CRC OK [TMO] MCC=262 MNC=1010 CC=1 FN(air)=18 MF(air)=47 TN(air)=2 → TN=3 FN=18 MN=47
  BKN2  MAC-BROADCAST  sub=SYSINFO
  BKN2    Carrier=3719 Band=3 Duplex=0 HF=468 LocArea=1 DL=392.9875MHz
  AACH  [DL/UL-Assign] DL=Unalloc UL=Random CC=0 f1=1 f2=0 (dist=0)

[#534] SB   [TN=4 FN=18 MN=47 BSCH] corr=0.994  SB1 CRC OK [TMO] MCC=262 MNC=1010 CC=1 FN(air)=18 MF(air)=47 TN(air)=3 → TN=4 FN=18 MN=47 BSCH
  BKN2  MAC-BROADCAST  sub=SYSINFO
  BKN2    Carrier=3719 Band=3 Duplex=0 HF=468 LocArea=1 DL=392.9875MHz
  AACH  [DL/UL-Assign] DL=Unalloc UL=Random CC=0 f1=1 f2=0 (dist=0)

[#535] NDB2  [TN=1 FN=01 MN=48] corr=0.994  AACH  [DL/UL-Assign] DL=Common UL=Random CC=9 f1=9 f2=9 (dist=0)
  BKN1 SCH/HD  MAC-RESOURCE  addr=NULL LI=2 (2 octets)
  BKN2 SCH/HD  MAC-BROADCAST  sub=SYSINFO
  BKN2 SCH/HD    Carrier=3719 Band=3 Duplex=0 HF=468 LocArea=1 DL=392.9875MHz

[#536] SB   [TN=2 FN=01 MN=48] corr=0.994  SB1 CRC OK [TMO] MCC=262 MNC=1010 CC=1 FN(air)=1 MF(air)=48 TN(air)=1 → TN=2 FN=01 MN=48
  BKN2  MAC-BROADCAST  sub=SYSINFO
  BKN2    Carrier=3719 Band=3 Duplex=0 HF=468 LocArea=1 DL=392.9875MHz
  AACH  [CapAlloc] f1=0 f2=0 raw=0x3000 (dist=0)

[#537] SB   [TN=3 FN=01 MN=48] corr=0.993  SB1 CRC OK [TMO] MCC=262 MNC=1010 CC=1 FN(air)=1 MF(air)=48 TN(air)=2 → TN=3 FN=01 MN=48
  BKN2  MAC-BROADCAST  sub=SYSINFO
  BKN2    Carrier=3719 Band=3 Duplex=0 HF=468 LocArea=1 DL=392.9875MHz
  AACH  [CapAlloc] f1=0 f2=0 raw=0x3000 (dist=0)

[#538] SB   [TN=4 FN=01 MN=48] corr=0.992  SB1 CRC OK [TMO] MCC=262 MNC=1010 CC=1 FN(air)=1 MF(air)=48 TN(air)=3 → TN=4 FN=01 MN=48
  BKN2  MAC-BROADCAST  sub=SYSINFO
  BKN2    Carrier=3719 Band=3 Duplex=0 HF=468 LocArea=1 DL=392.9875MHz
  AACH  [CapAlloc] f1=0 f2=0 raw=0x3000 (dist=0)

[#539] NDB2  [TN=1 FN=02 MN=48] corr=0.995  AACH  [DL/UL-Assign] DL=Common UL=Random CC=9 f1=9 f2=9 (dist=0)
  BKN1 SCH/HD  MAC-RESOURCE  addr=NULL LI=2 (2 octets)
  BKN2 SCH/HD  MAC-BROADCAST  sub=SYSINFO
  BKN2 SCH/HD    Carrier=3719 Band=3 Duplex=0 HF=468 LocArea=1 DL=392.9875MHz

[#540] SB   [TN=2 FN=02 MN=48] corr=0.992  SB1 CRC OK [TMO] MCC=262 MNC=1010 CC=1 FN(air)=2 MF(air)=48 TN(air)=1 → TN=2 FN=02 MN=48
  BKN2  MAC-BROADCAST  sub=SYSINFO
  BKN2    Carrier=3719 Band=3 Duplex=0 HF=468 LocArea=1 DL=392.9875MHz
  AACH  [CapAlloc] f1=0 f2=0 raw=0x3000 (dist=0)

[#541] SB   [TN=3 FN=02 MN=48] corr=0.993  SB1 CRC OK [TMO] MCC=262 MNC=1010 CC=1 FN(air)=2 MF(air)=48 TN(air)=2 → TN=3 FN=02 MN=48
  BKN2  MAC-BROADCAST  sub=SYSINFO
  BKN2    Carrier=3719 Band=3 Duplex=0 HF=468 LocArea=1 DL=392.9875MHz
  AACH  [CapAlloc] f1=0 f2=0 raw=0x3000 (dist=0)

[#542] SB   [TN=4 FN=02 MN=48] corr=0.995  SB1 CRC OK [TMO] MCC=262 MNC=1010 CC=1 FN(air)=2 MF(air)=48 TN(air)=3 → TN=4 FN=02 MN=48
  BKN2  MAC-BROADCAST  sub=SYSINFO
  BKN2    Carrier=3719 Band=3 Duplex=0 HF=468 LocArea=1 DL=392.9875MHz
  AACH  [CapAlloc] f1=0 f2=0 raw=0x3000 (dist=0)

[#543] NDB2  [TN=1 FN=03 MN=48] corr=0.996  AACH  [DL/UL-Assign] DL=Common UL=Random CC=9 f1=9 f2=9 (dist=0)
  BKN1 SCH/HD  MAC-RESOURCE  addr=NULL LI=2 (2 octets)
  BKN2 SCH/HD  MAC-BROADCAST  sub=SYSINFO
  BKN2 SCH/HD    Carrier=3719 Band=3 Duplex=0 HF=468 LocArea=1 DL=392.9875MHz

[#544] SB   [TN=2 FN=03 MN=48] corr=0.991  SB1 CRC OK [TMO] MCC=262 MNC=1010 CC=1 FN(air)=3 MF(air)=48 TN(air)=1 → TN=2 FN=03 MN=48
  BKN2  MAC-BROADCAST  sub=SYSINFO
  BKN2    Carrier=3719 Band=3 Duplex=0 HF=468 LocArea=1 DL=392.9875MHz
  AACH  [CapAlloc] f1=0 f2=0 raw=0x3000 (dist=0)

[#545] SB   [TN=3 FN=03 MN=48] corr=0.993  SB1 CRC OK [TMO] MCC=262 MNC=1010 CC=1 FN(air)=3 MF(air)=48 TN(air)=2 → TN=3 FN=03 MN=48
  BKN2  MAC-BROADCAST  sub=SYSINFO
  BKN2    Carrier=3719 Band=3 Duplex=0 HF=468 LocArea=1 DL=392.9875MHz
  AACH  [CapAlloc] f1=0 f2=0 raw=0x3000 (dist=0)

[#546] SB   [TN=4 FN=03 MN=48] corr=0.995  SB1 CRC OK [TMO] MCC=262 MNC=1010 CC=1 FN(air)=3 MF(air)=48 TN(air)=3 → TN=4 FN=03 MN=48
  BKN2  MAC-BROADCAST  sub=SYSINFO
  BKN2    Carrier=3719 Band=3 Duplex=0 HF=468 LocArea=1 DL=392.9875MHz
  AACH  [CapAlloc] f1=0 f2=0 raw=0x3000 (dist=0)

[#547] NDB2  [TN=1 FN=04 MN=48] corr=0.994  AACH  [DL/UL-Assign] DL=Common UL=Random CC=9 f1=9 f2=9 (dist=0)
  BKN1 SCH/HD  MAC-RESOURCE  addr=NULL LI=2 (2 octets)
  BKN2 SCH/HD  MAC-BROADCAST  sub=SYSINFO
  BKN2 SCH/HD    Carrier=3719 Band=3 Duplex=0 HF=468 LocArea=1 DL=392.9875MHz

[#548] SB   [TN=2 FN=04 MN=48] corr=0.995  SB1 CRC OK [TMO] MCC=262 MNC=1010 CC=1 FN(air)=4 MF(air)=48 TN(air)=1 → TN=2 FN=04 MN=48
  BKN2  MAC-BROADCAST  sub=SYSINFO
  BKN2    Carrier=3719 Band=3 Duplex=0 HF=468 LocArea=1 DL=392.9875MHz
  AACH  [CapAlloc] f1=0 f2=0 raw=0x3000 (dist=0)

[#549] SB   [TN=3 FN=04 MN=48] corr=0.993  SB1 CRC OK [TMO] MCC=262 MNC=1010 CC=1 FN(air)=4 MF(air)=48 TN(air)=2 → TN=3 FN=04 MN=48
  BKN2  MAC-BROADCAST  sub=SYSINFO
  BKN2    Carrier=3719 Band=3 Duplex=0 HF=468 LocArea=1 DL=392.9875MHz
  AACH  [CapAlloc] f1=0 f2=0 raw=0x3000 (dist=0)

[#550] SB   [TN=4 FN=04 MN=48] corr=0.992  SB1 CRC OK [TMO] MCC=262 MNC=1010 CC=1 FN(air)=4 MF(air)=48 TN(air)=3 → TN=4 FN=04 MN=48
  BKN2  MAC-BROADCAST  sub=SYSINFO
  BKN2    Carrier=3719 Band=3 Duplex=0 HF=468 LocArea=1 DL=392.9875MHz
  AACH  [CapAlloc] f1=0 f2=0 raw=0x3000 (dist=0)

[#551] NDB2  [TN=1 FN=05 MN=48] corr=0.994  AACH  [DL/UL-Assign] DL=Common UL=Random CC=9 f1=9 f2=9 (dist=0)
  BKN1 SCH/HD  MAC-RESOURCE  addr=NULL LI=2 (2 octets)
  BKN2 SCH/HD  MAC-BROADCAST  sub=SYSINFO
  BKN2 SCH/HD    Carrier=3719 Band=3 Duplex=0 HF=468 LocArea=1 DL=392.9875MHz

[#552] SB   [TN=2 FN=05 MN=48] corr=0.994  SB1 CRC OK [TMO] MCC=262 MNC=1010 CC=1 FN(air)=5 MF(air)=48 TN(air)=1 → TN=2 FN=05 MN=48
  BKN2  MAC-BROADCAST  sub=SYSINFO
  BKN2    Carrier=3719 Band=3 Duplex=0 HF=468 LocArea=1 DL=392.9875MHz
  AACH  [CapAlloc] f1=0 f2=0 raw=0x3000 (dist=0)

[#553] SB   [TN=3 FN=05 MN=48] corr=0.993  SB1 CRC OK [TMO] MCC=262 MNC=1010 CC=1 FN(air)=5 MF(air)=48 TN(air)=2 → TN=3 FN=05 MN=48
  BKN2  MAC-BROADCAST  sub=SYSINFO
  BKN2    Carrier=3719 Band=3 Duplex=0 HF=468 LocArea=1 DL=392.9875MHz
  AACH  [CapAlloc] f1=0 f2=0 raw=0x3000 (dist=0)

[#554] SB   [TN=4 FN=05 MN=48] corr=0.993  SB1 CRC OK [TMO] MCC=262 MNC=1010 CC=1 FN(air)=5 MF(air)=48 TN(air)=3 → TN=4 FN=05 MN=48
  BKN2  MAC-BROADCAST  sub=SYSINFO
  BKN2    Carrier=3719 Band=3 Duplex=0 HF=468 LocArea=1 DL=392.9875MHz
  AACH  [CapAlloc] f1=0 f2=0 raw=0x3000 (dist=0)

[#555] NDB2  [TN=1 FN=06 MN=48] corr=0.996  AACH  [DL/UL-Assign] DL=Common UL=Random CC=9 f1=9 f2=9 (dist=0)
  BKN1 SCH/HD  MAC-RESOURCE  addr=NULL LI=2 (2 octets)
  BKN2 SCH/HD  MAC-BROADCAST  sub=SYSINFO
  BKN2 SCH/HD    Carrier=3719 Band=3 Duplex=0 HF=468 LocArea=1 DL=392.9875MHz

[#556] SB   [TN=2 FN=06 MN=48] corr=0.992  SB1 CRC OK [TMO] MCC=262 MNC=1010 CC=1 FN(air)=6 MF(air)=48 TN(air)=1 → TN=2 FN=06 MN=48
  BKN2  MAC-BROADCAST  sub=SYSINFO
  BKN2    Carrier=3719 Band=3 Duplex=0 HF=468 LocArea=1 DL=392.9875MHz
  AACH  [CapAlloc] f1=0 f2=0 raw=0x3000 (dist=0)

[#557] SB   [TN=3 FN=06 MN=48] corr=0.993  SB1 CRC OK [TMO] MCC=262 MNC=1010 CC=1 FN(air)=6 MF(air)=48 TN(air)=2 → TN=3 FN=06 MN=48
  BKN2  MAC-BROADCAST  sub=SYSINFO
  BKN2    Carrier=3719 Band=3 Duplex=0 HF=468 LocArea=1 DL=392.9875MHz
  AACH  [CapAlloc] f1=0 f2=0 raw=0x3000 (dist=0)

[#558] SB   [TN=4 FN=06 MN=48] corr=0.994  SB1 CRC OK [TMO] MCC=262 MNC=1010 CC=1 FN(air)=6 MF(air)=48 TN(air)=3 → TN=4 FN=06 MN=48
  BKN2  MAC-BROADCAST  sub=SYSINFO
  BKN2    Carrier=3719 Band=3 Duplex=0 HF=468 LocArea=1 DL=392.9875MHz
  AACH  [CapAlloc] f1=0 f2=0 raw=0x3000 (dist=0)

[#559] NDB2  [TN=1 FN=07 MN=48] corr=0.996  AACH  [DL/UL-Assign] DL=Common UL=Random CC=9 f1=9 f2=9 (dist=0)
  BKN1 SCH/HD  MAC-RESOURCE  addr=NULL LI=2 (2 octets)
  BKN2 SCH/HD  MAC-BROADCAST  sub=SYSINFO
  BKN2 SCH/HD    Carrier=3719 Band=3 Duplex=0 HF=468 LocArea=1 DL=392.9875MHz

[#560] SB   [TN=2 FN=07 MN=48] corr=0.992  SB1 CRC OK [TMO] MCC=262 MNC=1010 CC=1 FN(air)=7 MF(air)=48 TN(air)=1 → TN=2 FN=07 MN=48
  BKN2  MAC-BROADCAST  sub=SYSINFO
  BKN2    Carrier=3719 Band=3 Duplex=0 HF=468 LocArea=1 DL=392.9875MHz
  AACH  [CapAlloc] f1=0 f2=0 raw=0x3000 (dist=0)

[#561] SB   [TN=3 FN=07 MN=48] corr=0.993  SB1 CRC OK [TMO] MCC=262 MNC=1010 CC=1 FN(air)=7 MF(air)=48 TN(air)=2 → TN=3 FN=07 MN=48
  BKN2  MAC-BROADCAST  sub=SYSINFO
  BKN2    Carrier=3719 Band=3 Duplex=0 HF=468 LocArea=1 DL=392.9875MHz
  AACH  [CapAlloc] f1=0 f2=0 raw=0x3000 (dist=0)

[#562] SB   [TN=4 FN=07 MN=48] corr=0.995  SB1 CRC OK [TMO] MCC=262 MNC=1010 CC=1 FN(air)=7 MF(air)=48 TN(air)=3 → TN=4 FN=07 MN=48
  BKN2  MAC-BROADCAST  sub=SYSINFO
  BKN2    Carrier=3719 Band=3 Duplex=0 HF=468 LocArea=1 DL=392.9875MHz
  AACH  [CapAlloc] f1=0 f2=0 raw=0x3000 (dist=0)

[#563] NDB2  [TN=1 FN=08 MN=48] corr=0.995  AACH  [DL/UL-Assign] DL=Common UL=Random CC=9 f1=9 f2=9 (dist=0)
  BKN1 SCH/HD  MAC-RESOURCE  addr=NULL LI=2 (2 octets)
  BKN2 SCH/HD  MAC-BROADCAST  sub=SYSINFO
  BKN2 SCH/HD    Carrier=3719 Band=3 Duplex=0 HF=468 LocArea=1 DL=392.9875MHz

[#564] SB   [TN=2 FN=08 MN=48] corr=0.994  SB1 CRC OK [TMO] MCC=262 MNC=1010 CC=1 FN(air)=8 MF(air)=48 TN(air)=1 → TN=2 FN=08 MN=48
  BKN2  MAC-BROADCAST  sub=SYSINFO
  BKN2    Carrier=3719 Band=3 Duplex=0 HF=468 LocArea=1 DL=392.9875MHz
  AACH  [CapAlloc] f1=0 f2=0 raw=0x3000 (dist=0)

[#565] SB   [TN=3 FN=08 MN=48] corr=0.993  SB1 CRC OK [TMO] MCC=262 MNC=1010 CC=1 FN(air)=8 MF(air)=48 TN(air)=2 → TN=3 FN=08 MN=48
  BKN2  MAC-BROADCAST  sub=SYSINFO
  BKN2    Carrier=3719 Band=3 Duplex=0 HF=468 LocArea=1 DL=392.9875MHz
  AACH  [CapAlloc] f1=0 f2=0 raw=0x3000 (dist=0)

[#566] SB   [TN=4 FN=08 MN=48] corr=0.992  SB1 CRC OK [TMO] MCC=262 MNC=1010 CC=1 FN(air)=8 MF(air)=48 TN(air)=3 → TN=4 FN=08 MN=48
  BKN2  MAC-BROADCAST  sub=SYSINFO
  BKN2    Carrier=3719 Band=3 Duplex=0 HF=468 LocArea=1 DL=392.9875MHz
  AACH  [CapAlloc] f1=0 f2=0 raw=0x3000 (dist=0)

[#567] NDB2  [TN=1 FN=09 MN=48] corr=0.995  AACH  [DL/UL-Assign] DL=Common UL=Random CC=9 f1=9 f2=9 (dist=0)
  BKN1 SCH/HD  MAC-RESOURCE  addr=NULL LI=2 (2 octets)
  BKN2 SCH/HD  MAC-BROADCAST  sub=SYSINFO
  BKN2 SCH/HD    Carrier=3719 Band=3 Duplex=0 HF=468 LocArea=1 DL=392.9875MHz

[#568] SB   [TN=2 FN=09 MN=48] corr=0.994  SB1 CRC OK [TMO] MCC=262 MNC=1010 CC=1 FN(air)=9 MF(air)=48 TN(air)=1 → TN=2 FN=09 MN=48
  BKN2  MAC-BROADCAST  sub=SYSINFO
  BKN2    Carrier=3719 Band=3 Duplex=0 HF=468 LocArea=1 DL=392.9875MHz
  AACH  [CapAlloc] f1=0 f2=0 raw=0x3000 (dist=0)

[#569] SB   [TN=3 FN=09 MN=48] corr=0.993  SB1 CRC OK [TMO] MCC=262 MNC=1010 CC=1 FN(air)=9 MF(air)=48 TN(air)=2 → TN=3 FN=09 MN=48
  BKN2  MAC-BROADCAST  sub=SYSINFO
  BKN2    Carrier=3719 Band=3 Duplex=0 HF=468 LocArea=1 DL=392.9875MHz
  AACH  [CapAlloc] f1=0 f2=0 raw=0x3000 (dist=0)

[#570] SB   [TN=4 FN=09 MN=48] corr=0.992  SB1 CRC OK [TMO] MCC=262 MNC=1010 CC=1 FN(air)=9 MF(air)=48 TN(air)=3 → TN=4 FN=09 MN=48
  BKN2  MAC-BROADCAST  sub=SYSINFO
  BKN2    Carrier=3719 Band=3 Duplex=0 HF=468 LocArea=1 DL=392.9875MHz
  AACH  [CapAlloc] f1=0 f2=0 raw=0x3000 (dist=0)

[#571] NDB2  [TN=1 FN=10 MN=48] corr=0.996  AACH  [DL/UL-Assign] DL=Common UL=Random CC=9 f1=9 f2=9 (dist=0)
  BKN1 SCH/HD  MAC-RESOURCE  addr=NULL LI=2 (2 octets)
  BKN2 SCH/HD  MAC-BROADCAST  sub=SYSINFO
  BKN2 SCH/HD    Carrier=3719 Band=3 Duplex=0 HF=468 LocArea=1 DL=392.9875MHz

[#572] SB   [TN=2 FN=10 MN=48] corr=0.992  SB1 CRC OK [TMO] MCC=262 MNC=1010 CC=1 FN(air)=10 MF(air)=48 TN(air)=1 → TN=2 FN=10 MN=48
  BKN2  MAC-BROADCAST  sub=SYSINFO
  BKN2    Carrier=3719 Band=3 Duplex=0 HF=468 LocArea=1 DL=392.9875MHz
  AACH  [CapAlloc] f1=0 f2=0 raw=0x3000 (dist=0)

[#573] SB   [TN=3 FN=10 MN=48] corr=0.993  SB1 CRC OK [TMO] MCC=262 MNC=1010 CC=1 FN(air)=10 MF(air)=48 TN(air)=2 → TN=3 FN=10 MN=48
  BKN2  MAC-BROADCAST  sub=SYSINFO
  BKN2    Carrier=3719 Band=3 Duplex=0 HF=468 LocArea=1 DL=392.9875MHz
  AACH  [CapAlloc] f1=0 f2=0 raw=0x3000 (dist=0)

[#574] SB   [TN=4 FN=10 MN=48] corr=0.994  SB1 CRC OK [TMO] MCC=262 MNC=1010 CC=1 FN(air)=10 MF(air)=48 TN(air)=3 → TN=4 FN=10 MN=48
  BKN2  MAC-BROADCAST  sub=SYSINFO
  BKN2    Carrier=3719 Band=3 Duplex=0 HF=468 LocArea=1 DL=392.9875MHz
  AACH  [CapAlloc] f1=0 f2=0 raw=0x3000 (dist=0)

[#575] NDB2  [TN=1 FN=11 MN=48] corr=0.995  AACH  [DL/UL-Assign] DL=Common UL=Random CC=9 f1=9 f2=9 (dist=0)
  BKN1 SCH/HD  MAC-RESOURCE  addr=NULL LI=2 (2 octets)
  BKN2 SCH/HD  MAC-BROADCAST  sub=SYSINFO
  BKN2 SCH/HD    Carrier=3719 Band=3 Duplex=0 HF=468 LocArea=1 DL=392.9875MHz

[#576] SB   [TN=2 FN=11 MN=48] corr=0.992  SB1 CRC OK [TMO] MCC=262 MNC=1010 CC=1 FN(air)=11 MF(air)=48 TN(air)=1 → TN=2 FN=11 MN=48
  BKN2  MAC-BROADCAST  sub=SYSINFO
  BKN2    Carrier=3719 Band=3 Duplex=0 HF=468 LocArea=1 DL=392.9875MHz
  AACH  [CapAlloc] f1=0 f2=0 raw=0x3000 (dist=0)

[#577] SB   [TN=3 FN=11 MN=48] corr=0.993  SB1 CRC OK [TMO] MCC=262 MNC=1010 CC=1 FN(air)=11 MF(air)=48 TN(air)=2 → TN=3 FN=11 MN=48
  BKN2  MAC-BROADCAST  sub=SYSINFO
  BKN2    Carrier=3719 Band=3 Duplex=0 HF=468 LocArea=1 DL=392.9875MHz
  AACH  [CapAlloc] f1=0 f2=0 raw=0x3000 (dist=0)

[#578] SB   [TN=4 FN=11 MN=48] corr=0.995  SB1 CRC OK [TMO] MCC=262 MNC=1010 CC=1 FN(air)=11 MF(air)=48 TN(air)=3 → TN=4 FN=11 MN=48
  BKN2  MAC-BROADCAST  sub=SYSINFO
  BKN2    Carrier=3719 Band=3 Duplex=0 HF=468 LocArea=1 DL=392.9875MHz
  AACH  [CapAlloc] f1=0 f2=0 raw=0x3000 (dist=0)

[#579] NDB2  [TN=1 FN=12 MN=48] corr=0.995  AACH  [DL/UL-Assign] DL=Common UL=Random CC=9 f1=9 f2=9 (dist=0)
  BKN1 SCH/HD  MAC-RESOURCE  addr=NULL LI=2 (2 octets)
  BKN2 SCH/HD  MAC-BROADCAST  sub=SYSINFO
  BKN2 SCH/HD    Carrier=3719 Band=3 Duplex=0 HF=468 LocArea=1 DL=392.9875MHz

[#580] SB   [TN=2 FN=12 MN=48] corr=0.994  SB1 CRC OK [TMO] MCC=262 MNC=1010 CC=1 FN(air)=12 MF(air)=48 TN(air)=1 → TN=2 FN=12 MN=48
  BKN2  MAC-BROADCAST  sub=SYSINFO
  BKN2    Carrier=3719 Band=3 Duplex=0 HF=468 LocArea=1 DL=392.9875MHz
  AACH  [CapAlloc] f1=0 f2=0 raw=0x3000 (dist=0)

[#581] SB   [TN=3 FN=12 MN=48] corr=0.993  SB1 CRC OK [TMO] MCC=262 MNC=1010 CC=1 FN(air)=12 MF(air)=48 TN(air)=2 → TN=3 FN=12 MN=48
  BKN2  MAC-BROADCAST  sub=SYSINFO
  BKN2    Carrier=3719 Band=3 Duplex=0 HF=468 LocArea=1 DL=392.9875MHz
  AACH  [CapAlloc] f1=0 f2=0 raw=0x3000 (dist=0)

[#582] SB   [TN=4 FN=12 MN=48] corr=0.992  SB1 CRC OK [TMO] MCC=262 MNC=1010 CC=1 FN(air)=12 MF(air)=48 TN(air)=3 → TN=4 FN=12 MN=48
  BKN2  MAC-BROADCAST  sub=SYSINFO
  BKN2    Carrier=3719 Band=3 Duplex=0 HF=468 LocArea=1 DL=392.9875MHz
  AACH  [CapAlloc] f1=0 f2=0 raw=0x3000 (dist=0)

[#583] NDB2  [TN=1 FN=13 MN=48] corr=0.994  AACH  [DL/UL-Assign] DL=Common UL=Random CC=9 f1=9 f2=9 (dist=0)
  BKN1 SCH/HD  MAC-RESOURCE  addr=NULL LI=2 (2 octets)
  BKN2 SCH/HD  MAC-BROADCAST  sub=SYSINFO
  BKN2 SCH/HD    Carrier=3719 Band=3 Duplex=0 HF=468 LocArea=1 DL=392.9875MHz

[#584] SB   [TN=2 FN=13 MN=48] corr=0.994  SB1 CRC OK [TMO] MCC=262 MNC=1010 CC=1 FN(air)=13 MF(air)=48 TN(air)=1 → TN=2 FN=13 MN=48
  BKN2  MAC-BROADCAST  sub=SYSINFO
  BKN2    Carrier=3719 Band=3 Duplex=0 HF=468 LocArea=1 DL=392.9875MHz
  AACH  [CapAlloc] f1=0 f2=0 raw=0x3000 (dist=0)

[#585] SB   [TN=3 FN=13 MN=48] corr=0.993  SB1 CRC OK [TMO] MCC=262 MNC=1010 CC=1 FN(air)=13 MF(air)=48 TN(air)=2 → TN=3 FN=13 MN=48
  BKN2  MAC-BROADCAST  sub=SYSINFO
  BKN2    Carrier=3719 Band=3 Duplex=0 HF=468 LocArea=1 DL=392.9875MHz
  AACH  [CapAlloc] f1=0 f2=0 raw=0x3000 (dist=0)

[#586] SB   [TN=4 FN=13 MN=48] corr=0.992  SB1 CRC OK [TMO] MCC=262 MNC=1010 CC=1 FN(air)=13 MF(air)=48 TN(air)=3 → TN=4 FN=13 MN=48
  BKN2  MAC-BROADCAST  sub=SYSINFO
  BKN2    Carrier=3719 Band=3 Duplex=0 HF=468 LocArea=1 DL=392.9875MHz
  AACH  [CapAlloc] f1=0 f2=0 raw=0x3000 (dist=0)

[#587] NDB2  [TN=1 FN=14 MN=48] corr=0.996  AACH  [DL/UL-Assign] DL=Common UL=Random CC=9 f1=9 f2=9 (dist=0)
  BKN1 SCH/HD  MAC-RESOURCE  addr=NULL LI=2 (2 octets)
  BKN2 SCH/HD  MAC-BROADCAST  sub=SYSINFO
  BKN2 SCH/HD    Carrier=3719 Band=3 Duplex=0 HF=468 LocArea=1 DL=392.9875MHz

[#588] SB   [TN=2 FN=14 MN=48] corr=0.992  SB1 CRC OK [TMO] MCC=262 MNC=1010 CC=1 FN(air)=14 MF(air)=48 TN(air)=1 → TN=2 FN=14 MN=48
  BKN2  MAC-BROADCAST  sub=SYSINFO
  BKN2    Carrier=3719 Band=3 Duplex=0 HF=468 LocArea=1 DL=392.9875MHz
  AACH  [CapAlloc] f1=0 f2=0 raw=0x3000 (dist=0)

[#589] SB   [TN=3 FN=14 MN=48] corr=0.993  SB1 CRC OK [TMO] MCC=262 MNC=1010 CC=1 FN(air)=14 MF(air)=48 TN(air)=2 → TN=3 FN=14 MN=48
  BKN2  MAC-BROADCAST  sub=SYSINFO
  BKN2    Carrier=3719 Band=3 Duplex=0 HF=468 LocArea=1 DL=392.9875MHz
  AACH  [CapAlloc] f1=0 f2=0 raw=0x3000 (dist=0)

[#590] SB   [TN=4 FN=14 MN=48] corr=0.994  SB1 CRC OK [TMO] MCC=262 MNC=1010 CC=1 FN(air)=14 MF(air)=48 TN(air)=3 → TN=4 FN=14 MN=48
  BKN2  MAC-BROADCAST  sub=SYSINFO
  BKN2    Carrier=3719 Band=3 Duplex=0 HF=468 LocArea=1 DL=392.9875MHz
  AACH  [CapAlloc] f1=0 f2=0 raw=0x3000 (dist=0)

[#591] NDB2  [TN=1 FN=15 MN=48] corr=0.996  AACH  [DL/UL-Assign] DL=Common UL=Random CC=9 f1=9 f2=9 (dist=0)
  BKN1 SCH/HD  MAC-RESOURCE  addr=NULL LI=2 (2 octets)
  BKN2 SCH/HD  MAC-BROADCAST  sub=SYSINFO
  BKN2 SCH/HD    Carrier=3719 Band=3 Duplex=0 HF=468 LocArea=1 DL=392.9875MHz

[#592] SB   [TN=2 FN=15 MN=48] corr=0.991  SB1 CRC OK [TMO] MCC=262 MNC=1010 CC=1 FN(air)=15 MF(air)=48 TN(air)=1 → TN=2 FN=15 MN=48
  BKN2  MAC-BROADCAST  sub=SYSINFO
  BKN2    Carrier=3719 Band=3 Duplex=0 HF=468 LocArea=1 DL=392.9875MHz
  AACH  [CapAlloc] f1=0 f2=0 raw=0x3000 (dist=0)

[#593] SB   [TN=3 FN=15 MN=48] corr=0.993  SB1 CRC OK [TMO] MCC=262 MNC=1010 CC=1 FN(air)=15 MF(air)=48 TN(air)=2 → TN=3 FN=15 MN=48
  BKN2  MAC-BROADCAST  sub=SYSINFO
  BKN2    Carrier=3719 Band=3 Duplex=0 HF=468 LocArea=1 DL=392.9875MHz
  AACH  [CapAlloc] f1=0 f2=0 raw=0x3000 (dist=0)

[#594] SB   [TN=4 FN=15 MN=48] corr=0.995  SB1 CRC OK [TMO] MCC=262 MNC=1010 CC=1 FN(air)=15 MF(air)=48 TN(air)=3 → TN=4 FN=15 MN=48
  BKN2  MAC-BROADCAST  sub=SYSINFO
  BKN2    Carrier=3719 Band=3 Duplex=0 HF=468 LocArea=1 DL=392.9875MHz
  AACH  [CapAlloc] f1=0 f2=0 raw=0x3000 (dist=0)

[#595] NDB2  [TN=1 FN=16 MN=48] corr=0.994  AACH  [DL/UL-Assign] DL=Common UL=Random CC=9 f1=9 f2=9 (dist=0)
  BKN1 SCH/HD  MAC-RESOURCE  addr=NULL LI=2 (2 octets)
  BKN2 SCH/HD  MAC-BROADCAST  sub=SYSINFO
  BKN2 SCH/HD    Carrier=3719 Band=3 Duplex=0 HF=468 LocArea=1 DL=392.9875MHz

[#596] SB   [TN=2 FN=16 MN=48] corr=0.995  SB1 CRC OK [TMO] MCC=262 MNC=1010 CC=1 FN(air)=16 MF(air)=48 TN(air)=1 → TN=2 FN=16 MN=48
  BKN2  MAC-BROADCAST  sub=SYSINFO
  BKN2    Carrier=3719 Band=3 Duplex=0 HF=468 LocArea=1 DL=392.9875MHz
  AACH  [CapAlloc] f1=0 f2=0 raw=0x3000 (dist=0)

[#597] SB   [TN=3 FN=16 MN=48] corr=0.993  SB1 CRC OK [TMO] MCC=262 MNC=1010 CC=1 FN(air)=16 MF(air)=48 TN(air)=2 → TN=3 FN=16 MN=48
  BKN2  MAC-BROADCAST  sub=SYSINFO
  BKN2    Carrier=3719 Band=3 Duplex=0 HF=468 LocArea=1 DL=392.9875MHz
  AACH  [CapAlloc] f1=0 f2=0 raw=0x3000 (dist=0)

[#598] SB   [TN=4 FN=16 MN=48] corr=0.991  SB1 CRC OK [TMO] MCC=262 MNC=1010 CC=1 FN(air)=16 MF(air)=48 TN(air)=3 → TN=4 FN=16 MN=48
  BKN2  MAC-BROADCAST  sub=SYSINFO
  BKN2    Carrier=3719 Band=3 Duplex=0 HF=468 LocArea=1 DL=392.9875MHz
  AACH  [CapAlloc] f1=0 f2=0 raw=0x3000 (dist=0)

[#599] NDB2  [TN=1 FN=17 MN=48] corr=0.994  AACH  [DL/UL-Assign] DL=Common UL=Random CC=9 f1=9 f2=9 (dist=0)
  BKN1 SCH/HD  MAC-RESOURCE  addr=NULL LI=2 (2 octets)
  BKN2 SCH/HD  MAC-BROADCAST  sub=SYSINFO
  BKN2 SCH/HD    Carrier=3719 Band=3 Duplex=0 HF=468 LocArea=1 DL=392.9875MHz
  [progress] MER=0.0%  BER(EMA)=0.0000

[#600] SB   [TN=2 FN=17 MN=48] corr=0.994  SB1 CRC OK [TMO] MCC=262 MNC=1010 CC=1 FN(air)=17 MF(air)=48 TN(air)=1 → TN=2 FN=17 MN=48
  BKN2  MAC-BROADCAST  sub=SYSINFO
  BKN2    Carrier=3719 Band=3 Duplex=0 HF=468 LocArea=1 DL=392.9875MHz
  AACH  [CapAlloc] f1=0 f2=0 raw=0x3000 (dist=0)

[#601] SB   [TN=3 FN=17 MN=48] corr=0.993  SB1 CRC OK [TMO] MCC=262 MNC=1010 CC=1 FN(air)=17 MF(air)=48 TN(air)=2 → TN=3 FN=17 MN=48
  BKN2  MAC-BROADCAST  sub=SYSINFO
  BKN2    Carrier=3719 Band=3 Duplex=0 HF=468 LocArea=1 DL=392.9875MHz
  AACH  [CapAlloc] f1=0 f2=0 raw=0x3000 (dist=0)

[#602] SB   [TN=4 FN=17 MN=48] corr=0.992  SB1 CRC OK [TMO] MCC=262 MNC=1010 CC=1 FN(air)=17 MF(air)=48 TN(air)=3 → TN=4 FN=17 MN=48
  BKN2  MAC-BROADCAST  sub=SYSINFO
  BKN2    Carrier=3719 Band=3 Duplex=0 HF=468 LocArea=1 DL=392.9875MHz
  AACH  [CapAlloc] f1=0 f2=0 raw=0x3000 (dist=0)

[#603] NDB2  [TN=1 FN=18 MN=48 BNCH] corr=0.996  AACH  [DL/UL-Assign] DL=Common UL=Random CC=9 f1=9 f2=9 (dist=0)
  BKN1 SCH/HD  MAC-RESOURCE  addr=NULL LI=2 (2 octets)
  BKN2 BNCH  {'Mode': 'DMO', 'Sync_PDU_type': 8, 'SystemCode': 8, 'ColourCode': 58, 'TimeSlot': 0, 'Frame': 14, 'AirInterfaceEnc': 1, 'MNI': 14709379, 'SourceAddress': 468}

[#604] SB   [TN=2 FN=18 MN=48] corr=0.991  SB1 CRC OK [TMO] MCC=262 MNC=1010 CC=1 FN(air)=18 MF(air)=48 TN(air)=1 → TN=2 FN=18 MN=48
  BKN2  MAC-BROADCAST  sub=SYSINFO
  BKN2    Carrier=3719 Band=3 Duplex=0 HF=468 LocArea=1 DL=392.9875MHz
  AACH  [DL/UL-Assign] DL=Unalloc UL=Random CC=0 f1=1 f2=0 (dist=0)

[#605] SB   [TN=3 FN=18 MN=48 BSCH] corr=0.991  SB1 CRC OK [TMO] MCC=262 MNC=1010 CC=1 FN(air)=18 MF(air)=48 TN(air)=2 → TN=3 FN=18 MN=48 BSCH
  BKN2  MAC-BROADCAST  sub=SYSINFO
  BKN2    Carrier=3719 Band=3 Duplex=0 HF=468 LocArea=1 DL=392.9875MHz
  AACH  [DL/UL-Assign] DL=Unalloc UL=Random CC=0 f1=1 f2=0 (dist=0)

[#606] SB   [TN=4 FN=18 MN=48] corr=0.992  SB1 CRC OK [TMO] MCC=262 MNC=1010 CC=1 FN(air)=18 MF(air)=48 TN(air)=3 → TN=4 FN=18 MN=48
  BKN2  MAC-BROADCAST  sub=SYSINFO
  BKN2    Carrier=3719 Band=3 Duplex=0 HF=468 LocArea=1 DL=392.9875MHz
  AACH  [DL/UL-Assign] DL=Unalloc UL=Random CC=0 f1=1 f2=0 (dist=0)

[#607] NDB2  [TN=1 FN=01 MN=49] corr=0.996  AACH  [DL/UL-Assign] DL=Common UL=Random CC=9 f1=9 f2=9 (dist=0)
  BKN1 SCH/HD  MAC-RESOURCE  addr=NULL LI=2 (2 octets)
  BKN2 SCH/HD  MAC-BROADCAST  sub=SYSINFO
  BKN2 SCH/HD    Carrier=3719 Band=3 Duplex=0 HF=468 LocArea=1 DL=392.9875MHz

[#608] SB   [TN=2 FN=01 MN=49] corr=0.995  SB1 CRC OK [TMO] MCC=262 MNC=1010 CC=1 FN(air)=1 MF(air)=49 TN(air)=1 → TN=2 FN=01 MN=49
  BKN2  MAC-BROADCAST  sub=SYSINFO
  BKN2    Carrier=3719 Band=3 Duplex=0 HF=468 LocArea=1 DL=392.9875MHz
  AACH  [CapAlloc] f1=0 f2=0 raw=0x3000 (dist=0)

[#609] SB   [TN=3 FN=01 MN=49] corr=0.995  SB1 CRC OK [TMO] MCC=262 MNC=1010 CC=1 FN(air)=1 MF(air)=49 TN(air)=2 → TN=3 FN=01 MN=49
  BKN2  MAC-BROADCAST  sub=SYSINFO
  BKN2    Carrier=3719 Band=3 Duplex=0 HF=468 LocArea=1 DL=392.9875MHz
  AACH  [CapAlloc] f1=0 f2=0 raw=0x3000 (dist=0)

[#610] SB   [TN=4 FN=01 MN=49] corr=0.994  SB1 CRC OK [TMO] MCC=262 MNC=1010 CC=1 FN(air)=1 MF(air)=49 TN(air)=3 → TN=4 FN=01 MN=49
  BKN2  MAC-BROADCAST  sub=SYSINFO
  BKN2    Carrier=3719 Band=3 Duplex=0 HF=468 LocArea=1 DL=392.9875MHz
  AACH  [CapAlloc] f1=0 f2=0 raw=0x3000 (dist=0)

[#611] NDB2  [TN=1 FN=02 MN=49] corr=0.993  AACH  [DL/UL-Assign] DL=Common UL=Random CC=9 f1=9 f2=9 (dist=0)
  BKN1 SCH/HD  MAC-RESOURCE  addr=NULL LI=2 (2 octets)
  BKN2 SCH/HD  MAC-BROADCAST  sub=SYSINFO
  BKN2 SCH/HD    Carrier=3719 Band=3 Duplex=0 HF=468 LocArea=1 DL=392.9875MHz

[#612] SB   [TN=2 FN=02 MN=49] corr=0.994  SB1 CRC OK [TMO] MCC=262 MNC=1010 CC=1 FN(air)=2 MF(air)=49 TN(air)=1 → TN=2 FN=02 MN=49
  BKN2  MAC-BROADCAST  sub=SYSINFO
  BKN2    Carrier=3719 Band=3 Duplex=0 HF=468 LocArea=1 DL=392.9875MHz
  AACH  [CapAlloc] f1=0 f2=0 raw=0x3000 (dist=0)

[#613] SB   [TN=3 FN=02 MN=49] corr=0.995  SB1 CRC OK [TMO] MCC=262 MNC=1010 CC=1 FN(air)=2 MF(air)=49 TN(air)=2 → TN=3 FN=02 MN=49
  BKN2  MAC-BROADCAST  sub=SYSINFO
  BKN2    Carrier=3719 Band=3 Duplex=0 HF=468 LocArea=1 DL=392.9875MHz
  AACH  [CapAlloc] f1=0 f2=0 raw=0x3000 (dist=0)

[#614] SB   [TN=4 FN=02 MN=49] corr=0.995  SB1 CRC OK [TMO] MCC=262 MNC=1010 CC=1 FN(air)=2 MF(air)=49 TN(air)=3 → TN=4 FN=02 MN=49
  BKN2  MAC-BROADCAST  sub=SYSINFO
  BKN2    Carrier=3719 Band=3 Duplex=0 HF=468 LocArea=1 DL=392.9875MHz
  AACH  [CapAlloc] f1=0 f2=0 raw=0x3000 (dist=0)

[#615] NDB2  [TN=1 FN=03 MN=49] corr=0.994  AACH  [DL/UL-Assign] DL=Common UL=Random CC=9 f1=9 f2=9 (dist=0)
  BKN1 SCH/HD  MAC-RESOURCE  addr=NULL LI=2 (2 octets)
  BKN2 SCH/HD  MAC-BROADCAST  sub=SYSINFO
  BKN2 SCH/HD    Carrier=3719 Band=3 Duplex=0 HF=468 LocArea=1 DL=392.9875MHz

[#616] SB   [TN=2 FN=03 MN=49] corr=0.992  SB1 CRC OK [TMO] MCC=262 MNC=1010 CC=1 FN(air)=3 MF(air)=49 TN(air)=1 → TN=2 FN=03 MN=49
  BKN2  MAC-BROADCAST  sub=SYSINFO
  BKN2    Carrier=3719 Band=3 Duplex=0 HF=468 LocArea=1 DL=392.9875MHz
  AACH  [CapAlloc] f1=0 f2=0 raw=0x3000 (dist=0)

[#617] SB   [TN=3 FN=03 MN=49] corr=0.991  SB1 CRC OK [TMO] MCC=262 MNC=1010 CC=1 FN(air)=3 MF(air)=49 TN(air)=2 → TN=3 FN=03 MN=49
  BKN2  MAC-BROADCAST  sub=SYSINFO
  BKN2    Carrier=3719 Band=3 Duplex=0 HF=468 LocArea=1 DL=392.9875MHz
  AACH  [CapAlloc] f1=0 f2=0 raw=0x3000 (dist=0)

[#618] SB   [TN=4 FN=03 MN=49] corr=0.992  SB1 CRC OK [TMO] MCC=262 MNC=1010 CC=1 FN(air)=3 MF(air)=49 TN(air)=3 → TN=4 FN=03 MN=49
  BKN2  MAC-BROADCAST  sub=SYSINFO
  BKN2    Carrier=3719 Band=3 Duplex=0 HF=468 LocArea=1 DL=392.9875MHz
  AACH  [CapAlloc] f1=0 f2=0 raw=0x3000 (dist=0)

[#619] NDB2  [TN=1 FN=04 MN=49] corr=0.997  AACH  [DL/UL-Assign] DL=Common UL=Random CC=9 f1=9 f2=9 (dist=0)
  BKN1 SCH/HD  MAC-RESOURCE  addr=NULL LI=2 (2 octets)
  BKN2 SCH/HD  MAC-BROADCAST  sub=SYSINFO
  BKN2 SCH/HD    Carrier=3719 Band=3 Duplex=0 HF=468 LocArea=1 DL=392.9875MHz

[#620] SB   [TN=2 FN=04 MN=49] corr=0.991  SB1 CRC OK [TMO] MCC=262 MNC=1010 CC=1 FN(air)=4 MF(air)=49 TN(air)=1 → TN=2 FN=04 MN=49
  BKN2  MAC-BROADCAST  sub=SYSINFO
  BKN2    Carrier=3719 Band=3 Duplex=0 HF=468 LocArea=1 DL=392.9875MHz
  AACH  [CapAlloc] f1=0 f2=0 raw=0x3000 (dist=0)

[#621] SB   [TN=3 FN=04 MN=49] corr=0.992  SB1 CRC OK [TMO] MCC=262 MNC=1010 CC=1 FN(air)=4 MF(air)=49 TN(air)=2 → TN=3 FN=04 MN=49
  BKN2  MAC-BROADCAST  sub=SYSINFO
  BKN2    Carrier=3719 Band=3 Duplex=0 HF=468 LocArea=1 DL=392.9875MHz
  AACH  [CapAlloc] f1=0 f2=0 raw=0x3000 (dist=0)

[#622] SB   [TN=4 FN=04 MN=49] corr=0.992  SB1 CRC OK [TMO] MCC=262 MNC=1010 CC=1 FN(air)=4 MF(air)=49 TN(air)=3 → TN=4 FN=04 MN=49
  BKN2  MAC-BROADCAST  sub=SYSINFO
  BKN2    Carrier=3719 Band=3 Duplex=0 HF=468 LocArea=1 DL=392.9875MHz
  AACH  [CapAlloc] f1=0 f2=0 raw=0x3000 (dist=0)

[#623] NDB2  [TN=1 FN=05 MN=49] corr=0.997  AACH  [DL/UL-Assign] DL=Common UL=Random CC=9 f1=9 f2=9 (dist=0)
  BKN1 SCH/HD  MAC-RESOURCE  addr=NULL LI=2 (2 octets)
  BKN2 SCH/HD  MAC-BROADCAST  sub=SYSINFO
  BKN2 SCH/HD    Carrier=3719 Band=3 Duplex=0 HF=468 LocArea=1 DL=392.9875MHz

[#624] SB   [TN=2 FN=05 MN=49] corr=0.994  SB1 CRC OK [TMO] MCC=262 MNC=1010 CC=1 FN(air)=5 MF(air)=49 TN(air)=1 → TN=2 FN=05 MN=49
  BKN2  MAC-BROADCAST  sub=SYSINFO
  BKN2    Carrier=3719 Band=3 Duplex=0 HF=468 LocArea=1 DL=392.9875MHz
  AACH  [CapAlloc] f1=0 f2=0 raw=0x3000 (dist=0)

[#625] SB   [TN=3 FN=05 MN=49] corr=0.995  SB1 CRC OK [TMO] MCC=262 MNC=1010 CC=1 FN(air)=5 MF(air)=49 TN(air)=2 → TN=3 FN=05 MN=49
  BKN2  MAC-BROADCAST  sub=SYSINFO
  BKN2    Carrier=3719 Band=3 Duplex=0 HF=468 LocArea=1 DL=392.9875MHz
  AACH  [CapAlloc] f1=0 f2=0 raw=0x3000 (dist=0)

[#626] SB   [TN=4 FN=05 MN=49] corr=0.994  SB1 CRC OK [TMO] MCC=262 MNC=1010 CC=1 FN(air)=5 MF(air)=49 TN(air)=3 → TN=4 FN=05 MN=49
  BKN2  MAC-BROADCAST  sub=SYSINFO
  BKN2    Carrier=3719 Band=3 Duplex=0 HF=468 LocArea=1 DL=392.9875MHz
  AACH  [CapAlloc] f1=0 f2=0 raw=0x3000 (dist=0)

[#627] NDB2  [TN=1 FN=06 MN=49] corr=0.994  AACH  [DL/UL-Assign] DL=Common UL=Random CC=9 f1=9 f2=9 (dist=0)
  BKN1 SCH/HD  MAC-RESOURCE  addr=NULL LI=2 (2 octets)
  BKN2 SCH/HD  MAC-BROADCAST  sub=SYSINFO
  BKN2 SCH/HD    Carrier=3719 Band=3 Duplex=0 HF=468 LocArea=1 DL=392.9875MHz

[#628] SB   [TN=2 FN=06 MN=49] corr=0.995  SB1 CRC OK [TMO] MCC=262 MNC=1010 CC=1 FN(air)=6 MF(air)=49 TN(air)=1 → TN=2 FN=06 MN=49
  BKN2  MAC-BROADCAST  sub=SYSINFO
  BKN2    Carrier=3719 Band=3 Duplex=0 HF=468 LocArea=1 DL=392.9875MHz
  AACH  [CapAlloc] f1=0 f2=0 raw=0x3000 (dist=0)

[#629] SB   [TN=3 FN=06 MN=49] corr=0.995  SB1 CRC OK [TMO] MCC=262 MNC=1010 CC=1 FN(air)=6 MF(air)=49 TN(air)=2 → TN=3 FN=06 MN=49
  BKN2  MAC-BROADCAST  sub=SYSINFO
  BKN2    Carrier=3719 Band=3 Duplex=0 HF=468 LocArea=1 DL=392.9875MHz
  AACH  [CapAlloc] f1=0 f2=0 raw=0x3000 (dist=0)

[#630] SB   [TN=4 FN=06 MN=49] corr=0.994  SB1 CRC OK [TMO] MCC=262 MNC=1010 CC=1 FN(air)=6 MF(air)=49 TN(air)=3 → TN=4 FN=06 MN=49
  BKN2  MAC-BROADCAST  sub=SYSINFO
  BKN2    Carrier=3719 Band=3 Duplex=0 HF=468 LocArea=1 DL=392.9875MHz
  AACH  [CapAlloc] f1=0 f2=0 raw=0x3000 (dist=0)

[#631] NDB2  [TN=1 FN=07 MN=49] corr=0.994  AACH  [DL/UL-Assign] DL=Common UL=Random CC=9 f1=9 f2=9 (dist=0)
  BKN1 SCH/HD  MAC-RESOURCE  addr=NULL LI=2 (2 octets)
  BKN2 SCH/HD  MAC-BROADCAST  sub=SYSINFO
  BKN2 SCH/HD    Carrier=3719 Band=3 Duplex=0 HF=468 LocArea=1 DL=392.9875MHz

[#632] SB   [TN=2 FN=07 MN=49] corr=0.993  SB1 CRC OK [TMO] MCC=262 MNC=1010 CC=1 FN(air)=7 MF(air)=49 TN(air)=1 → TN=2 FN=07 MN=49
  BKN2  MAC-BROADCAST  sub=SYSINFO
  BKN2    Carrier=3719 Band=3 Duplex=0 HF=468 LocArea=1 DL=392.9875MHz
  AACH  [CapAlloc] f1=0 f2=0 raw=0x3000 (dist=0)

[#633] SB   [TN=3 FN=07 MN=49] corr=0.991  SB1 CRC OK [TMO] MCC=262 MNC=1010 CC=1 FN(air)=7 MF(air)=49 TN(air)=2 → TN=3 FN=07 MN=49
  BKN2  MAC-BROADCAST  sub=SYSINFO
  BKN2    Carrier=3719 Band=3 Duplex=0 HF=468 LocArea=1 DL=392.9875MHz
  AACH  [CapAlloc] f1=0 f2=0 raw=0x3000 (dist=0)

[#634] SB   [TN=4 FN=07 MN=49] corr=0.991  SB1 CRC OK [TMO] MCC=262 MNC=1010 CC=1 FN(air)=7 MF(air)=49 TN(air)=3 → TN=4 FN=07 MN=49
  BKN2  MAC-BROADCAST  sub=SYSINFO
  BKN2    Carrier=3719 Band=3 Duplex=0 HF=468 LocArea=1 DL=392.9875MHz
  AACH  [CapAlloc] f1=0 f2=0 raw=0x3000 (dist=0)

[#635] NDB2  [TN=1 FN=08 MN=49] corr=0.997  AACH  [DL/UL-Assign] DL=Common UL=Random CC=9 f1=9 f2=9 (dist=0)
  BKN1 SCH/HD  MAC-RESOURCE  addr=NULL LI=2 (2 octets)
  BKN2 SCH/HD  MAC-BROADCAST  sub=SYSINFO
  BKN2 SCH/HD    Carrier=3719 Band=3 Duplex=0 HF=468 LocArea=1 DL=392.9875MHz

[#636] SB   [TN=2 FN=08 MN=49] corr=0.991  SB1 CRC OK [TMO] MCC=262 MNC=1010 CC=1 FN(air)=8 MF(air)=49 TN(air)=1 → TN=2 FN=08 MN=49
  BKN2  MAC-BROADCAST  sub=SYSINFO
  BKN2    Carrier=3719 Band=3 Duplex=0 HF=468 LocArea=1 DL=392.9875MHz
  AACH  [CapAlloc] f1=0 f2=0 raw=0x3000 (dist=0)

[#637] SB   [TN=3 FN=08 MN=49] corr=0.991  SB1 CRC OK [TMO] MCC=262 MNC=1010 CC=1 FN(air)=8 MF(air)=49 TN(air)=2 → TN=3 FN=08 MN=49
  BKN2  MAC-BROADCAST  sub=SYSINFO
  BKN2    Carrier=3719 Band=3 Duplex=0 HF=468 LocArea=1 DL=392.9875MHz
  AACH  [CapAlloc] f1=0 f2=0 raw=0x3000 (dist=0)

[#638] SB   [TN=4 FN=08 MN=49] corr=0.992  SB1 CRC OK [TMO] MCC=262 MNC=1010 CC=1 FN(air)=8 MF(air)=49 TN(air)=3 → TN=4 FN=08 MN=49
  BKN2  MAC-BROADCAST  sub=SYSINFO
  BKN2    Carrier=3719 Band=3 Duplex=0 HF=468 LocArea=1 DL=392.9875MHz
  AACH  [CapAlloc] f1=0 f2=0 raw=0x3000 (dist=0)

[#639] NDB2  [TN=1 FN=09 MN=49] corr=0.997  AACH  [DL/UL-Assign] DL=Common UL=Random CC=9 f1=9 f2=9 (dist=0)
  BKN1 SCH/HD  MAC-RESOURCE  addr=NULL LI=2 (2 octets)
  BKN2 SCH/HD  MAC-BROADCAST  sub=SYSINFO
  BKN2 SCH/HD    Carrier=3719 Band=3 Duplex=0 HF=468 LocArea=1 DL=392.9875MHz

[#640] SB   [TN=2 FN=09 MN=49] corr=0.995  SB1 CRC OK [TMO] MCC=262 MNC=1010 CC=1 FN(air)=9 MF(air)=49 TN(air)=1 → TN=2 FN=09 MN=49
  BKN2  MAC-BROADCAST  sub=SYSINFO
  BKN2    Carrier=3719 Band=3 Duplex=0 HF=468 LocArea=1 DL=392.9875MHz
  AACH  [CapAlloc] f1=0 f2=0 raw=0x3000 (dist=0)

[#641] SB   [TN=3 FN=09 MN=49] corr=0.995  SB1 CRC OK [TMO] MCC=262 MNC=1010 CC=1 FN(air)=9 MF(air)=49 TN(air)=2 → TN=3 FN=09 MN=49
  BKN2  MAC-BROADCAST  sub=SYSINFO
  BKN2    Carrier=3719 Band=3 Duplex=0 HF=468 LocArea=1 DL=392.9875MHz
  AACH  [CapAlloc] f1=0 f2=0 raw=0x3000 (dist=0)

[#642] SB   [TN=4 FN=09 MN=49] corr=0.994  SB1 CRC OK [TMO] MCC=262 MNC=1010 CC=1 FN(air)=9 MF(air)=49 TN(air)=3 → TN=4 FN=09 MN=49
  BKN2  MAC-BROADCAST  sub=SYSINFO
  BKN2    Carrier=3719 Band=3 Duplex=0 HF=468 LocArea=1 DL=392.9875MHz
  AACH  [CapAlloc] f1=0 f2=0 raw=0x3000 (dist=0)

[#643] NDB2  [TN=1 FN=10 MN=49] corr=0.994  AACH  [DL/UL-Assign] DL=Common UL=Random CC=9 f1=9 f2=9 (dist=0)
  BKN1 SCH/HD  MAC-RESOURCE  addr=NULL LI=2 (2 octets)
  BKN2 SCH/HD  MAC-BROADCAST  sub=SYSINFO
  BKN2 SCH/HD    Carrier=3719 Band=3 Duplex=0 HF=468 LocArea=1 DL=392.9875MHz

[#644] SB   [TN=2 FN=10 MN=49] corr=0.995  SB1 CRC OK [TMO] MCC=262 MNC=1010 CC=1 FN(air)=10 MF(air)=49 TN(air)=1 → TN=2 FN=10 MN=49
  BKN2  MAC-BROADCAST  sub=SYSINFO
  BKN2    Carrier=3719 Band=3 Duplex=0 HF=468 LocArea=1 DL=392.9875MHz
  AACH  [CapAlloc] f1=0 f2=0 raw=0x3000 (dist=0)

[#645] SB   [TN=3 FN=10 MN=49] corr=0.995  SB1 CRC OK [TMO] MCC=262 MNC=1010 CC=1 FN(air)=10 MF(air)=49 TN(air)=2 → TN=3 FN=10 MN=49
  BKN2  MAC-BROADCAST  sub=SYSINFO
  BKN2    Carrier=3719 Band=3 Duplex=0 HF=468 LocArea=1 DL=392.9875MHz
  AACH  [CapAlloc] f1=0 f2=0 raw=0x3000 (dist=0)

[#646] SB   [TN=4 FN=10 MN=49] corr=0.995  SB1 CRC OK [TMO] MCC=262 MNC=1010 CC=1 FN(air)=10 MF(air)=49 TN(air)=3 → TN=4 FN=10 MN=49
  BKN2  MAC-BROADCAST  sub=SYSINFO
  BKN2    Carrier=3719 Band=3 Duplex=0 HF=468 LocArea=1 DL=392.9875MHz
  AACH  [CapAlloc] f1=0 f2=0 raw=0x3000 (dist=0)

[#647] NDB2  [TN=1 FN=11 MN=49] corr=0.993  AACH  [DL/UL-Assign] DL=Common UL=Random CC=9 f1=9 f2=9 (dist=0)
  BKN1 SCH/HD  MAC-RESOURCE  addr=NULL LI=2 (2 octets)
  BKN2 SCH/HD  MAC-BROADCAST  sub=SYSINFO
  BKN2 SCH/HD    Carrier=3719 Band=3 Duplex=0 HF=468 LocArea=1 DL=392.9875MHz

[#648] SB   [TN=2 FN=11 MN=49] corr=0.992  SB1 CRC OK [TMO] MCC=262 MNC=1010 CC=1 FN(air)=11 MF(air)=49 TN(air)=1 → TN=2 FN=11 MN=49
  BKN2  MAC-BROADCAST  sub=SYSINFO
  BKN2    Carrier=3719 Band=3 Duplex=0 HF=468 LocArea=1 DL=392.9875MHz
  AACH  [CapAlloc] f1=0 f2=0 raw=0x3000 (dist=0)

[#649] SB   [TN=3 FN=11 MN=49] corr=0.991  SB1 CRC OK [TMO] MCC=262 MNC=1010 CC=1 FN(air)=11 MF(air)=49 TN(air)=2 → TN=3 FN=11 MN=49
  BKN2  MAC-BROADCAST  sub=SYSINFO
  BKN2    Carrier=3719 Band=3 Duplex=0 HF=468 LocArea=1 DL=392.9875MHz
  AACH  [CapAlloc] f1=0 f2=0 raw=0x3000 (dist=0)

[#650] SB   [TN=4 FN=11 MN=49] corr=0.991  SB1 CRC OK [TMO] MCC=262 MNC=1010 CC=1 FN(air)=11 MF(air)=49 TN(air)=3 → TN=4 FN=11 MN=49
  BKN2  MAC-BROADCAST  sub=SYSINFO
  BKN2    Carrier=3719 Band=3 Duplex=0 HF=468 LocArea=1 DL=392.9875MHz
  AACH  [CapAlloc] f1=0 f2=0 raw=0x3000 (dist=0)

[#651] NDB2  [TN=1 FN=12 MN=49] corr=0.997  AACH  [DL/UL-Assign] DL=Common UL=Random CC=9 f1=9 f2=9 (dist=0)
  BKN1 SCH/HD  MAC-RESOURCE  addr=NULL LI=2 (2 octets)
  BKN2 SCH/HD  MAC-BROADCAST  sub=SYSINFO
  BKN2 SCH/HD    Carrier=3719 Band=3 Duplex=0 HF=468 LocArea=1 DL=392.9875MHz

[#652] SB   [TN=2 FN=12 MN=49] corr=0.992  SB1 CRC OK [TMO] MCC=262 MNC=1010 CC=1 FN(air)=12 MF(air)=49 TN(air)=1 → TN=2 FN=12 MN=49
  BKN2  MAC-BROADCAST  sub=SYSINFO
  BKN2    Carrier=3719 Band=3 Duplex=0 HF=468 LocArea=1 DL=392.9875MHz
  AACH  [CapAlloc] f1=0 f2=0 raw=0x3000 (dist=0)

[#653] SB   [TN=3 FN=12 MN=49] corr=0.991  SB1 CRC OK [TMO] MCC=262 MNC=1010 CC=1 FN(air)=12 MF(air)=49 TN(air)=2 → TN=3 FN=12 MN=49
  BKN2  MAC-BROADCAST  sub=SYSINFO
  BKN2    Carrier=3719 Band=3 Duplex=0 HF=468 LocArea=1 DL=392.9875MHz
  AACH  [CapAlloc] f1=0 f2=0 raw=0x3000 (dist=0)

[#654] SB   [TN=4 FN=12 MN=49] corr=0.992  SB1 CRC OK [TMO] MCC=262 MNC=1010 CC=1 FN(air)=12 MF(air)=49 TN(air)=3 → TN=4 FN=12 MN=49
  BKN2  MAC-BROADCAST  sub=SYSINFO
  BKN2    Carrier=3719 Band=3 Duplex=0 HF=468 LocArea=1 DL=392.9875MHz
  AACH  [CapAlloc] f1=0 f2=0 raw=0x3000 (dist=0)

[#655] NDB2  [TN=1 FN=13 MN=49] corr=0.996  AACH  [DL/UL-Assign] DL=Common UL=Random CC=9 f1=9 f2=9 (dist=0)
  BKN1 SCH/HD  MAC-RESOURCE  addr=NULL LI=2 (2 octets)
  BKN2 SCH/HD  MAC-BROADCAST  sub=SYSINFO
  BKN2 SCH/HD    Carrier=3719 Band=3 Duplex=0 HF=468 LocArea=1 DL=392.9875MHz

[#656] SB   [TN=2 FN=13 MN=49] corr=0.995  SB1 CRC OK [TMO] MCC=262 MNC=1010 CC=1 FN(air)=13 MF(air)=49 TN(air)=1 → TN=2 FN=13 MN=49
  BKN2  MAC-BROADCAST  sub=SYSINFO
  BKN2    Carrier=3719 Band=3 Duplex=0 HF=468 LocArea=1 DL=392.9875MHz
  AACH  [CapAlloc] f1=0 f2=0 raw=0x3000 (dist=0)

[#657] SB   [TN=3 FN=13 MN=49] corr=0.995  SB1 CRC OK [TMO] MCC=262 MNC=1010 CC=1 FN(air)=13 MF(air)=49 TN(air)=2 → TN=3 FN=13 MN=49
  BKN2  MAC-BROADCAST  sub=SYSINFO
  BKN2    Carrier=3719 Band=3 Duplex=0 HF=468 LocArea=1 DL=392.9875MHz
  AACH  [CapAlloc] f1=0 f2=0 raw=0x3000 (dist=0)

[#658] SB   [TN=4 FN=13 MN=49] corr=0.994  SB1 CRC OK [TMO] MCC=262 MNC=1010 CC=1 FN(air)=13 MF(air)=49 TN(air)=3 → TN=4 FN=13 MN=49
  BKN2  MAC-BROADCAST  sub=SYSINFO
  BKN2    Carrier=3719 Band=3 Duplex=0 HF=468 LocArea=1 DL=392.9875MHz
  AACH  [CapAlloc] f1=0 f2=0 raw=0x3000 (dist=0)

[#659] NDB2  [TN=1 FN=14 MN=49] corr=0.993  AACH  [DL/UL-Assign] DL=Common UL=Random CC=9 f1=9 f2=9 (dist=0)
  BKN1 SCH/HD  MAC-RESOURCE  addr=NULL LI=2 (2 octets)
  BKN2 SCH/HD  MAC-BROADCAST  sub=SYSINFO
  BKN2 SCH/HD    Carrier=3719 Band=3 Duplex=0 HF=468 LocArea=1 DL=392.9875MHz

[#660] SB   [TN=2 FN=14 MN=49] corr=0.994  SB1 CRC OK [TMO] MCC=262 MNC=1010 CC=1 FN(air)=14 MF(air)=49 TN(air)=1 → TN=2 FN=14 MN=49
  BKN2  MAC-BROADCAST  sub=SYSINFO
  BKN2    Carrier=3719 Band=3 Duplex=0 HF=468 LocArea=1 DL=392.9875MHz
  AACH  [CapAlloc] f1=0 f2=0 raw=0x3000 (dist=0)

[#661] SB   [TN=3 FN=14 MN=49] corr=0.995  SB1 CRC OK [TMO] MCC=262 MNC=1010 CC=1 FN(air)=14 MF(air)=49 TN(air)=2 → TN=3 FN=14 MN=49
  BKN2  MAC-BROADCAST  sub=SYSINFO
  BKN2    Carrier=3719 Band=3 Duplex=0 HF=468 LocArea=1 DL=392.9875MHz
  AACH  [CapAlloc] f1=0 f2=0 raw=0x3000 (dist=0)

[#662] SB   [TN=4 FN=14 MN=49] corr=0.995  SB1 CRC OK [TMO] MCC=262 MNC=1010 CC=1 FN(air)=14 MF(air)=49 TN(air)=3 → TN=4 FN=14 MN=49
  BKN2  MAC-BROADCAST  sub=SYSINFO
  BKN2    Carrier=3719 Band=3 Duplex=0 HF=468 LocArea=1 DL=392.9875MHz
  AACH  [CapAlloc] f1=0 f2=0 raw=0x3000 (dist=0)

[#663] NDB2  [TN=1 FN=15 MN=49] corr=0.994  AACH  [DL/UL-Assign] DL=Common UL=Random CC=9 f1=9 f2=9 (dist=0)
  BKN1 SCH/HD  MAC-RESOURCE  addr=NULL LI=2 (2 octets)
  BKN2 SCH/HD  MAC-BROADCAST  sub=SYSINFO
  BKN2 SCH/HD    Carrier=3719 Band=3 Duplex=0 HF=468 LocArea=1 DL=392.9875MHz

[#664] SB   [TN=2 FN=15 MN=49] corr=0.992  SB1 CRC OK [TMO] MCC=262 MNC=1010 CC=1 FN(air)=15 MF(air)=49 TN(air)=1 → TN=2 FN=15 MN=49
  BKN2  MAC-BROADCAST  sub=SYSINFO
  BKN2    Carrier=3719 Band=3 Duplex=0 HF=468 LocArea=1 DL=392.9875MHz
  AACH  [CapAlloc] f1=0 f2=0 raw=0x3000 (dist=0)

[#665] SB   [TN=3 FN=15 MN=49] corr=0.991  SB1 CRC OK [TMO] MCC=262 MNC=1010 CC=1 FN(air)=15 MF(air)=49 TN(air)=2 → TN=3 FN=15 MN=49
  BKN2  MAC-BROADCAST  sub=SYSINFO
  BKN2    Carrier=3719 Band=3 Duplex=0 HF=468 LocArea=1 DL=392.9875MHz
  AACH  [CapAlloc] f1=0 f2=0 raw=0x3000 (dist=0)

[#666] SB   [TN=4 FN=15 MN=49] corr=0.992  SB1 CRC OK [TMO] MCC=262 MNC=1010 CC=1 FN(air)=15 MF(air)=49 TN(air)=3 → TN=4 FN=15 MN=49
  BKN2  MAC-BROADCAST  sub=SYSINFO
  BKN2    Carrier=3719 Band=3 Duplex=0 HF=468 LocArea=1 DL=392.9875MHz
  AACH  [CapAlloc] f1=0 f2=0 raw=0x3000 (dist=0)

[#667] NDB2  [TN=1 FN=16 MN=49] corr=0.996  AACH  [DL/UL-Assign] DL=Common UL=Random CC=9 f1=9 f2=9 (dist=0)
  BKN1 SCH/HD  MAC-RESOURCE  addr=NULL LI=2 (2 octets)
  BKN2 SCH/HD  MAC-BROADCAST  sub=SYSINFO
  BKN2 SCH/HD    Carrier=3719 Band=3 Duplex=0 HF=468 LocArea=1 DL=392.9875MHz

[#668] SB   [TN=2 FN=16 MN=49] corr=0.992  SB1 CRC OK [TMO] MCC=262 MNC=1010 CC=1 FN(air)=16 MF(air)=49 TN(air)=1 → TN=2 FN=16 MN=49
  BKN2  MAC-BROADCAST  sub=SYSINFO
  BKN2    Carrier=3719 Band=3 Duplex=0 HF=468 LocArea=1 DL=392.9875MHz
  AACH  [CapAlloc] f1=0 f2=0 raw=0x3000 (dist=0)

[#669] SB   [TN=3 FN=16 MN=49] corr=0.991  SB1 CRC OK [TMO] MCC=262 MNC=1010 CC=1 FN(air)=16 MF(air)=49 TN(air)=2 → TN=3 FN=16 MN=49
  BKN2  MAC-BROADCAST  sub=SYSINFO
  BKN2    Carrier=3719 Band=3 Duplex=0 HF=468 LocArea=1 DL=392.9875MHz
  AACH  [CapAlloc] f1=0 f2=0 raw=0x3000 (dist=0)

[#670] SB   [TN=4 FN=16 MN=49] corr=0.992  SB1 CRC OK [TMO] MCC=262 MNC=1010 CC=1 FN(air)=16 MF(air)=49 TN(air)=3 → TN=4 FN=16 MN=49
  BKN2  MAC-BROADCAST  sub=SYSINFO
  BKN2    Carrier=3719 Band=3 Duplex=0 HF=468 LocArea=1 DL=392.9875MHz
  AACH  [CapAlloc] f1=0 f2=0 raw=0x3000 (dist=0)

[#671] NDB2  [TN=1 FN=17 MN=49] corr=0.997  AACH  [DL/UL-Assign] DL=Common UL=Random CC=9 f1=9 f2=9 (dist=0)
  BKN1 SCH/HD  MAC-RESOURCE  addr=NULL LI=2 (2 octets)
  BKN2 SCH/HD  MAC-BROADCAST  sub=SYSINFO
  BKN2 SCH/HD    Carrier=3719 Band=3 Duplex=0 HF=468 LocArea=1 DL=392.9875MHz

[#672] SB   [TN=2 FN=17 MN=49] corr=0.994  SB1 CRC OK [TMO] MCC=262 MNC=1010 CC=1 FN(air)=17 MF(air)=49 TN(air)=1 → TN=2 FN=17 MN=49
  BKN2  MAC-BROADCAST  sub=SYSINFO
  BKN2    Carrier=3719 Band=3 Duplex=0 HF=468 LocArea=1 DL=392.9875MHz
  AACH  [CapAlloc] f1=0 f2=0 raw=0x3000 (dist=0)

[#673] SB   [TN=3 FN=17 MN=49] corr=0.995  SB1 CRC OK [TMO] MCC=262 MNC=1010 CC=1 FN(air)=17 MF(air)=49 TN(air)=2 → TN=3 FN=17 MN=49
  BKN2  MAC-BROADCAST  sub=SYSINFO
  BKN2    Carrier=3719 Band=3 Duplex=0 HF=468 LocArea=1 DL=392.9875MHz
  AACH  [CapAlloc] f1=0 f2=0 raw=0x3000 (dist=0)

[#674] SB   [TN=4 FN=17 MN=49] corr=0.994  SB1 CRC OK [TMO] MCC=262 MNC=1010 CC=1 FN(air)=17 MF(air)=49 TN(air)=3 → TN=4 FN=17 MN=49
  BKN2  MAC-BROADCAST  sub=SYSINFO
  BKN2    Carrier=3719 Band=3 Duplex=0 HF=468 LocArea=1 DL=392.9875MHz
  AACH  [CapAlloc] f1=0 f2=0 raw=0x3000 (dist=0)

[#675] NDB2  [TN=1 FN=18 MN=49] corr=0.994  AACH  [DL/UL-Assign] DL=Common UL=Random CC=9 f1=9 f2=9 (dist=0)
  BKN1 SCH/HD  MAC-RESOURCE  addr=NULL LI=2 (2 octets)
  BKN2 BNCH  {'Mode': 'DMO', 'Sync_PDU_type': 8, 'SystemCode': 8, 'ColourCode': 58, 'TimeSlot': 0, 'Frame': 14, 'AirInterfaceEnc': 1, 'MNI': 14709379, 'SourceAddress': 468}

[#676] SB   [TN=2 FN=18 MN=49 BSCH] corr=0.994  SB1 CRC OK [TMO] MCC=262 MNC=1010 CC=1 FN(air)=18 MF(air)=49 TN(air)=1 → TN=2 FN=18 MN=49 BSCH
  BKN2  MAC-BROADCAST  sub=SYSINFO
  BKN2    Carrier=3719 Band=3 Duplex=0 HF=468 LocArea=1 DL=392.9875MHz
  AACH  [DL/UL-Assign] DL=Unalloc UL=Random CC=0 f1=1 f2=0 (dist=0)

[#677] SB   [TN=3 FN=18 MN=49] corr=0.993  SB1 CRC OK [TMO] MCC=262 MNC=1010 CC=1 FN(air)=18 MF(air)=49 TN(air)=2 → TN=3 FN=18 MN=49
  BKN2  MAC-BROADCAST  sub=SYSINFO
  BKN2    Carrier=3719 Band=3 Duplex=0 HF=468 LocArea=1 DL=392.9875MHz
  AACH  [DL/UL-Assign] DL=Unalloc UL=Random CC=0 f1=1 f2=0 (dist=0)

[#678] SB   [TN=4 FN=18 MN=49 BNCH] corr=0.992  SB1 CRC OK [TMO] MCC=262 MNC=1010 CC=1 FN(air)=18 MF(air)=49 TN(air)=3 → TN=4 FN=18 MN=49 BNCH
  BKN2  MAC-BROADCAST  sub=SYSINFO
  BKN2    Carrier=3719 Band=3 Duplex=0 HF=468 LocArea=1 DL=392.9875MHz
  AACH  [DL/UL-Assign] DL=Unalloc UL=Random CC=0 f1=1 f2=0 (dist=0)

[#679] NDB2  [TN=1 FN=01 MN=50] corr=0.996  AACH  [DL/UL-Assign] DL=Common UL=Random CC=9 f1=9 f2=9 (dist=0)
  BKN1 SCH/HD  MAC-RESOURCE  addr=NULL LI=2 (2 octets)
  BKN2 SCH/HD  MAC-BROADCAST  sub=SYSINFO
  BKN2 SCH/HD    Carrier=3719 Band=3 Duplex=0 HF=468 LocArea=1 DL=392.9875MHz

[#680] SB   [TN=2 FN=01 MN=50] corr=0.995  SB1 CRC OK [TMO] MCC=262 MNC=1010 CC=1 FN(air)=1 MF(air)=50 TN(air)=1 → TN=2 FN=01 MN=50
  BKN2  MAC-BROADCAST  sub=SYSINFO
  BKN2    Carrier=3719 Band=3 Duplex=0 HF=468 LocArea=1 DL=392.9875MHz
  AACH  [CapAlloc] f1=0 f2=0 raw=0x3000 (dist=0)

[#681] SB   [TN=3 FN=01 MN=50] corr=0.995  SB1 CRC OK [TMO] MCC=262 MNC=1010 CC=1 FN(air)=1 MF(air)=50 TN(air)=2 → TN=3 FN=01 MN=50
  BKN2  MAC-BROADCAST  sub=SYSINFO
  BKN2    Carrier=3719 Band=3 Duplex=0 HF=468 LocArea=1 DL=392.9875MHz
  AACH  [CapAlloc] f1=0 f2=0 raw=0x3000 (dist=0)

[#682] SB   [TN=4 FN=01 MN=50] corr=0.994  SB1 CRC OK [TMO] MCC=262 MNC=1010 CC=1 FN(air)=1 MF(air)=50 TN(air)=3 → TN=4 FN=01 MN=50
  BKN2  MAC-BROADCAST  sub=SYSINFO
  BKN2    Carrier=3719 Band=3 Duplex=0 HF=468 LocArea=1 DL=392.9875MHz
  AACH  [CapAlloc] f1=0 f2=0 raw=0x3000 (dist=0)

[#683] NDB2  [TN=1 FN=02 MN=50] corr=0.995  AACH  [DL/UL-Assign] DL=Common UL=Random CC=9 f1=9 f2=9 (dist=0)
  BKN1 SCH/HD  MAC-RESOURCE  addr=NULL LI=2 (2 octets)
  BKN2 SCH/HD  MAC-BROADCAST  sub=SYSINFO
  BKN2 SCH/HD    Carrier=3719 Band=3 Duplex=0 HF=468 LocArea=1 DL=392.9875MHz

[#684] SB   [TN=2 FN=02 MN=50] corr=0.992  SB1 CRC OK [TMO] MCC=262 MNC=1010 CC=1 FN(air)=2 MF(air)=50 TN(air)=1 → TN=2 FN=02 MN=50
  BKN2  MAC-BROADCAST  sub=SYSINFO
  BKN2    Carrier=3719 Band=3 Duplex=0 HF=468 LocArea=1 DL=392.9875MHz
  AACH  [CapAlloc] f1=0 f2=0 raw=0x3000 (dist=0)

[#685] SB   [TN=3 FN=02 MN=50] corr=0.993  SB1 CRC OK [TMO] MCC=262 MNC=1010 CC=1 FN(air)=2 MF(air)=50 TN(air)=2 → TN=3 FN=02 MN=50
  BKN2  MAC-BROADCAST  sub=SYSINFO
  BKN2    Carrier=3719 Band=3 Duplex=0 HF=468 LocArea=1 DL=392.9875MHz
  AACH  [CapAlloc] f1=0 f2=0 raw=0x3000 (dist=0)

[#686] SB   [TN=4 FN=02 MN=50] corr=0.994  SB1 CRC OK [TMO] MCC=262 MNC=1010 CC=1 FN(air)=2 MF(air)=50 TN(air)=3 → TN=4 FN=02 MN=50
  BKN2  MAC-BROADCAST  sub=SYSINFO
  BKN2    Carrier=3719 Band=3 Duplex=0 HF=468 LocArea=1 DL=392.9875MHz
  AACH  [CapAlloc] f1=0 f2=0 raw=0x3000 (dist=0)

[#687] NDB2  [TN=1 FN=03 MN=50] corr=0.994  AACH  [DL/UL-Assign] DL=Common UL=Random CC=9 f1=9 f2=9 (dist=0)
  BKN1 SCH/HD  MAC-RESOURCE  addr=NULL LI=2 (2 octets)
  BKN2 SCH/HD  MAC-BROADCAST  sub=SYSINFO
  BKN2 SCH/HD    Carrier=3719 Band=3 Duplex=0 HF=468 LocArea=1 DL=392.9875MHz

[#688] SB   [TN=2 FN=03 MN=50] corr=0.992  SB1 CRC OK [TMO] MCC=262 MNC=1010 CC=1 FN(air)=3 MF(air)=50 TN(air)=1 → TN=2 FN=03 MN=50
  BKN2  MAC-BROADCAST  sub=SYSINFO
  BKN2    Carrier=3719 Band=3 Duplex=0 HF=468 LocArea=1 DL=392.9875MHz
  AACH  [CapAlloc] f1=0 f2=0 raw=0x3000 (dist=0)

[#689] SB   [TN=3 FN=03 MN=50] corr=0.991  SB1 CRC OK [TMO] MCC=262 MNC=1010 CC=1 FN(air)=3 MF(air)=50 TN(air)=2 → TN=3 FN=03 MN=50
  BKN2  MAC-BROADCAST  sub=SYSINFO
  BKN2    Carrier=3719 Band=3 Duplex=0 HF=468 LocArea=1 DL=392.9875MHz
  AACH  [CapAlloc] f1=0 f2=0 raw=0x3000 (dist=0)

[#690] SB   [TN=4 FN=03 MN=50] corr=0.991  SB1 CRC OK [TMO] MCC=262 MNC=1010 CC=1 FN(air)=3 MF(air)=50 TN(air)=3 → TN=4 FN=03 MN=50
  BKN2  MAC-BROADCAST  sub=SYSINFO
  BKN2    Carrier=3719 Band=3 Duplex=0 HF=468 LocArea=1 DL=392.9875MHz
  AACH  [CapAlloc] f1=0 f2=0 raw=0x3000 (dist=0)

[#691] NDB2  [TN=1 FN=04 MN=50] corr=0.994  AACH  [DL/UL-Assign] DL=Common UL=Random CC=9 f1=9 f2=9 (dist=0)
  BKN1 SCH/HD  MAC-RESOURCE  addr=NULL LI=2 (2 octets)
  BKN2 SCH/HD  MAC-BROADCAST  sub=SYSINFO
  BKN2 SCH/HD    Carrier=3719 Band=3 Duplex=0 HF=468 LocArea=1 DL=392.9875MHz

[#692] SB   [TN=2 FN=04 MN=50] corr=0.995  SB1 CRC OK [TMO] MCC=262 MNC=1010 CC=1 FN(air)=4 MF(air)=50 TN(air)=1 → TN=2 FN=04 MN=50
  BKN2  MAC-BROADCAST  sub=SYSINFO
  BKN2    Carrier=3719 Band=3 Duplex=0 HF=468 LocArea=1 DL=392.9875MHz
  AACH  [CapAlloc] f1=0 f2=0 raw=0x3000 (dist=0)

[#693] SB   [TN=3 FN=04 MN=50] corr=0.993  SB1 CRC OK [TMO] MCC=262 MNC=1010 CC=1 FN(air)=4 MF(air)=50 TN(air)=2 → TN=3 FN=04 MN=50
  BKN2  MAC-BROADCAST  sub=SYSINFO
  BKN2    Carrier=3719 Band=3 Duplex=0 HF=468 LocArea=1 DL=392.9875MHz
  AACH  [CapAlloc] f1=0 f2=0 raw=0x3000 (dist=0)

[#694] SB   [TN=4 FN=04 MN=50] corr=0.991  SB1 CRC OK [TMO] MCC=262 MNC=1010 CC=1 FN(air)=4 MF(air)=50 TN(air)=3 → TN=4 FN=04 MN=50
  BKN2  MAC-BROADCAST  sub=SYSINFO
  BKN2    Carrier=3719 Band=3 Duplex=0 HF=468 LocArea=1 DL=392.9875MHz
  AACH  [CapAlloc] f1=0 f2=0 raw=0x3000 (dist=0)

[#695] NDB2  [TN=1 FN=05 MN=50] corr=0.997  AACH  [DL/UL-Assign] DL=Common UL=Random CC=9 f1=9 f2=9 (dist=0)
  BKN1 SCH/HD  MAC-RESOURCE  addr=NULL LI=2 (2 octets)
  BKN2 SCH/HD  MAC-BROADCAST  sub=SYSINFO
  BKN2 SCH/HD    Carrier=3719 Band=3 Duplex=0 HF=468 LocArea=1 DL=392.9875MHz

[#696] SB   [TN=2 FN=05 MN=50] corr=0.995  SB1 CRC OK [TMO] MCC=262 MNC=1010 CC=1 FN(air)=5 MF(air)=50 TN(air)=1 → TN=2 FN=05 MN=50
  BKN2  MAC-BROADCAST  sub=SYSINFO
  BKN2    Carrier=3719 Band=3 Duplex=0 HF=468 LocArea=1 DL=392.9875MHz
  AACH  [CapAlloc] f1=0 f2=0 raw=0x3000 (dist=0)

[#697] SB   [TN=3 FN=05 MN=50] corr=0.995  SB1 CRC OK [TMO] MCC=262 MNC=1010 CC=1 FN(air)=5 MF(air)=50 TN(air)=2 → TN=3 FN=05 MN=50
  BKN2  MAC-BROADCAST  sub=SYSINFO
  BKN2    Carrier=3719 Band=3 Duplex=0 HF=468 LocArea=1 DL=392.9875MHz
  AACH  [CapAlloc] f1=0 f2=0 raw=0x3000 (dist=0)

[#698] SB   [TN=4 FN=05 MN=50] corr=0.994  SB1 CRC OK [TMO] MCC=262 MNC=1010 CC=1 FN(air)=5 MF(air)=50 TN(air)=3 → TN=4 FN=05 MN=50
  BKN2  MAC-BROADCAST  sub=SYSINFO
  BKN2    Carrier=3719 Band=3 Duplex=0 HF=468 LocArea=1 DL=392.9875MHz
  AACH  [CapAlloc] f1=0 f2=0 raw=0x3000 (dist=0)

[#699] NDB2  [TN=1 FN=06 MN=50] corr=0.996  AACH  [DL/UL-Assign] DL=Common UL=Random CC=9 f1=9 f2=9 (dist=0)
  BKN1 SCH/HD  MAC-RESOURCE  addr=NULL LI=2 (2 octets)
  BKN2 SCH/HD  MAC-BROADCAST  sub=SYSINFO
  BKN2 SCH/HD    Carrier=3719 Band=3 Duplex=0 HF=468 LocArea=1 DL=392.9875MHz
  [progress] MER=0.0%  BER(EMA)=0.0000

[#700] SB   [TN=2 FN=06 MN=50] corr=0.992  SB1 CRC OK [TMO] MCC=262 MNC=1010 CC=1 FN(air)=6 MF(air)=50 TN(air)=1 → TN=2 FN=06 MN=50
  BKN2  MAC-BROADCAST  sub=SYSINFO
  BKN2    Carrier=3719 Band=3 Duplex=0 HF=468 LocArea=1 DL=392.9875MHz
  AACH  [CapAlloc] f1=0 f2=0 raw=0x3000 (dist=0)

[#701] SB   [TN=3 FN=06 MN=50] corr=0.994  SB1 CRC OK [TMO] MCC=262 MNC=1010 CC=1 FN(air)=6 MF(air)=50 TN(air)=2 → TN=3 FN=06 MN=50
  BKN2  MAC-BROADCAST  sub=SYSINFO
  BKN2    Carrier=3719 Band=3 Duplex=0 HF=468 LocArea=1 DL=392.9875MHz
  AACH  [CapAlloc] f1=0 f2=0 raw=0x3000 (dist=0)

[#702] SB   [TN=4 FN=06 MN=50] corr=0.994  SB1 CRC OK [TMO] MCC=262 MNC=1010 CC=1 FN(air)=6 MF(air)=50 TN(air)=3 → TN=4 FN=06 MN=50
  BKN2  MAC-BROADCAST  sub=SYSINFO
  BKN2    Carrier=3719 Band=3 Duplex=0 HF=468 LocArea=1 DL=392.9875MHz
  AACH  [CapAlloc] f1=0 f2=0 raw=0x3000 (dist=0)

[#703] NDB2  [TN=1 FN=07 MN=50] corr=0.993  AACH  [DL/UL-Assign] DL=Common UL=Random CC=9 f1=9 f2=9 (dist=0)
  BKN1 SCH/HD  MAC-RESOURCE  addr=NULL LI=2 (2 octets)
  BKN2 SCH/HD  MAC-BROADCAST  sub=SYSINFO
  BKN2 SCH/HD    Carrier=3719 Band=3 Duplex=0 HF=468 LocArea=1 DL=392.9875MHz

[#704] SB   [TN=2 FN=07 MN=50] corr=0.992  SB1 CRC OK [TMO] MCC=262 MNC=1010 CC=1 FN(air)=7 MF(air)=50 TN(air)=1 → TN=2 FN=07 MN=50
  BKN2  MAC-BROADCAST  sub=SYSINFO
  BKN2    Carrier=3719 Band=3 Duplex=0 HF=468 LocArea=1 DL=392.9875MHz
  AACH  [CapAlloc] f1=0 f2=0 raw=0x3000 (dist=0)

[#705] SB   [TN=3 FN=07 MN=50] corr=0.992  SB1 CRC OK [TMO] MCC=262 MNC=1010 CC=1 FN(air)=7 MF(air)=50 TN(air)=2 → TN=3 FN=07 MN=50
  BKN2  MAC-BROADCAST  sub=SYSINFO
  BKN2    Carrier=3719 Band=3 Duplex=0 HF=468 LocArea=1 DL=392.9875MHz
  AACH  [CapAlloc] f1=0 f2=0 raw=0x3000 (dist=0)

[#706] SB   [TN=4 FN=07 MN=50] corr=0.991  SB1 CRC OK [TMO] MCC=262 MNC=1010 CC=1 FN(air)=7 MF(air)=50 TN(air)=3 → TN=4 FN=07 MN=50
  BKN2  MAC-BROADCAST  sub=SYSINFO
  BKN2    Carrier=3719 Band=3 Duplex=0 HF=468 LocArea=1 DL=392.9875MHz
  AACH  [CapAlloc] f1=0 f2=0 raw=0x3000 (dist=0)

[#707] NDB2  [TN=1 FN=08 MN=50] corr=0.994  AACH  [DL/UL-Assign] DL=Common UL=Random CC=9 f1=9 f2=9 (dist=0)
  BKN1 SCH/HD  MAC-RESOURCE  addr=NULL LI=2 (2 octets)
  BKN2 SCH/HD  MAC-BROADCAST  sub=SYSINFO
  BKN2 SCH/HD    Carrier=3719 Band=3 Duplex=0 HF=468 LocArea=1 DL=392.9875MHz

[#708] SB   [TN=2 FN=08 MN=50] corr=0.995  SB1 CRC OK [TMO] MCC=262 MNC=1010 CC=1 FN(air)=8 MF(air)=50 TN(air)=1 → TN=2 FN=08 MN=50
  BKN2  MAC-BROADCAST  sub=SYSINFO
  BKN2    Carrier=3719 Band=3 Duplex=0 HF=468 LocArea=1 DL=392.9875MHz
  AACH  [CapAlloc] f1=0 f2=0 raw=0x3000 (dist=0)

[#709] SB   [TN=3 FN=08 MN=50] corr=0.993  SB1 CRC OK [TMO] MCC=262 MNC=1010 CC=1 FN(air)=8 MF(air)=50 TN(air)=2 → TN=3 FN=08 MN=50
  BKN2  MAC-BROADCAST  sub=SYSINFO
  BKN2    Carrier=3719 Band=3 Duplex=0 HF=468 LocArea=1 DL=392.9875MHz
  AACH  [CapAlloc] f1=0 f2=0 raw=0x3000 (dist=0)

[#710] SB   [TN=4 FN=08 MN=50] corr=0.992  SB1 CRC OK [TMO] MCC=262 MNC=1010 CC=1 FN(air)=8 MF(air)=50 TN(air)=3 → TN=4 FN=08 MN=50
  BKN2  MAC-BROADCAST  sub=SYSINFO
  BKN2    Carrier=3719 Band=3 Duplex=0 HF=468 LocArea=1 DL=392.9875MHz
  AACH  [CapAlloc] f1=0 f2=0 raw=0x3000 (dist=0)

[#711] NDB2  [TN=1 FN=09 MN=50] corr=0.997  AACH  [DL/UL-Assign] DL=Common UL=Random CC=9 f1=9 f2=9 (dist=0)
  BKN1 SCH/HD  MAC-RESOURCE  addr=NULL LI=2 (2 octets)
  BKN2 SCH/HD  MAC-BROADCAST  sub=SYSINFO
  BKN2 SCH/HD    Carrier=3719 Band=3 Duplex=0 HF=468 LocArea=1 DL=392.9875MHz

[#712] SB   [TN=2 FN=09 MN=50] corr=0.995  SB1 CRC OK [TMO] MCC=262 MNC=1010 CC=1 FN(air)=9 MF(air)=50 TN(air)=1 → TN=2 FN=09 MN=50
  BKN2  MAC-BROADCAST  sub=SYSINFO
  BKN2    Carrier=3719 Band=3 Duplex=0 HF=468 LocArea=1 DL=392.9875MHz
  AACH  [CapAlloc] f1=0 f2=0 raw=0x3000 (dist=0)

[#713] SB   [TN=3 FN=09 MN=50] corr=0.995  SB1 CRC OK [TMO] MCC=262 MNC=1010 CC=1 FN(air)=9 MF(air)=50 TN(air)=2 → TN=3 FN=09 MN=50
  BKN2  MAC-BROADCAST  sub=SYSINFO
  BKN2    Carrier=3719 Band=3 Duplex=0 HF=468 LocArea=1 DL=392.9875MHz
  AACH  [CapAlloc] f1=0 f2=0 raw=0x3000 (dist=0)

[#714] SB   [TN=4 FN=09 MN=50] corr=0.994  SB1 CRC OK [TMO] MCC=262 MNC=1010 CC=1 FN(air)=9 MF(air)=50 TN(air)=3 → TN=4 FN=09 MN=50
  BKN2  MAC-BROADCAST  sub=SYSINFO
  BKN2    Carrier=3719 Band=3 Duplex=0 HF=468 LocArea=1 DL=392.9875MHz
  AACH  [CapAlloc] f1=0 f2=0 raw=0x3000 (dist=0)

[#715] NDB2  [TN=1 FN=10 MN=50] corr=0.996  AACH  [DL/UL-Assign] DL=Common UL=Random CC=9 f1=9 f2=9 (dist=0)
  BKN1 SCH/HD  MAC-RESOURCE  addr=NULL LI=2 (2 octets)
  BKN2 SCH/HD  MAC-BROADCAST  sub=SYSINFO
  BKN2 SCH/HD    Carrier=3719 Band=3 Duplex=0 HF=468 LocArea=1 DL=392.9875MHz

[#716] SB   [TN=2 FN=10 MN=50] corr=0.992  SB1 CRC OK [TMO] MCC=262 MNC=1010 CC=1 FN(air)=10 MF(air)=50 TN(air)=1 → TN=2 FN=10 MN=50
  BKN2  MAC-BROADCAST  sub=SYSINFO
  BKN2    Carrier=3719 Band=3 Duplex=0 HF=468 LocArea=1 DL=392.9875MHz
  AACH  [CapAlloc] f1=0 f2=0 raw=0x3000 (dist=0)

[#717] SB   [TN=3 FN=10 MN=50] corr=0.993  SB1 CRC OK [TMO] MCC=262 MNC=1010 CC=1 FN(air)=10 MF(air)=50 TN(air)=2 → TN=3 FN=10 MN=50
  BKN2  MAC-BROADCAST  sub=SYSINFO
  BKN2    Carrier=3719 Band=3 Duplex=0 HF=468 LocArea=1 DL=392.9875MHz
  AACH  [CapAlloc] f1=0 f2=0 raw=0x3000 (dist=0)

[#718] SB   [TN=4 FN=10 MN=50] corr=0.994  SB1 CRC OK [TMO] MCC=262 MNC=1010 CC=1 FN(air)=10 MF(air)=50 TN(air)=3 → TN=4 FN=10 MN=50
  BKN2  MAC-BROADCAST  sub=SYSINFO
  BKN2    Carrier=3719 Band=3 Duplex=0 HF=468 LocArea=1 DL=392.9875MHz
  AACH  [CapAlloc] f1=0 f2=0 raw=0x3000 (dist=0)

[#719] NDB2  [TN=1 FN=11 MN=50] corr=0.993  AACH  [DL/UL-Assign] DL=Common UL=Random CC=9 f1=9 f2=9 (dist=0)
  BKN1 SCH/HD  MAC-RESOURCE  addr=NULL LI=2 (2 octets)
  BKN2 SCH/HD  MAC-BROADCAST  sub=SYSINFO
  BKN2 SCH/HD    Carrier=3719 Band=3 Duplex=0 HF=468 LocArea=1 DL=392.9875MHz

[#720] SB   [TN=2 FN=11 MN=50] corr=0.992  SB1 CRC OK [TMO] MCC=262 MNC=1010 CC=1 FN(air)=11 MF(air)=50 TN(air)=1 → TN=2 FN=11 MN=50
  BKN2  MAC-BROADCAST  sub=SYSINFO
  BKN2    Carrier=3719 Band=3 Duplex=0 HF=468 LocArea=1 DL=392.9875MHz
  AACH  [CapAlloc] f1=0 f2=0 raw=0x3000 (dist=0)

[#721] SB   [TN=3 FN=11 MN=50] corr=0.991  SB1 CRC OK [TMO] MCC=262 MNC=1010 CC=1 FN(air)=11 MF(air)=50 TN(air)=2 → TN=3 FN=11 MN=50
  BKN2  MAC-BROADCAST  sub=SYSINFO
  BKN2    Carrier=3719 Band=3 Duplex=0 HF=468 LocArea=1 DL=392.9875MHz
  AACH  [CapAlloc] f1=0 f2=0 raw=0x3000 (dist=0)

[#722] SB   [TN=4 FN=11 MN=50] corr=0.992  SB1 CRC OK [TMO] MCC=262 MNC=1010 CC=1 FN(air)=11 MF(air)=50 TN(air)=3 → TN=4 FN=11 MN=50
  BKN2  MAC-BROADCAST  sub=SYSINFO
  BKN2    Carrier=3719 Band=3 Duplex=0 HF=468 LocArea=1 DL=392.9875MHz
  AACH  [CapAlloc] f1=0 f2=0 raw=0x3000 (dist=0)

[#723] NDB2  [TN=1 FN=12 MN=50] corr=0.995  AACH  [DL/UL-Assign] DL=Common UL=Random CC=9 f1=9 f2=9 (dist=0)
  BKN1 SCH/HD  MAC-RESOURCE  addr=NULL LI=2 (2 octets)
  BKN2 SCH/HD  MAC-BROADCAST  sub=SYSINFO
  BKN2 SCH/HD    Carrier=3719 Band=3 Duplex=0 HF=468 LocArea=1 DL=392.9875MHz

[#724] SB   [TN=2 FN=12 MN=50] corr=0.994  SB1 CRC OK [TMO] MCC=262 MNC=1010 CC=1 FN(air)=12 MF(air)=50 TN(air)=1 → TN=2 FN=12 MN=50
  BKN2  MAC-BROADCAST  sub=SYSINFO
  BKN2    Carrier=3719 Band=3 Duplex=0 HF=468 LocArea=1 DL=392.9875MHz
  AACH  [CapAlloc] f1=0 f2=0 raw=0x3000 (dist=0)

[#725] SB   [TN=3 FN=12 MN=50] corr=0.993  SB1 CRC OK [TMO] MCC=262 MNC=1010 CC=1 FN(air)=12 MF(air)=50 TN(air)=2 → TN=3 FN=12 MN=50
  BKN2  MAC-BROADCAST  sub=SYSINFO
  BKN2    Carrier=3719 Band=3 Duplex=0 HF=468 LocArea=1 DL=392.9875MHz
  AACH  [CapAlloc] f1=0 f2=0 raw=0x3000 (dist=0)

[#726] SB   [TN=4 FN=12 MN=50] corr=0.992  SB1 CRC OK [TMO] MCC=262 MNC=1010 CC=1 FN(air)=12 MF(air)=50 TN(air)=3 → TN=4 FN=12 MN=50
  BKN2  MAC-BROADCAST  sub=SYSINFO
  BKN2    Carrier=3719 Band=3 Duplex=0 HF=468 LocArea=1 DL=392.9875MHz
  AACH  [CapAlloc] f1=0 f2=0 raw=0x3000 (dist=0)

[#727] NDB2  [TN=1 FN=13 MN=50] corr=0.997  AACH  [DL/UL-Assign] DL=Unalloc UL=Unalloc CC=9 f1=0 f2=9 (dist=0)
  BKN1 SCH/HD  MAC-RESOURCE  addr=SSI ID=2633716 LI=7 (7 octets)
  BKN2 SCH/HD  MAC-BROADCAST  sub=SYSINFO
  BKN2 SCH/HD    Carrier=3719 Band=3 Duplex=0 HF=468 LocArea=1 DL=392.9875MHz

[#728] SB   [TN=2 FN=13 MN=50] corr=0.995  SB1 CRC OK [TMO] MCC=262 MNC=1010 CC=1 FN(air)=13 MF(air)=50 TN(air)=1 → TN=2 FN=13 MN=50
  BKN2  MAC-BROADCAST  sub=SYSINFO
  BKN2    Carrier=3719 Band=3 Duplex=0 HF=468 LocArea=1 DL=392.9875MHz
  AACH  [CapAlloc] f1=0 f2=0 raw=0x3000 (dist=0)

[#729] SB   [TN=3 FN=13 MN=50] corr=0.995  SB1 CRC OK [TMO] MCC=262 MNC=1010 CC=1 FN(air)=13 MF(air)=50 TN(air)=2 → TN=3 FN=13 MN=50
  BKN2  MAC-BROADCAST  sub=SYSINFO
  BKN2    Carrier=3719 Band=3 Duplex=0 HF=468 LocArea=1 DL=392.9875MHz
  AACH  [CapAlloc] f1=0 f2=0 raw=0x3000 (dist=0)

[#730] SB   [TN=4 FN=13 MN=50] corr=0.994  SB1 CRC OK [TMO] MCC=262 MNC=1010 CC=1 FN(air)=13 MF(air)=50 TN(air)=3 → TN=4 FN=13 MN=50
  BKN2  MAC-BROADCAST  sub=SYSINFO
  BKN2    Carrier=3719 Band=3 Duplex=0 HF=468 LocArea=1 DL=392.9875MHz
  AACH  [CapAlloc] f1=0 f2=0 raw=0x3000 (dist=0)

[#731] NDB2  [TN=1 FN=14 MN=50] corr=0.995  AACH  [DL/UL-Assign] DL=Common UL=Random CC=9 f1=9 f2=9 (dist=0)
  BKN1 SCH/HD  MAC-RESOURCE  addr=NULL LI=2 (2 octets)
  BKN2 SCH/HD  MAC-BROADCAST  sub=SYSINFO
  BKN2 SCH/HD    Carrier=3719 Band=3 Duplex=0 HF=468 LocArea=1 DL=392.9875MHz

[#732] SB   [TN=2 FN=14 MN=50] corr=0.993  SB1 CRC OK [TMO] MCC=262 MNC=1010 CC=1 FN(air)=14 MF(air)=50 TN(air)=1 → TN=2 FN=14 MN=50
  BKN2  MAC-BROADCAST  sub=SYSINFO
  BKN2    Carrier=3719 Band=3 Duplex=0 HF=468 LocArea=1 DL=392.9875MHz
  AACH  [CapAlloc] f1=0 f2=0 raw=0x3000 (dist=0)

[#733] SB   [TN=3 FN=14 MN=50] corr=0.993  SB1 CRC OK [TMO] MCC=262 MNC=1010 CC=1 FN(air)=14 MF(air)=50 TN(air)=2 → TN=3 FN=14 MN=50
  BKN2  MAC-BROADCAST  sub=SYSINFO
  BKN2    Carrier=3719 Band=3 Duplex=0 HF=468 LocArea=1 DL=392.9875MHz
  AACH  [CapAlloc] f1=0 f2=0 raw=0x3000 (dist=0)

[#734] SB   [TN=4 FN=14 MN=50] corr=0.994  SB1 CRC OK [TMO] MCC=262 MNC=1010 CC=1 FN(air)=14 MF(air)=50 TN(air)=3 → TN=4 FN=14 MN=50
  BKN2  MAC-BROADCAST  sub=SYSINFO
  BKN2    Carrier=3719 Band=3 Duplex=0 HF=468 LocArea=1 DL=392.9875MHz
  AACH  [CapAlloc] f1=0 f2=0 raw=0x3000 (dist=0)

[#735] NDB1  [TN=1 FN=15 MN=50] corr=0.996  AACH  [DL/UL-Assign] DL=Unalloc UL=Unalloc CC=9 f1=0 f2=9 (dist=0)
  SCH/F  MAC-RESOURCE  addr=SSI ID=2633716 LI=21 (21 octets)
    LLC  BL-ADATA NR=0 NS=0
    MLE  disc=MM → D-LOC-UPD-ACCEPT
    MLE    LocUpdAccept: ITSI-Attach

[#736] SB   [TN=2 FN=15 MN=50] corr=0.992  SB1 CRC OK [TMO] MCC=262 MNC=1010 CC=1 FN(air)=15 MF(air)=50 TN(air)=1 → TN=2 FN=15 MN=50
  BKN2  MAC-BROADCAST  sub=SYSINFO
  BKN2    Carrier=3719 Band=3 Duplex=0 HF=468 LocArea=1 DL=392.9875MHz
  AACH  [CapAlloc] f1=0 f2=0 raw=0x3000 (dist=0)

[#737] SB   [TN=3 FN=15 MN=50] corr=0.991  SB1 CRC OK [TMO] MCC=262 MNC=1010 CC=1 FN(air)=15 MF(air)=50 TN(air)=2 → TN=3 FN=15 MN=50
  BKN2  MAC-BROADCAST  sub=SYSINFO
  BKN2    Carrier=3719 Band=3 Duplex=0 HF=468 LocArea=1 DL=392.9875MHz
  AACH  [CapAlloc] f1=0 f2=0 raw=0x3000 (dist=0)

[#738] SB   [TN=4 FN=15 MN=50] corr=0.991  SB1 CRC OK [TMO] MCC=262 MNC=1010 CC=1 FN(air)=15 MF(air)=50 TN(air)=3 → TN=4 FN=15 MN=50
  BKN2  MAC-BROADCAST  sub=SYSINFO
  BKN2    Carrier=3719 Band=3 Duplex=0 HF=468 LocArea=1 DL=392.9875MHz
  AACH  [CapAlloc] f1=0 f2=0 raw=0x3000 (dist=0)

[#739] NDB2  [TN=1 FN=16 MN=50] corr=0.994  AACH  [DL/UL-Assign] DL=Common UL=Random CC=9 f1=9 f2=9 (dist=0)
  BKN1 SCH/HD  MAC-RESOURCE  addr=NULL LI=2 (2 octets)
  BKN2 SCH/HD  MAC-BROADCAST  sub=SYSINFO
  BKN2 SCH/HD    Carrier=3719 Band=3 Duplex=0 HF=468 LocArea=1 DL=392.9875MHz

[#740] SB   [TN=2 FN=16 MN=50] corr=0.994  SB1 CRC OK [TMO] MCC=262 MNC=1010 CC=1 FN(air)=16 MF(air)=50 TN(air)=1 → TN=2 FN=16 MN=50
  BKN2  MAC-BROADCAST  sub=SYSINFO
  BKN2    Carrier=3719 Band=3 Duplex=0 HF=468 LocArea=1 DL=392.9875MHz
  AACH  [CapAlloc] f1=0 f2=0 raw=0x3000 (dist=0)

[#741] SB   [TN=3 FN=16 MN=50] corr=0.995  SB1 CRC OK [TMO] MCC=262 MNC=1010 CC=1 FN(air)=16 MF(air)=50 TN(air)=2 → TN=3 FN=16 MN=50
  BKN2  MAC-BROADCAST  sub=SYSINFO
  BKN2    Carrier=3719 Band=3 Duplex=0 HF=468 LocArea=1 DL=392.9875MHz
  AACH  [CapAlloc] f1=0 f2=0 raw=0x3000 (dist=0)

[#742] SB   [TN=4 FN=16 MN=50] corr=0.994  SB1 CRC OK [TMO] MCC=262 MNC=1010 CC=1 FN(air)=16 MF(air)=50 TN(air)=3 → TN=4 FN=16 MN=50
  BKN2  MAC-BROADCAST  sub=SYSINFO
  BKN2    Carrier=3719 Band=3 Duplex=0 HF=468 LocArea=1 DL=392.9875MHz
  AACH  [CapAlloc] f1=0 f2=0 raw=0x3000 (dist=0)

[#743] NDB2  [TN=1 FN=17 MN=50] corr=0.995  AACH  [DL/UL-Assign] DL=Common UL=Random CC=9 f1=9 f2=9 (dist=0)
  BKN1 SCH/HD  MAC-RESOURCE  addr=NULL LI=2 (2 octets)
  BKN2 SCH/HD  MAC-BROADCAST  sub=SYSINFO
  BKN2 SCH/HD    Carrier=3719 Band=3 Duplex=0 HF=468 LocArea=1 DL=392.9875MHz

[#744] SB   [TN=2 FN=17 MN=50] corr=0.994  SB1 CRC OK [TMO] MCC=262 MNC=1010 CC=1 FN(air)=17 MF(air)=50 TN(air)=1 → TN=2 FN=17 MN=50
  BKN2  MAC-BROADCAST  sub=SYSINFO
  BKN2    Carrier=3719 Band=3 Duplex=0 HF=468 LocArea=1 DL=392.9875MHz
  AACH  [CapAlloc] f1=0 f2=0 raw=0x3000 (dist=0)

[#745] SB   [TN=3 FN=17 MN=50] corr=0.995  SB1 CRC OK [TMO] MCC=262 MNC=1010 CC=1 FN(air)=17 MF(air)=50 TN(air)=2 → TN=3 FN=17 MN=50
  BKN2  MAC-BROADCAST  sub=SYSINFO
  BKN2    Carrier=3719 Band=3 Duplex=0 HF=468 LocArea=1 DL=392.9875MHz
  AACH  [CapAlloc] f1=0 f2=0 raw=0x3000 (dist=0)

[#746] SB   [TN=4 FN=17 MN=50] corr=0.994  SB1 CRC OK [TMO] MCC=262 MNC=1010 CC=1 FN(air)=17 MF(air)=50 TN(air)=3 → TN=4 FN=17 MN=50
  BKN2  MAC-BROADCAST  sub=SYSINFO
  BKN2    Carrier=3719 Band=3 Duplex=0 HF=468 LocArea=1 DL=392.9875MHz
  AACH  [CapAlloc] f1=0 f2=0 raw=0x3000 (dist=0)

[#747] SB   [TN=1 FN=18 MN=50 BSCH] corr=0.993  SB1 CRC OK [TMO] MCC=262 MNC=1010 CC=1 FN(air)=18 MF(air)=50 TN(air)=0 → TN=1 FN=18 MN=50 BSCH
  BKN2  MAC-BROADCAST  sub=SYSINFO
  BKN2    Carrier=3719 Band=3 Duplex=0 HF=468 LocArea=1 DL=392.9875MHz
  AACH  [DL/UL-Assign] DL=Unalloc UL=Random CC=9 f1=1 f2=9 (dist=0)

[#748] SB   [TN=2 FN=18 MN=50] corr=0.994  SB1 CRC OK [TMO] MCC=262 MNC=1010 CC=1 FN(air)=18 MF(air)=50 TN(air)=1 → TN=2 FN=18 MN=50
  BKN2  MAC-BROADCAST  sub=SYSINFO
  BKN2    Carrier=3719 Band=3 Duplex=0 HF=468 LocArea=1 DL=392.9875MHz
  AACH  [DL/UL-Assign] DL=Unalloc UL=Random CC=0 f1=1 f2=0 (dist=0)

[#749] SB   [TN=3 FN=18 MN=50 BNCH] corr=0.993  SB1 CRC OK [TMO] MCC=262 MNC=1010 CC=1 FN(air)=18 MF(air)=50 TN(air)=2 → TN=3 FN=18 MN=50 BNCH
  BKN2  MAC-BROADCAST  sub=SYSINFO
  BKN2    Carrier=3719 Band=3 Duplex=0 HF=468 LocArea=1 DL=392.9875MHz
  AACH  [DL/UL-Assign] DL=Unalloc UL=Random CC=0 f1=1 f2=0 (dist=0)

[#750] SB   [TN=4 FN=18 MN=50] corr=0.994  SB1 CRC OK [TMO] MCC=262 MNC=1010 CC=1 FN(air)=18 MF(air)=50 TN(air)=3 → TN=4 FN=18 MN=50
  BKN2  MAC-BROADCAST  sub=SYSINFO
  BKN2    Carrier=3719 Band=3 Duplex=0 HF=468 LocArea=1 DL=392.9875MHz
  AACH  [DL/UL-Assign] DL=Unalloc UL=Random CC=0 f1=1 f2=0 (dist=0)

[#751] NDB2  [TN=1 FN=01 MN=51] corr=0.996  AACH  [DL/UL-Assign] DL=Common UL=Random CC=9 f1=9 f2=9 (dist=0)
  BKN1 SCH/HD  MAC-RESOURCE  addr=NULL LI=2 (2 octets)
  BKN2 SCH/HD  MAC-BROADCAST  sub=SYSINFO
  BKN2 SCH/HD    Carrier=3719 Band=3 Duplex=0 HF=468 LocArea=1 DL=392.9875MHz

[#752] SB   [TN=2 FN=01 MN=51] corr=0.992  SB1 CRC OK [TMO] MCC=262 MNC=1010 CC=1 FN(air)=1 MF(air)=51 TN(air)=1 → TN=2 FN=01 MN=51
  BKN2  MAC-BROADCAST  sub=SYSINFO
  BKN2    Carrier=3719 Band=3 Duplex=0 HF=468 LocArea=1 DL=392.9875MHz
  AACH  [CapAlloc] f1=0 f2=0 raw=0x3000 (dist=0)

[#753] SB   [TN=3 FN=01 MN=51] corr=0.991  SB1 CRC OK [TMO] MCC=262 MNC=1010 CC=1 FN(air)=1 MF(air)=51 TN(air)=2 → TN=3 FN=01 MN=51
  BKN2  MAC-BROADCAST  sub=SYSINFO
  BKN2    Carrier=3719 Band=3 Duplex=0 HF=468 LocArea=1 DL=392.9875MHz
  AACH  [CapAlloc] f1=0 f2=0 raw=0x3000 (dist=0)

[#754] SB   [TN=4 FN=01 MN=51] corr=0.992  SB1 CRC OK [TMO] MCC=262 MNC=1010 CC=1 FN(air)=1 MF(air)=51 TN(air)=3 → TN=4 FN=01 MN=51
  BKN2  MAC-BROADCAST  sub=SYSINFO
  BKN2    Carrier=3719 Band=3 Duplex=0 HF=468 LocArea=1 DL=392.9875MHz
  AACH  [CapAlloc] f1=0 f2=0 raw=0x3000 (dist=0)

[#755] NDB2  [TN=1 FN=02 MN=51] corr=0.997  AACH  [DL/UL-Assign] DL=Common UL=Random CC=9 f1=9 f2=9 (dist=0)
  BKN1 SCH/HD  MAC-RESOURCE  addr=NULL LI=2 (2 octets)
  BKN2 SCH/HD  MAC-BROADCAST  sub=SYSINFO
  BKN2 SCH/HD    Carrier=3719 Band=3 Duplex=0 HF=468 LocArea=1 DL=392.9875MHz

[#756] SB   [TN=2 FN=02 MN=51] corr=0.995  SB1 CRC OK [TMO] MCC=262 MNC=1010 CC=1 FN(air)=2 MF(air)=51 TN(air)=1 → TN=2 FN=02 MN=51
  BKN2  MAC-BROADCAST  sub=SYSINFO
  BKN2    Carrier=3719 Band=3 Duplex=0 HF=468 LocArea=1 DL=392.9875MHz
  AACH  [CapAlloc] f1=0 f2=0 raw=0x3000 (dist=0)

[#757] SB   [TN=3 FN=02 MN=51] corr=0.993  SB1 CRC OK [TMO] MCC=262 MNC=1010 CC=1 FN(air)=2 MF(air)=51 TN(air)=2 → TN=3 FN=02 MN=51
  BKN2  MAC-BROADCAST  sub=SYSINFO
  BKN2    Carrier=3719 Band=3 Duplex=0 HF=468 LocArea=1 DL=392.9875MHz
  AACH  [CapAlloc] f1=0 f2=0 raw=0x3000 (dist=0)

[#758] SB   [TN=4 FN=02 MN=51] corr=0.994  SB1 CRC OK [TMO] MCC=262 MNC=1010 CC=1 FN(air)=2 MF(air)=51 TN(air)=3 → TN=4 FN=02 MN=51
  BKN2  MAC-BROADCAST  sub=SYSINFO
  BKN2    Carrier=3719 Band=3 Duplex=0 HF=468 LocArea=1 DL=392.9875MHz
  AACH  [CapAlloc] f1=0 f2=0 raw=0x3000 (dist=0)

[#759] NDB2  [TN=1 FN=03 MN=51] corr=0.995  AACH  [DL/UL-Assign] DL=Common UL=Random CC=9 f1=9 f2=9 (dist=0)
  BKN1 SCH/HD  MAC-RESOURCE  addr=NULL LI=2 (2 octets)
  BKN2 SCH/HD  MAC-BROADCAST  sub=SYSINFO
  BKN2 SCH/HD    Carrier=3719 Band=3 Duplex=0 HF=468 LocArea=1 DL=392.9875MHz

[#760] SB   [TN=2 FN=03 MN=51] corr=0.995  SB1 CRC OK [TMO] MCC=262 MNC=1010 CC=1 FN(air)=3 MF(air)=51 TN(air)=1 → TN=2 FN=03 MN=51
  BKN2  MAC-BROADCAST  sub=SYSINFO
  BKN2    Carrier=3719 Band=3 Duplex=0 HF=468 LocArea=1 DL=392.9875MHz
  AACH  [CapAlloc] f1=0 f2=0 raw=0x3000 (dist=0)

[#761] SB   [TN=3 FN=03 MN=51] corr=0.995  SB1 CRC OK [TMO] MCC=262 MNC=1010 CC=1 FN(air)=3 MF(air)=51 TN(air)=2 → TN=3 FN=03 MN=51
  BKN2  MAC-BROADCAST  sub=SYSINFO
  BKN2    Carrier=3719 Band=3 Duplex=0 HF=468 LocArea=1 DL=392.9875MHz
  AACH  [CapAlloc] f1=0 f2=0 raw=0x3000 (dist=0)

[#762] SB   [TN=4 FN=03 MN=51] corr=0.994  SB1 CRC OK [TMO] MCC=262 MNC=1010 CC=1 FN(air)=3 MF(air)=51 TN(air)=3 → TN=4 FN=03 MN=51
  BKN2  MAC-BROADCAST  sub=SYSINFO
  BKN2    Carrier=3719 Band=3 Duplex=0 HF=468 LocArea=1 DL=392.9875MHz
  AACH  [CapAlloc] f1=0 f2=0 raw=0x3000 (dist=0)

[#763] NDB2  [TN=1 FN=04 MN=51] corr=0.994  AACH  [DL/UL-Assign] DL=Common UL=Random CC=9 f1=9 f2=9 (dist=0)
  BKN1 SCH/HD  MAC-RESOURCE  addr=NULL LI=2 (2 octets)
  BKN2 SCH/HD  MAC-BROADCAST  sub=SYSINFO
  BKN2 SCH/HD    Carrier=3719 Band=3 Duplex=0 HF=468 LocArea=1 DL=392.9875MHz

[#764] SB   [TN=2 FN=04 MN=51] corr=0.993  SB1 CRC OK [TMO] MCC=262 MNC=1010 CC=1 FN(air)=4 MF(air)=51 TN(air)=1 → TN=2 FN=04 MN=51
  BKN2  MAC-BROADCAST  sub=SYSINFO
  BKN2    Carrier=3719 Band=3 Duplex=0 HF=468 LocArea=1 DL=392.9875MHz
  AACH  [CapAlloc] f1=0 f2=0 raw=0x3000 (dist=0)

[#765] SB   [TN=3 FN=04 MN=51] corr=0.993  SB1 CRC OK [TMO] MCC=262 MNC=1010 CC=1 FN(air)=4 MF(air)=51 TN(air)=2 → TN=3 FN=04 MN=51
  BKN2  MAC-BROADCAST  sub=SYSINFO
  BKN2    Carrier=3719 Band=3 Duplex=0 HF=468 LocArea=1 DL=392.9875MHz
  AACH  [CapAlloc] f1=0 f2=0 raw=0x3000 (dist=0)

[#766] SB   [TN=4 FN=04 MN=51] corr=0.992  SB1 CRC OK [TMO] MCC=262 MNC=1010 CC=1 FN(air)=4 MF(air)=51 TN(air)=3 → TN=4 FN=04 MN=51
  BKN2  MAC-BROADCAST  sub=SYSINFO
  BKN2    Carrier=3719 Band=3 Duplex=0 HF=468 LocArea=1 DL=392.9875MHz
  AACH  [CapAlloc] f1=0 f2=0 raw=0x3000 (dist=0)

[#767] NDB2  [TN=1 FN=05 MN=51] corr=0.996  AACH  [DL/UL-Assign] DL=Common UL=Random CC=9 f1=9 f2=9 (dist=0)
  BKN1 SCH/HD  MAC-RESOURCE  addr=NULL LI=2 (2 octets)
  BKN2 SCH/HD  MAC-BROADCAST  sub=SYSINFO
  BKN2 SCH/HD    Carrier=3719 Band=3 Duplex=0 HF=468 LocArea=1 DL=392.9875MHz

[#768] SB   [TN=2 FN=05 MN=51] corr=0.992  SB1 CRC OK [TMO] MCC=262 MNC=1010 CC=1 FN(air)=5 MF(air)=51 TN(air)=1 → TN=2 FN=05 MN=51
  BKN2  MAC-BROADCAST  sub=SYSINFO
  BKN2    Carrier=3719 Band=3 Duplex=0 HF=468 LocArea=1 DL=392.9875MHz
  AACH  [CapAlloc] f1=0 f2=0 raw=0x3000 (dist=0)

[#769] SB   [TN=3 FN=05 MN=51] corr=0.990  SB1 CRC OK [TMO] MCC=262 MNC=1010 CC=1 FN(air)=5 MF(air)=51 TN(air)=2 → TN=3 FN=05 MN=51
  BKN2  MAC-BROADCAST  sub=SYSINFO
  BKN2    Carrier=3719 Band=3 Duplex=0 HF=468 LocArea=1 DL=392.9875MHz
  AACH  [CapAlloc] f1=0 f2=0 raw=0x3000 (dist=0)

[#770] SB   [TN=4 FN=05 MN=51] corr=0.992  SB1 CRC OK [TMO] MCC=262 MNC=1010 CC=1 FN(air)=5 MF(air)=51 TN(air)=3 → TN=4 FN=05 MN=51
  BKN2  MAC-BROADCAST  sub=SYSINFO
  BKN2    Carrier=3719 Band=3 Duplex=0 HF=468 LocArea=1 DL=392.9875MHz
  AACH  [CapAlloc] f1=0 f2=0 raw=0x3000 (dist=0)

[#771] NDB2  [TN=1 FN=06 MN=51] corr=0.997  AACH  [DL/UL-Assign] DL=Common UL=Random CC=9 f1=9 f2=9 (dist=0)
  BKN1 SCH/HD  MAC-RESOURCE  addr=NULL LI=2 (2 octets)
  BKN2 SCH/HD  MAC-BROADCAST  sub=SYSINFO
  BKN2 SCH/HD    Carrier=3719 Band=3 Duplex=0 HF=468 LocArea=1 DL=392.9875MHz

[#772] SB   [TN=2 FN=06 MN=51] corr=0.995  SB1 CRC OK [TMO] MCC=262 MNC=1010 CC=1 FN(air)=6 MF(air)=51 TN(air)=1 → TN=2 FN=06 MN=51
  BKN2  MAC-BROADCAST  sub=SYSINFO
  BKN2    Carrier=3719 Band=3 Duplex=0 HF=468 LocArea=1 DL=392.9875MHz
  AACH  [CapAlloc] f1=0 f2=0 raw=0x3000 (dist=0)

[#773] SB   [TN=3 FN=06 MN=51] corr=0.993  SB1 CRC OK [TMO] MCC=262 MNC=1010 CC=1 FN(air)=6 MF(air)=51 TN(air)=2 → TN=3 FN=06 MN=51
  BKN2  MAC-BROADCAST  sub=SYSINFO
  BKN2    Carrier=3719 Band=3 Duplex=0 HF=468 LocArea=1 DL=392.9875MHz
  AACH  [CapAlloc] f1=0 f2=0 raw=0x3000 (dist=0)

[#774] SB   [TN=4 FN=06 MN=51] corr=0.995  SB1 CRC OK [TMO] MCC=262 MNC=1010 CC=1 FN(air)=6 MF(air)=51 TN(air)=3 → TN=4 FN=06 MN=51
  BKN2  MAC-BROADCAST  sub=SYSINFO
  BKN2    Carrier=3719 Band=3 Duplex=0 HF=468 LocArea=1 DL=392.9875MHz
  AACH  [CapAlloc] f1=0 f2=0 raw=0x3000 (dist=0)

[#775] NDB2  [TN=1 FN=07 MN=51] corr=0.994  AACH  [DL/UL-Assign] DL=Common UL=Random CC=9 f1=9 f2=9 (dist=0)
  BKN1 SCH/HD  MAC-RESOURCE  addr=NULL LI=2 (2 octets)
  BKN2 SCH/HD  MAC-BROADCAST  sub=SYSINFO
  BKN2 SCH/HD    Carrier=3719 Band=3 Duplex=0 HF=468 LocArea=1 DL=392.9875MHz

[#776] SB   [TN=2 FN=07 MN=51] corr=0.994  SB1 CRC OK [TMO] MCC=262 MNC=1010 CC=1 FN(air)=7 MF(air)=51 TN(air)=1 → TN=2 FN=07 MN=51
  BKN2  MAC-BROADCAST  sub=SYSINFO
  BKN2    Carrier=3719 Band=3 Duplex=0 HF=468 LocArea=1 DL=392.9875MHz
  AACH  [CapAlloc] f1=0 f2=0 raw=0x3000 (dist=0)

[#777] SB   [TN=3 FN=07 MN=51] corr=0.995  SB1 CRC OK [TMO] MCC=262 MNC=1010 CC=1 FN(air)=7 MF(air)=51 TN(air)=2 → TN=3 FN=07 MN=51
  BKN2  MAC-BROADCAST  sub=SYSINFO
  BKN2    Carrier=3719 Band=3 Duplex=0 HF=468 LocArea=1 DL=392.9875MHz
  AACH  [CapAlloc] f1=0 f2=0 raw=0x3000 (dist=0)

[#778] SB   [TN=4 FN=07 MN=51] corr=0.995  SB1 CRC OK [TMO] MCC=262 MNC=1010 CC=1 FN(air)=7 MF(air)=51 TN(air)=3 → TN=4 FN=07 MN=51
  BKN2  MAC-BROADCAST  sub=SYSINFO
  BKN2    Carrier=3719 Band=3 Duplex=0 HF=468 LocArea=1 DL=392.9875MHz
  AACH  [CapAlloc] f1=0 f2=0 raw=0x3000 (dist=0)

[#779] NDB2  [TN=1 FN=08 MN=51] corr=0.993  AACH  [DL/UL-Assign] DL=Common UL=Random CC=9 f1=9 f2=9 (dist=0)
  BKN1 SCH/HD  MAC-RESOURCE  addr=NULL LI=2 (2 octets)
  BKN2 SCH/HD  MAC-BROADCAST  sub=SYSINFO
  BKN2 SCH/HD    Carrier=3719 Band=3 Duplex=0 HF=468 LocArea=1 DL=392.9875MHz

[#780] SB   [TN=2 FN=08 MN=51] corr=0.993  SB1 CRC OK [TMO] MCC=262 MNC=1010 CC=1 FN(air)=8 MF(air)=51 TN(air)=1 → TN=2 FN=08 MN=51
  BKN2  MAC-BROADCAST  sub=SYSINFO
  BKN2    Carrier=3719 Band=3 Duplex=0 HF=468 LocArea=1 DL=392.9875MHz
  AACH  [CapAlloc] f1=0 f2=0 raw=0x3000 (dist=0)

[#781] SB   [TN=3 FN=08 MN=51] corr=0.993  SB1 CRC OK [TMO] MCC=262 MNC=1010 CC=1 FN(air)=8 MF(air)=51 TN(air)=2 → TN=3 FN=08 MN=51
  BKN2  MAC-BROADCAST  sub=SYSINFO
  BKN2    Carrier=3719 Band=3 Duplex=0 HF=468 LocArea=1 DL=392.9875MHz
  AACH  [CapAlloc] f1=0 f2=0 raw=0x3000 (dist=0)

[#782] SB   [TN=4 FN=08 MN=51] corr=0.992  SB1 CRC OK [TMO] MCC=262 MNC=1010 CC=1 FN(air)=8 MF(air)=51 TN(air)=3 → TN=4 FN=08 MN=51
  BKN2  MAC-BROADCAST  sub=SYSINFO
  BKN2    Carrier=3719 Band=3 Duplex=0 HF=468 LocArea=1 DL=392.9875MHz
  AACH  [CapAlloc] f1=0 f2=0 raw=0x3000 (dist=0)

[#783] NDB2  [TN=1 FN=09 MN=51] corr=0.996  AACH  [DL/UL-Assign] DL=Common UL=Random CC=9 f1=9 f2=9 (dist=0)
  BKN1 SCH/HD  MAC-RESOURCE  addr=NULL LI=2 (2 octets)
  BKN2 SCH/HD  MAC-BROADCAST  sub=SYSINFO
  BKN2 SCH/HD    Carrier=3719 Band=3 Duplex=0 HF=468 LocArea=1 DL=392.9875MHz

[#784] SB   [TN=2 FN=09 MN=51] corr=0.992  SB1 CRC OK [TMO] MCC=262 MNC=1010 CC=1 FN(air)=9 MF(air)=51 TN(air)=1 → TN=2 FN=09 MN=51
  BKN2  MAC-BROADCAST  sub=SYSINFO
  BKN2    Carrier=3719 Band=3 Duplex=0 HF=468 LocArea=1 DL=392.9875MHz
  AACH  [CapAlloc] f1=0 f2=0 raw=0x3000 (dist=0)

[#785] SB   [TN=3 FN=09 MN=51] corr=0.991  SB1 CRC OK [TMO] MCC=262 MNC=1010 CC=1 FN(air)=9 MF(air)=51 TN(air)=2 → TN=3 FN=09 MN=51
  BKN2  MAC-BROADCAST  sub=SYSINFO
  BKN2    Carrier=3719 Band=3 Duplex=0 HF=468 LocArea=1 DL=392.9875MHz
  AACH  [CapAlloc] f1=0 f2=0 raw=0x3000 (dist=0)

[#786] SB   [TN=4 FN=09 MN=51] corr=0.992  SB1 CRC OK [TMO] MCC=262 MNC=1010 CC=1 FN(air)=9 MF(air)=51 TN(air)=3 → TN=4 FN=09 MN=51
  BKN2  MAC-BROADCAST  sub=SYSINFO
  BKN2    Carrier=3719 Band=3 Duplex=0 HF=468 LocArea=1 DL=392.9875MHz
  AACH  [CapAlloc] f1=0 f2=0 raw=0x3000 (dist=0)

[#787] NDB2  [TN=1 FN=10 MN=51] corr=0.996  AACH  [DL/UL-Assign] DL=Common UL=Random CC=9 f1=9 f2=9 (dist=0)
  BKN1 SCH/HD  MAC-RESOURCE  addr=NULL LI=2 (2 octets)
  BKN2 SCH/HD  MAC-BROADCAST  sub=SYSINFO
  BKN2 SCH/HD    Carrier=3719 Band=3 Duplex=0 HF=468 LocArea=1 DL=392.9875MHz

[#788] SB   [TN=2 FN=10 MN=51] corr=0.995  SB1 CRC OK [TMO] MCC=262 MNC=1010 CC=1 FN(air)=10 MF(air)=51 TN(air)=1 → TN=2 FN=10 MN=51
  BKN2  MAC-BROADCAST  sub=SYSINFO
  BKN2    Carrier=3719 Band=3 Duplex=0 HF=468 LocArea=1 DL=392.9875MHz
  AACH  [CapAlloc] f1=0 f2=0 raw=0x3000 (dist=0)

[#789] SB   [TN=3 FN=10 MN=51] corr=0.993  SB1 CRC OK [TMO] MCC=262 MNC=1010 CC=1 FN(air)=10 MF(air)=51 TN(air)=2 → TN=3 FN=10 MN=51
  BKN2  MAC-BROADCAST  sub=SYSINFO
  BKN2    Carrier=3719 Band=3 Duplex=0 HF=468 LocArea=1 DL=392.9875MHz
  AACH  [CapAlloc] f1=0 f2=0 raw=0x3000 (dist=0)

[#790] SB   [TN=4 FN=10 MN=51] corr=0.995  SB1 CRC OK [TMO] MCC=262 MNC=1010 CC=1 FN(air)=10 MF(air)=51 TN(air)=3 → TN=4 FN=10 MN=51
  BKN2  MAC-BROADCAST  sub=SYSINFO
  BKN2    Carrier=3719 Band=3 Duplex=0 HF=468 LocArea=1 DL=392.9875MHz
  AACH  [CapAlloc] f1=0 f2=0 raw=0x3000 (dist=0)

[#791] NDB2  [TN=1 FN=11 MN=51] corr=0.994  AACH  [DL/UL-Assign] DL=Common UL=Random CC=9 f1=9 f2=9 (dist=0)
  BKN1 SCH/HD  MAC-RESOURCE  addr=NULL LI=2 (2 octets)
  BKN2 SCH/HD  MAC-BROADCAST  sub=SYSINFO
  BKN2 SCH/HD    Carrier=3719 Band=3 Duplex=0 HF=468 LocArea=1 DL=392.9875MHz

[#792] SB   [TN=2 FN=11 MN=51] corr=0.994  SB1 CRC OK [TMO] MCC=262 MNC=1010 CC=1 FN(air)=11 MF(air)=51 TN(air)=1 → TN=2 FN=11 MN=51
  BKN2  MAC-BROADCAST  sub=SYSINFO
  BKN2    Carrier=3719 Band=3 Duplex=0 HF=468 LocArea=1 DL=392.9875MHz
  AACH  [CapAlloc] f1=0 f2=0 raw=0x3000 (dist=0)

[#793] SB   [TN=3 FN=11 MN=51] corr=0.995  SB1 CRC OK [TMO] MCC=262 MNC=1010 CC=1 FN(air)=11 MF(air)=51 TN(air)=2 → TN=3 FN=11 MN=51
  BKN2  MAC-BROADCAST  sub=SYSINFO
  BKN2    Carrier=3719 Band=3 Duplex=0 HF=468 LocArea=1 DL=392.9875MHz
  AACH  [CapAlloc] f1=0 f2=0 raw=0x3000 (dist=0)

[#794] SB   [TN=4 FN=11 MN=51] corr=0.995  SB1 CRC OK [TMO] MCC=262 MNC=1010 CC=1 FN(air)=11 MF(air)=51 TN(air)=3 → TN=4 FN=11 MN=51
  BKN2  MAC-BROADCAST  sub=SYSINFO
  BKN2    Carrier=3719 Band=3 Duplex=0 HF=468 LocArea=1 DL=392.9875MHz
  AACH  [CapAlloc] f1=0 f2=0 raw=0x3000 (dist=0)

[#795] NDB2  [TN=1 FN=12 MN=51] corr=0.994  AACH  [DL/UL-Assign] DL=Common UL=Random CC=9 f1=9 f2=9 (dist=0)
  BKN1 SCH/HD  MAC-RESOURCE  addr=NULL LI=2 (2 octets)
  BKN2 SCH/HD  MAC-BROADCAST  sub=SYSINFO
  BKN2 SCH/HD    Carrier=3719 Band=3 Duplex=0 HF=468 LocArea=1 DL=392.9875MHz

[#796] SB   [TN=2 FN=12 MN=51] corr=0.992  SB1 CRC OK [TMO] MCC=262 MNC=1010 CC=1 FN(air)=12 MF(air)=51 TN(air)=1 → TN=2 FN=12 MN=51
  BKN2  MAC-BROADCAST  sub=SYSINFO
  BKN2    Carrier=3719 Band=3 Duplex=0 HF=468 LocArea=1 DL=392.9875MHz
  AACH  [CapAlloc] f1=0 f2=0 raw=0x3000 (dist=0)

[#797] SB   [TN=3 FN=12 MN=51] corr=0.994  SB1 CRC OK [TMO] MCC=262 MNC=1010 CC=1 FN(air)=12 MF(air)=51 TN(air)=2 → TN=3 FN=12 MN=51
  BKN2  MAC-BROADCAST  sub=SYSINFO
  BKN2    Carrier=3719 Band=3 Duplex=0 HF=468 LocArea=1 DL=392.9875MHz
  AACH  [CapAlloc] f1=0 f2=0 raw=0x3000 (dist=0)

[#798] SB   [TN=4 FN=12 MN=51] corr=0.992  SB1 CRC OK [TMO] MCC=262 MNC=1010 CC=1 FN(air)=12 MF(air)=51 TN(air)=3 → TN=4 FN=12 MN=51
  BKN2  MAC-BROADCAST  sub=SYSINFO
  BKN2    Carrier=3719 Band=3 Duplex=0 HF=468 LocArea=1 DL=392.9875MHz
  AACH  [CapAlloc] f1=0 f2=0 raw=0x3000 (dist=0)

[#799] NDB2  [TN=1 FN=13 MN=51] corr=0.996  AACH  [DL/UL-Assign] DL=Common UL=Random CC=9 f1=9 f2=9 (dist=0)
  BKN1 SCH/HD  MAC-RESOURCE  addr=NULL LI=2 (2 octets)
  BKN2 SCH/HD  MAC-BROADCAST  sub=SYSINFO
  BKN2 SCH/HD    Carrier=3719 Band=3 Duplex=0 HF=468 LocArea=1 DL=392.9875MHz
  [progress] MER=0.0%  BER(EMA)=0.0000

[#800] SB   [TN=2 FN=13 MN=51] corr=0.992  SB1 CRC OK [TMO] MCC=262 MNC=1010 CC=1 FN(air)=13 MF(air)=51 TN(air)=1 → TN=2 FN=13 MN=51
  BKN2  MAC-BROADCAST  sub=SYSINFO
  BKN2    Carrier=3719 Band=3 Duplex=0 HF=468 LocArea=1 DL=392.9875MHz
  AACH  [CapAlloc] f1=0 f2=0 raw=0x3000 (dist=0)

[#801] SB   [TN=3 FN=13 MN=51] corr=0.991  SB1 CRC OK [TMO] MCC=262 MNC=1010 CC=1 FN(air)=13 MF(air)=51 TN(air)=2 → TN=3 FN=13 MN=51
  BKN2  MAC-BROADCAST  sub=SYSINFO
  BKN2    Carrier=3719 Band=3 Duplex=0 HF=468 LocArea=1 DL=392.9875MHz
  AACH  [CapAlloc] f1=0 f2=0 raw=0x3000 (dist=0)

[#802] SB   [TN=4 FN=13 MN=51] corr=0.992  SB1 CRC OK [TMO] MCC=262 MNC=1010 CC=1 FN(air)=13 MF(air)=51 TN(air)=3 → TN=4 FN=13 MN=51
  BKN2  MAC-BROADCAST  sub=SYSINFO
  BKN2    Carrier=3719 Band=3 Duplex=0 HF=468 LocArea=1 DL=392.9875MHz
  AACH  [CapAlloc] f1=0 f2=0 raw=0x3000 (dist=0)

[#803] NDB2  [TN=1 FN=14 MN=51] corr=0.997  AACH  [DL/UL-Assign] DL=Common UL=Random CC=9 f1=9 f2=9 (dist=0)
  BKN1 SCH/HD  MAC-RESOURCE  addr=NULL LI=2 (2 octets)
  BKN2 SCH/HD  MAC-BROADCAST  sub=SYSINFO
  BKN2 SCH/HD    Carrier=3719 Band=3 Duplex=0 HF=468 LocArea=1 DL=392.9875MHz

[#804] SB   [TN=2 FN=14 MN=51] corr=0.995  SB1 CRC OK [TMO] MCC=262 MNC=1010 CC=1 FN(air)=14 MF(air)=51 TN(air)=1 → TN=2 FN=14 MN=51
  BKN2  MAC-BROADCAST  sub=SYSINFO
  BKN2    Carrier=3719 Band=3 Duplex=0 HF=468 LocArea=1 DL=392.9875MHz
  AACH  [CapAlloc] f1=0 f2=0 raw=0x3000 (dist=0)

[#805] SB   [TN=3 FN=14 MN=51] corr=0.993  SB1 CRC OK [TMO] MCC=262 MNC=1010 CC=1 FN(air)=14 MF(air)=51 TN(air)=2 → TN=3 FN=14 MN=51
  BKN2  MAC-BROADCAST  sub=SYSINFO
  BKN2    Carrier=3719 Band=3 Duplex=0 HF=468 LocArea=1 DL=392.9875MHz
  AACH  [CapAlloc] f1=0 f2=0 raw=0x3000 (dist=0)

[#806] SB   [TN=4 FN=14 MN=51] corr=0.994  SB1 CRC OK [TMO] MCC=262 MNC=1010 CC=1 FN(air)=14 MF(air)=51 TN(air)=3 → TN=4 FN=14 MN=51
  BKN2  MAC-BROADCAST  sub=SYSINFO
  BKN2    Carrier=3719 Band=3 Duplex=0 HF=468 LocArea=1 DL=392.9875MHz
  AACH  [CapAlloc] f1=0 f2=0 raw=0x3000 (dist=0)

[#807] NDB2  [TN=1 FN=15 MN=51] corr=0.995  AACH  [DL/UL-Assign] DL=Common UL=Random CC=9 f1=9 f2=9 (dist=0)
  BKN1 SCH/HD  MAC-RESOURCE  addr=NULL LI=2 (2 octets)
  BKN2 SCH/HD  MAC-BROADCAST  sub=SYSINFO
  BKN2 SCH/HD    Carrier=3719 Band=3 Duplex=0 HF=468 LocArea=1 DL=392.9875MHz

[#808] SB   [TN=2 FN=15 MN=51] corr=0.995  SB1 CRC OK [TMO] MCC=262 MNC=1010 CC=1 FN(air)=15 MF(air)=51 TN(air)=1 → TN=2 FN=15 MN=51
  BKN2  MAC-BROADCAST  sub=SYSINFO
  BKN2    Carrier=3719 Band=3 Duplex=0 HF=468 LocArea=1 DL=392.9875MHz
  AACH  [CapAlloc] f1=0 f2=0 raw=0x3000 (dist=0)

[#809] SB   [TN=3 FN=15 MN=51] corr=0.995  SB1 CRC OK [TMO] MCC=262 MNC=1010 CC=1 FN(air)=15 MF(air)=51 TN(air)=2 → TN=3 FN=15 MN=51
  BKN2  MAC-BROADCAST  sub=SYSINFO
  BKN2    Carrier=3719 Band=3 Duplex=0 HF=468 LocArea=1 DL=392.9875MHz
  AACH  [CapAlloc] f1=0 f2=0 raw=0x3000 (dist=0)

[#810] SB   [TN=4 FN=15 MN=51] corr=0.994  SB1 CRC OK [TMO] MCC=262 MNC=1010 CC=1 FN(air)=15 MF(air)=51 TN(air)=3 → TN=4 FN=15 MN=51
  BKN2  MAC-BROADCAST  sub=SYSINFO
  BKN2    Carrier=3719 Band=3 Duplex=0 HF=468 LocArea=1 DL=392.9875MHz
  AACH  [CapAlloc] f1=0 f2=0 raw=0x3000 (dist=0)

[#811] NDB2  [TN=1 FN=16 MN=51] corr=0.994  AACH  [DL/UL-Assign] DL=Common UL=Random CC=9 f1=9 f2=9 (dist=0)
  BKN1 SCH/HD  MAC-RESOURCE  addr=NULL LI=2 (2 octets)
  BKN2 SCH/HD  MAC-BROADCAST  sub=SYSINFO
  BKN2 SCH/HD    Carrier=3719 Band=3 Duplex=0 HF=468 LocArea=1 DL=392.9875MHz

[#812] SB   [TN=2 FN=16 MN=51] corr=0.992  SB1 CRC OK [TMO] MCC=262 MNC=1010 CC=1 FN(air)=16 MF(air)=51 TN(air)=1 → TN=2 FN=16 MN=51
  BKN2  MAC-BROADCAST  sub=SYSINFO
  BKN2    Carrier=3719 Band=3 Duplex=0 HF=468 LocArea=1 DL=392.9875MHz
  AACH  [CapAlloc] f1=0 f2=0 raw=0x3000 (dist=0)

[#813] SB   [TN=3 FN=16 MN=51] corr=0.993  SB1 CRC OK [TMO] MCC=262 MNC=1010 CC=1 FN(air)=16 MF(air)=51 TN(air)=2 → TN=3 FN=16 MN=51
  BKN2  MAC-BROADCAST  sub=SYSINFO
  BKN2    Carrier=3719 Band=3 Duplex=0 HF=468 LocArea=1 DL=392.9875MHz
  AACH  [CapAlloc] f1=0 f2=0 raw=0x3000 (dist=0)

[#814] SB   [TN=4 FN=16 MN=51] corr=0.992  SB1 CRC OK [TMO] MCC=262 MNC=1010 CC=1 FN(air)=16 MF(air)=51 TN(air)=3 → TN=4 FN=16 MN=51
  BKN2  MAC-BROADCAST  sub=SYSINFO
  BKN2    Carrier=3719 Band=3 Duplex=0 HF=468 LocArea=1 DL=392.9875MHz
  AACH  [CapAlloc] f1=0 f2=0 raw=0x3000 (dist=0)

[#815] NDB2  [TN=1 FN=17 MN=51] corr=0.995  AACH  [DL/UL-Assign] DL=Common UL=Random CC=9 f1=9 f2=9 (dist=0)
  BKN1 SCH/HD  MAC-RESOURCE  addr=NULL LI=2 (2 octets)
  BKN2 SCH/HD  MAC-BROADCAST  sub=SYSINFO
  BKN2 SCH/HD    Carrier=3719 Band=3 Duplex=0 HF=468 LocArea=1 DL=392.9875MHz

[#816] SB   [TN=2 FN=17 MN=51] corr=0.992  SB1 CRC OK [TMO] MCC=262 MNC=1010 CC=1 FN(air)=17 MF(air)=51 TN(air)=1 → TN=2 FN=17 MN=51
  BKN2  MAC-BROADCAST  sub=SYSINFO
  BKN2    Carrier=3719 Band=3 Duplex=0 HF=468 LocArea=1 DL=392.9875MHz
  AACH  [CapAlloc] f1=0 f2=0 raw=0x3000 (dist=0)

[#817] SB   [TN=3 FN=17 MN=51] corr=0.991  SB1 CRC OK [TMO] MCC=262 MNC=1010 CC=1 FN(air)=17 MF(air)=51 TN(air)=2 → TN=3 FN=17 MN=51
  BKN2  MAC-BROADCAST  sub=SYSINFO
  BKN2    Carrier=3719 Band=3 Duplex=0 HF=468 LocArea=1 DL=392.9875MHz
  AACH  [CapAlloc] f1=0 f2=0 raw=0x3000 (dist=0)

[#818] SB   [TN=4 FN=17 MN=51] corr=0.992  SB1 CRC OK [TMO] MCC=262 MNC=1010 CC=1 FN(air)=17 MF(air)=51 TN(air)=3 → TN=4 FN=17 MN=51
  BKN2  MAC-BROADCAST  sub=SYSINFO
  BKN2    Carrier=3719 Band=3 Duplex=0 HF=468 LocArea=1 DL=392.9875MHz
  AACH  [CapAlloc] f1=0 f2=0 raw=0x3000 (dist=0)

[#819] NDB2  [TN=1 FN=18 MN=51] corr=0.997  AACH  [DL/UL-Assign] DL=Common UL=Random CC=9 f1=9 f2=9 (dist=0)
  BKN1 SCH/HD  MAC-RESOURCE  addr=NULL LI=2 (2 octets)
  BKN2 BNCH  {'Mode': 'DMO', 'Sync_PDU_type': 8, 'SystemCode': 8, 'ColourCode': 58, 'TimeSlot': 0, 'Frame': 14, 'AirInterfaceEnc': 1, 'MNI': 14709379, 'SourceAddress': 468}

[#820] SB   [TN=2 FN=18 MN=51 BNCH] corr=0.995  SB1 CRC OK [TMO] MCC=262 MNC=1010 CC=1 FN(air)=18 MF(air)=51 TN(air)=1 → TN=2 FN=18 MN=51 BNCH
  BKN2  MAC-BROADCAST  sub=SYSINFO
  BKN2    Carrier=3719 Band=3 Duplex=0 HF=468 LocArea=1 DL=392.9875MHz
  AACH  [DL/UL-Assign] DL=Unalloc UL=Random CC=0 f1=1 f2=0 (dist=0)

[#821] SB   [TN=3 FN=18 MN=51] corr=0.993  SB1 CRC OK [TMO] MCC=262 MNC=1010 CC=1 FN(air)=18 MF(air)=51 TN(air)=2 → TN=3 FN=18 MN=51
  BKN2  MAC-BROADCAST  sub=SYSINFO
  BKN2    Carrier=3719 Band=3 Duplex=0 HF=468 LocArea=1 DL=392.9875MHz
  AACH  [DL/UL-Assign] DL=Unalloc UL=Random CC=0 f1=1 f2=0 (dist=0)

[#822] SB   [TN=4 FN=18 MN=51 BSCH] corr=0.991  SB1 CRC OK [TMO] MCC=262 MNC=1010 CC=1 FN(air)=18 MF(air)=51 TN(air)=3 → TN=4 FN=18 MN=51 BSCH
  BKN2  MAC-BROADCAST  sub=SYSINFO
  BKN2    Carrier=3719 Band=3 Duplex=0 HF=468 LocArea=1 DL=392.9875MHz
  AACH  [DL/UL-Assign] DL=Unalloc UL=Random CC=0 f1=1 f2=0 (dist=0)

[#823] NDB2  [TN=1 FN=01 MN=52] corr=0.995  AACH  [DL/UL-Assign] DL=Common UL=Random CC=9 f1=9 f2=9 (dist=0)
  BKN1 SCH/HD  MAC-RESOURCE  addr=NULL LI=2 (2 octets)
  BKN2 SCH/HD  MAC-BROADCAST  sub=SYSINFO
  BKN2 SCH/HD    Carrier=3719 Band=3 Duplex=0 HF=468 LocArea=1 DL=392.9875MHz

[#824] SB   [TN=2 FN=01 MN=52] corr=0.995  SB1 CRC OK [TMO] MCC=262 MNC=1010 CC=1 FN(air)=1 MF(air)=52 TN(air)=1 → TN=2 FN=01 MN=52
  BKN2  MAC-BROADCAST  sub=SYSINFO
  BKN2    Carrier=3719 Band=3 Duplex=0 HF=468 LocArea=1 DL=392.9875MHz
  AACH  [CapAlloc] f1=0 f2=0 raw=0x3000 (dist=0)

[#825] SB   [TN=3 FN=01 MN=52] corr=0.993  SB1 CRC OK [TMO] MCC=262 MNC=1010 CC=1 FN(air)=1 MF(air)=52 TN(air)=2 → TN=3 FN=01 MN=52
  BKN2  MAC-BROADCAST  sub=SYSINFO
  BKN2    Carrier=3719 Band=3 Duplex=0 HF=468 LocArea=1 DL=392.9875MHz
  AACH  [CapAlloc] f1=0 f2=0 raw=0x3000 (dist=0)

[#826] SB   [TN=4 FN=01 MN=52] corr=0.991  SB1 CRC OK [TMO] MCC=262 MNC=1010 CC=1 FN(air)=1 MF(air)=52 TN(air)=3 → TN=4 FN=01 MN=52
  BKN2  MAC-BROADCAST  sub=SYSINFO
  BKN2    Carrier=3719 Band=3 Duplex=0 HF=468 LocArea=1 DL=392.9875MHz
  AACH  [CapAlloc] f1=0 f2=0 raw=0x3000 (dist=0)

[#827] NDB2  [TN=1 FN=02 MN=52] corr=0.994  AACH  [DL/UL-Assign] DL=Common UL=Random CC=9 f1=9 f2=9 (dist=0)
  BKN1 SCH/HD  MAC-RESOURCE  addr=NULL LI=2 (2 octets)
  BKN2 SCH/HD  MAC-BROADCAST  sub=SYSINFO
  BKN2 SCH/HD    Carrier=3719 Band=3 Duplex=0 HF=468 LocArea=1 DL=392.9875MHz

[#828] SB   [TN=2 FN=02 MN=52] corr=0.994  SB1 CRC OK [TMO] MCC=262 MNC=1010 CC=1 FN(air)=2 MF(air)=52 TN(air)=1 → TN=2 FN=02 MN=52
  BKN2  MAC-BROADCAST  sub=SYSINFO
  BKN2    Carrier=3719 Band=3 Duplex=0 HF=468 LocArea=1 DL=392.9875MHz
  AACH  [CapAlloc] f1=0 f2=0 raw=0x3000 (dist=0)

[#829] SB   [TN=3 FN=02 MN=52] corr=0.993  SB1 CRC OK [TMO] MCC=262 MNC=1010 CC=1 FN(air)=2 MF(air)=52 TN(air)=2 → TN=3 FN=02 MN=52
  BKN2  MAC-BROADCAST  sub=SYSINFO
  BKN2    Carrier=3719 Band=3 Duplex=0 HF=468 LocArea=1 DL=392.9875MHz
  AACH  [CapAlloc] f1=0 f2=0 raw=0x3000 (dist=0)

[#830] SB   [TN=4 FN=02 MN=52] corr=0.992  SB1 CRC OK [TMO] MCC=262 MNC=1010 CC=1 FN(air)=2 MF(air)=52 TN(air)=3 → TN=4 FN=02 MN=52
  BKN2  MAC-BROADCAST  sub=SYSINFO
  BKN2    Carrier=3719 Band=3 Duplex=0 HF=468 LocArea=1 DL=392.9875MHz
  AACH  [CapAlloc] f1=0 f2=0 raw=0x3000 (dist=0)

[#831] NDB2  [TN=1 FN=03 MN=52] corr=0.996  AACH  [DL/UL-Assign] DL=Common UL=Random CC=9 f1=9 f2=9 (dist=0)
  BKN1 SCH/HD  MAC-RESOURCE  addr=NULL LI=2 (2 octets)
  BKN2 SCH/HD  MAC-BROADCAST  sub=SYSINFO
  BKN2 SCH/HD    Carrier=3719 Band=3 Duplex=0 HF=468 LocArea=1 DL=392.9875MHz

[#832] SB   [TN=2 FN=03 MN=52] corr=0.992  SB1 CRC OK [TMO] MCC=262 MNC=1010 CC=1 FN(air)=3 MF(air)=52 TN(air)=1 → TN=2 FN=03 MN=52
  BKN2  MAC-BROADCAST  sub=SYSINFO
  BKN2    Carrier=3719 Band=3 Duplex=0 HF=468 LocArea=1 DL=392.9875MHz
  AACH  [CapAlloc] f1=0 f2=0 raw=0x3000 (dist=0)

[#833] SB   [TN=3 FN=03 MN=52] corr=0.993  SB1 CRC OK [TMO] MCC=262 MNC=1010 CC=1 FN(air)=3 MF(air)=52 TN(air)=2 → TN=3 FN=03 MN=52
  BKN2  MAC-BROADCAST  sub=SYSINFO
  BKN2    Carrier=3719 Band=3 Duplex=0 HF=468 LocArea=1 DL=392.9875MHz
  AACH  [CapAlloc] f1=0 f2=0 raw=0x3000 (dist=0)

[#834] SB   [TN=4 FN=03 MN=52] corr=0.994  SB1 CRC OK [TMO] MCC=262 MNC=1010 CC=1 FN(air)=3 MF(air)=52 TN(air)=3 → TN=4 FN=03 MN=52
  BKN2  MAC-BROADCAST  sub=SYSINFO
  BKN2    Carrier=3719 Band=3 Duplex=0 HF=468 LocArea=1 DL=392.9875MHz
  AACH  [CapAlloc] f1=0 f2=0 raw=0x3000 (dist=0)

[#835] NDB2  [TN=1 FN=04 MN=52] corr=0.996  AACH  [DL/UL-Assign] DL=Common UL=Random CC=9 f1=9 f2=9 (dist=0)
  BKN1 SCH/HD  MAC-RESOURCE  addr=NULL LI=2 (2 octets)
  BKN2 SCH/HD  MAC-BROADCAST  sub=SYSINFO
  BKN2 SCH/HD    Carrier=3719 Band=3 Duplex=0 HF=468 LocArea=1 DL=392.9875MHz

[#836] SB   [TN=2 FN=04 MN=52] corr=0.992  SB1 CRC OK [TMO] MCC=262 MNC=1010 CC=1 FN(air)=4 MF(air)=52 TN(air)=1 → TN=2 FN=04 MN=52
  BKN2  MAC-BROADCAST  sub=SYSINFO
  BKN2    Carrier=3719 Band=3 Duplex=0 HF=468 LocArea=1 DL=392.9875MHz
  AACH  [CapAlloc] f1=0 f2=0 raw=0x3000 (dist=0)

[#837] SB   [TN=3 FN=04 MN=52] corr=0.993  SB1 CRC OK [TMO] MCC=262 MNC=1010 CC=1 FN(air)=4 MF(air)=52 TN(air)=2 → TN=3 FN=04 MN=52
  BKN2  MAC-BROADCAST  sub=SYSINFO
  BKN2    Carrier=3719 Band=3 Duplex=0 HF=468 LocArea=1 DL=392.9875MHz
  AACH  [CapAlloc] f1=0 f2=0 raw=0x3000 (dist=0)

[#838] SB   [TN=4 FN=04 MN=52] corr=0.995  SB1 CRC OK [TMO] MCC=262 MNC=1010 CC=1 FN(air)=4 MF(air)=52 TN(air)=3 → TN=4 FN=04 MN=52
  BKN2  MAC-BROADCAST  sub=SYSINFO
  BKN2    Carrier=3719 Band=3 Duplex=0 HF=468 LocArea=1 DL=392.9875MHz
  AACH  [CapAlloc] f1=0 f2=0 raw=0x3000 (dist=0)

[#839] NDB2  [TN=1 FN=05 MN=52] corr=0.995  AACH  [DL/UL-Assign] DL=Common UL=Random CC=9 f1=9 f2=9 (dist=0)
  BKN1 SCH/HD  MAC-RESOURCE  addr=NULL LI=2 (2 octets)
  BKN2 SCH/HD  MAC-BROADCAST  sub=SYSINFO
  BKN2 SCH/HD    Carrier=3719 Band=3 Duplex=0 HF=468 LocArea=1 DL=392.9875MHz

[#840] SB   [TN=2 FN=05 MN=52] corr=0.994  SB1 CRC OK [TMO] MCC=262 MNC=1010 CC=1 FN(air)=5 MF(air)=52 TN(air)=1 → TN=2 FN=05 MN=52
  BKN2  MAC-BROADCAST  sub=SYSINFO
  BKN2    Carrier=3719 Band=3 Duplex=0 HF=468 LocArea=1 DL=392.9875MHz
  AACH  [CapAlloc] f1=0 f2=0 raw=0x3000 (dist=0)

[#841] SB   [TN=3 FN=05 MN=52] corr=0.993  SB1 CRC OK [TMO] MCC=262 MNC=1010 CC=1 FN(air)=5 MF(air)=52 TN(air)=2 → TN=3 FN=05 MN=52
  BKN2  MAC-BROADCAST  sub=SYSINFO
  BKN2    Carrier=3719 Band=3 Duplex=0 HF=468 LocArea=1 DL=392.9875MHz
  AACH  [CapAlloc] f1=0 f2=0 raw=0x3000 (dist=0)

[#842] SB   [TN=4 FN=05 MN=52] corr=0.992  SB1 CRC OK [TMO] MCC=262 MNC=1010 CC=1 FN(air)=5 MF(air)=52 TN(air)=3 → TN=4 FN=05 MN=52
  BKN2  MAC-BROADCAST  sub=SYSINFO
  BKN2    Carrier=3719 Band=3 Duplex=0 HF=468 LocArea=1 DL=392.9875MHz
  AACH  [CapAlloc] f1=0 f2=0 raw=0x3000 (dist=0)

[#843] NDB2  [TN=1 FN=06 MN=52] corr=0.995  AACH  [DL/UL-Assign] DL=Common UL=Random CC=9 f1=9 f2=9 (dist=0)
  BKN1 SCH/HD  MAC-RESOURCE  addr=NULL LI=2 (2 octets)
  BKN2 SCH/HD  MAC-BROADCAST  sub=SYSINFO
  BKN2 SCH/HD    Carrier=3719 Band=3 Duplex=0 HF=468 LocArea=1 DL=392.9875MHz

[#844] SB   [TN=2 FN=06 MN=52] corr=0.994  SB1 CRC OK [TMO] MCC=262 MNC=1010 CC=1 FN(air)=6 MF(air)=52 TN(air)=1 → TN=2 FN=06 MN=52
  BKN2  MAC-BROADCAST  sub=SYSINFO
  BKN2    Carrier=3719 Band=3 Duplex=0 HF=468 LocArea=1 DL=392.9875MHz
  AACH  [CapAlloc] f1=0 f2=0 raw=0x3000 (dist=0)

[#845] SB   [TN=3 FN=06 MN=52] corr=0.993  SB1 CRC OK [TMO] MCC=262 MNC=1010 CC=1 FN(air)=6 MF(air)=52 TN(air)=2 → TN=3 FN=06 MN=52
  BKN2  MAC-BROADCAST  sub=SYSINFO
  BKN2    Carrier=3719 Band=3 Duplex=0 HF=468 LocArea=1 DL=392.9875MHz
  AACH  [CapAlloc] f1=0 f2=0 raw=0x3000 (dist=0)

[#846] SB   [TN=4 FN=06 MN=52] corr=0.992  SB1 CRC OK [TMO] MCC=262 MNC=1010 CC=1 FN(air)=6 MF(air)=52 TN(air)=3 → TN=4 FN=06 MN=52
  BKN2  MAC-BROADCAST  sub=SYSINFO
  BKN2    Carrier=3719 Band=3 Duplex=0 HF=468 LocArea=1 DL=392.9875MHz
  AACH  [CapAlloc] f1=0 f2=0 raw=0x3000 (dist=0)

[#847] NDB2  [TN=1 FN=07 MN=52] corr=0.996  AACH  [DL/UL-Assign] DL=Common UL=Random CC=9 f1=9 f2=9 (dist=0)
  BKN1 SCH/HD  MAC-RESOURCE  addr=NULL LI=2 (2 octets)
  BKN2 SCH/HD  MAC-BROADCAST  sub=SYSINFO
  BKN2 SCH/HD    Carrier=3719 Band=3 Duplex=0 HF=468 LocArea=1 DL=392.9875MHz

[#848] SB   [TN=2 FN=07 MN=52] corr=0.992  SB1 CRC OK [TMO] MCC=262 MNC=1010 CC=1 FN(air)=7 MF(air)=52 TN(air)=1 → TN=2 FN=07 MN=52
  BKN2  MAC-BROADCAST  sub=SYSINFO
  BKN2    Carrier=3719 Band=3 Duplex=0 HF=468 LocArea=1 DL=392.9875MHz
  AACH  [CapAlloc] f1=0 f2=0 raw=0x3000 (dist=0)

[#849] SB   [TN=3 FN=07 MN=52] corr=0.993  SB1 CRC OK [TMO] MCC=262 MNC=1010 CC=1 FN(air)=7 MF(air)=52 TN(air)=2 → TN=3 FN=07 MN=52
  BKN2  MAC-BROADCAST  sub=SYSINFO
  BKN2    Carrier=3719 Band=3 Duplex=0 HF=468 LocArea=1 DL=392.9875MHz
  AACH  [CapAlloc] f1=0 f2=0 raw=0x3000 (dist=0)

[#850] SB   [TN=4 FN=07 MN=52] corr=0.994  SB1 CRC OK [TMO] MCC=262 MNC=1010 CC=1 FN(air)=7 MF(air)=52 TN(air)=3 → TN=4 FN=07 MN=52
  BKN2  MAC-BROADCAST  sub=SYSINFO
  BKN2    Carrier=3719 Band=3 Duplex=0 HF=468 LocArea=1 DL=392.9875MHz
  AACH  [CapAlloc] f1=0 f2=0 raw=0x3000 (dist=0)

[#851] NDB2  [TN=1 FN=08 MN=52] corr=0.995  AACH  [DL/UL-Assign] DL=Common UL=Random CC=9 f1=9 f2=9 (dist=0)
  BKN1 SCH/HD  MAC-RESOURCE  addr=NULL LI=2 (2 octets)
  BKN2 SCH/HD  MAC-BROADCAST  sub=SYSINFO
  BKN2 SCH/HD    Carrier=3719 Band=3 Duplex=0 HF=468 LocArea=1 DL=392.9875MHz

[#852] SB   [TN=2 FN=08 MN=52] corr=0.991  SB1 CRC OK [TMO] MCC=262 MNC=1010 CC=1 FN(air)=8 MF(air)=52 TN(air)=1 → TN=2 FN=08 MN=52
  BKN2  MAC-BROADCAST  sub=SYSINFO
  BKN2    Carrier=3719 Band=3 Duplex=0 HF=468 LocArea=1 DL=392.9875MHz
  AACH  [CapAlloc] f1=0 f2=0 raw=0x3000 (dist=0)

[#853] SB   [TN=3 FN=08 MN=52] corr=0.993  SB1 CRC OK [TMO] MCC=262 MNC=1010 CC=1 FN(air)=8 MF(air)=52 TN(air)=2 → TN=3 FN=08 MN=52
  BKN2  MAC-BROADCAST  sub=SYSINFO
  BKN2    Carrier=3719 Band=3 Duplex=0 HF=468 LocArea=1 DL=392.9875MHz
  AACH  [CapAlloc] f1=0 f2=0 raw=0x3000 (dist=0)

[#854] SB   [TN=4 FN=08 MN=52] corr=0.995  SB1 CRC OK [TMO] MCC=262 MNC=1010 CC=1 FN(air)=8 MF(air)=52 TN(air)=3 → TN=4 FN=08 MN=52
  BKN2  MAC-BROADCAST  sub=SYSINFO
  BKN2    Carrier=3719 Band=3 Duplex=0 HF=468 LocArea=1 DL=392.9875MHz
  AACH  [CapAlloc] f1=0 f2=0 raw=0x3000 (dist=0)

[#855] NDB2  [TN=1 FN=09 MN=52] corr=0.995  AACH  [DL/UL-Assign] DL=Common UL=Random CC=9 f1=9 f2=9 (dist=0)
  BKN1 SCH/HD  MAC-RESOURCE  addr=NULL LI=2 (2 octets)
  BKN2 SCH/HD  MAC-BROADCAST  sub=SYSINFO
  BKN2 SCH/HD    Carrier=3719 Band=3 Duplex=0 HF=468 LocArea=1 DL=392.9875MHz

[#856] SB   [TN=2 FN=09 MN=52] corr=0.995  SB1 CRC OK [TMO] MCC=262 MNC=1010 CC=1 FN(air)=9 MF(air)=52 TN(air)=1 → TN=2 FN=09 MN=52
  BKN2  MAC-BROADCAST  sub=SYSINFO
  BKN2    Carrier=3719 Band=3 Duplex=0 HF=468 LocArea=1 DL=392.9875MHz
  AACH  [CapAlloc] f1=0 f2=0 raw=0x3000 (dist=0)

[#857] SB   [TN=3 FN=09 MN=52] corr=0.993  SB1 CRC OK [TMO] MCC=262 MNC=1010 CC=1 FN(air)=9 MF(air)=52 TN(air)=2 → TN=3 FN=09 MN=52
  BKN2  MAC-BROADCAST  sub=SYSINFO
  BKN2    Carrier=3719 Band=3 Duplex=0 HF=468 LocArea=1 DL=392.9875MHz
  AACH  [CapAlloc] f1=0 f2=0 raw=0x3000 (dist=0)

[#858] SB   [TN=4 FN=09 MN=52] corr=0.992  SB1 CRC OK [TMO] MCC=262 MNC=1010 CC=1 FN(air)=9 MF(air)=52 TN(air)=3 → TN=4 FN=09 MN=52
  BKN2  MAC-BROADCAST  sub=SYSINFO
  BKN2    Carrier=3719 Band=3 Duplex=0 HF=468 LocArea=1 DL=392.9875MHz
  AACH  [CapAlloc] f1=0 f2=0 raw=0x3000 (dist=0)

[#859] NDB2  [TN=1 FN=10 MN=52] corr=0.994  AACH  [DL/UL-Assign] DL=Common UL=Random CC=9 f1=9 f2=9 (dist=0)
  BKN1 SCH/HD  MAC-RESOURCE  addr=NULL LI=2 (2 octets)
  BKN2 SCH/HD  MAC-BROADCAST  sub=SYSINFO
  BKN2 SCH/HD    Carrier=3719 Band=3 Duplex=0 HF=468 LocArea=1 DL=392.9875MHz

[#860] SB   [TN=2 FN=10 MN=52] corr=0.994  SB1 CRC OK [TMO] MCC=262 MNC=1010 CC=1 FN(air)=10 MF(air)=52 TN(air)=1 → TN=2 FN=10 MN=52
  BKN2  MAC-BROADCAST  sub=SYSINFO
  BKN2    Carrier=3719 Band=3 Duplex=0 HF=468 LocArea=1 DL=392.9875MHz
  AACH  [CapAlloc] f1=0 f2=0 raw=0x3000 (dist=0)

[#861] SB   [TN=3 FN=10 MN=52] corr=0.993  SB1 CRC OK [TMO] MCC=262 MNC=1010 CC=1 FN(air)=10 MF(air)=52 TN(air)=2 → TN=3 FN=10 MN=52
  BKN2  MAC-BROADCAST  sub=SYSINFO
  BKN2    Carrier=3719 Band=3 Duplex=0 HF=468 LocArea=1 DL=392.9875MHz
  AACH  [CapAlloc] f1=0 f2=0 raw=0x3000 (dist=0)

[#862] SB   [TN=4 FN=10 MN=52] corr=0.992  SB1 CRC OK [TMO] MCC=262 MNC=1010 CC=1 FN(air)=10 MF(air)=52 TN(air)=3 → TN=4 FN=10 MN=52
  BKN2  MAC-BROADCAST  sub=SYSINFO
  BKN2    Carrier=3719 Band=3 Duplex=0 HF=468 LocArea=1 DL=392.9875MHz
  AACH  [CapAlloc] f1=0 f2=0 raw=0x3000 (dist=0)

[#863] NDB2  [TN=1 FN=11 MN=52] corr=0.996  AACH  [DL/UL-Assign] DL=Common UL=Random CC=9 f1=9 f2=9 (dist=0)
  BKN1 SCH/HD  MAC-RESOURCE  addr=NULL LI=2 (2 octets)
  BKN2 SCH/HD  MAC-BROADCAST  sub=SYSINFO
  BKN2 SCH/HD    Carrier=3719 Band=3 Duplex=0 HF=468 LocArea=1 DL=392.9875MHz

[#864] SB   [TN=2 FN=11 MN=52] corr=0.992  SB1 CRC OK [TMO] MCC=262 MNC=1010 CC=1 FN(air)=11 MF(air)=52 TN(air)=1 → TN=2 FN=11 MN=52
  BKN2  MAC-BROADCAST  sub=SYSINFO
  BKN2    Carrier=3719 Band=3 Duplex=0 HF=468 LocArea=1 DL=392.9875MHz
  AACH  [CapAlloc] f1=0 f2=0 raw=0x3000 (dist=0)

[#865] SB   [TN=3 FN=11 MN=52] corr=0.993  SB1 CRC OK [TMO] MCC=262 MNC=1010 CC=1 FN(air)=11 MF(air)=52 TN(air)=2 → TN=3 FN=11 MN=52
  BKN2  MAC-BROADCAST  sub=SYSINFO
  BKN2    Carrier=3719 Band=3 Duplex=0 HF=468 LocArea=1 DL=392.9875MHz
  AACH  [CapAlloc] f1=0 f2=0 raw=0x3000 (dist=0)

[#866] SB   [TN=4 FN=11 MN=52] corr=0.994  SB1 CRC OK [TMO] MCC=262 MNC=1010 CC=1 FN(air)=11 MF(air)=52 TN(air)=3 → TN=4 FN=11 MN=52
  BKN2  MAC-BROADCAST  sub=SYSINFO
  BKN2    Carrier=3719 Band=3 Duplex=0 HF=468 LocArea=1 DL=392.9875MHz
  AACH  [CapAlloc] f1=0 f2=0 raw=0x3000 (dist=0)

[#867] NDB2  [TN=1 FN=12 MN=52] corr=0.996  AACH  [DL/UL-Assign] DL=Common UL=Random CC=9 f1=9 f2=9 (dist=0)
  BKN1 SCH/HD  MAC-RESOURCE  addr=NULL LI=2 (2 octets)
  BKN2 SCH/HD  MAC-BROADCAST  sub=SYSINFO
  BKN2 SCH/HD    Carrier=3719 Band=3 Duplex=0 HF=468 LocArea=1 DL=392.9875MHz

[#868] SB   [TN=2 FN=12 MN=52] corr=0.991  SB1 CRC OK [TMO] MCC=262 MNC=1010 CC=1 FN(air)=12 MF(air)=52 TN(air)=1 → TN=2 FN=12 MN=52
  BKN2  MAC-BROADCAST  sub=SYSINFO
  BKN2    Carrier=3719 Band=3 Duplex=0 HF=468 LocArea=1 DL=392.9875MHz
  AACH  [CapAlloc] f1=0 f2=0 raw=0x3000 (dist=0)

[#869] SB   [TN=3 FN=12 MN=52] corr=0.993  SB1 CRC OK [TMO] MCC=262 MNC=1010 CC=1 FN(air)=12 MF(air)=52 TN(air)=2 → TN=3 FN=12 MN=52
  BKN2  MAC-BROADCAST  sub=SYSINFO
  BKN2    Carrier=3719 Band=3 Duplex=0 HF=468 LocArea=1 DL=392.9875MHz
  AACH  [CapAlloc] f1=0 f2=0 raw=0x3000 (dist=0)

[#870] SB   [TN=4 FN=12 MN=52] corr=0.994  SB1 CRC OK [TMO] MCC=262 MNC=1010 CC=1 FN(air)=12 MF(air)=52 TN(air)=3 → TN=4 FN=12 MN=52
  BKN2  MAC-BROADCAST  sub=SYSINFO
  BKN2    Carrier=3719 Band=3 Duplex=0 HF=468 LocArea=1 DL=392.9875MHz
  AACH  [CapAlloc] f1=0 f2=0 raw=0x3000 (dist=0)

[#871] NDB2  [TN=1 FN=13 MN=52] corr=0.994  AACH  [DL/UL-Assign] DL=Common UL=Random CC=9 f1=9 f2=9 (dist=0)
  BKN1 SCH/HD  MAC-RESOURCE  addr=NULL LI=2 (2 octets)
  BKN2 SCH/HD  MAC-BROADCAST  sub=SYSINFO
  BKN2 SCH/HD    Carrier=3719 Band=3 Duplex=0 HF=468 LocArea=1 DL=392.9875MHz

[#872] SB   [TN=2 FN=13 MN=52] corr=0.995  SB1 CRC OK [TMO] MCC=262 MNC=1010 CC=1 FN(air)=13 MF(air)=52 TN(air)=1 → TN=2 FN=13 MN=52
  BKN2  MAC-BROADCAST  sub=SYSINFO
  BKN2    Carrier=3719 Band=3 Duplex=0 HF=468 LocArea=1 DL=392.9875MHz
  AACH  [CapAlloc] f1=0 f2=0 raw=0x3000 (dist=0)

[#873] SB   [TN=3 FN=13 MN=52] corr=0.993  SB1 CRC OK [TMO] MCC=262 MNC=1010 CC=1 FN(air)=13 MF(air)=52 TN(air)=2 → TN=3 FN=13 MN=52
  BKN2  MAC-BROADCAST  sub=SYSINFO
  BKN2    Carrier=3719 Band=3 Duplex=0 HF=468 LocArea=1 DL=392.9875MHz
  AACH  [CapAlloc] f1=0 f2=0 raw=0x3000 (dist=0)

[#874] SB   [TN=4 FN=13 MN=52] corr=0.991  SB1 CRC OK [TMO] MCC=262 MNC=1010 CC=1 FN(air)=13 MF(air)=52 TN(air)=3 → TN=4 FN=13 MN=52
  BKN2  MAC-BROADCAST  sub=SYSINFO
  BKN2    Carrier=3719 Band=3 Duplex=0 HF=468 LocArea=1 DL=392.9875MHz
  AACH  [CapAlloc] f1=0 f2=0 raw=0x3000 (dist=0)

[#875] NDB2  [TN=1 FN=14 MN=52] corr=0.995  AACH  [DL/UL-Assign] DL=Common UL=Random CC=9 f1=9 f2=9 (dist=0)
  BKN1 SCH/HD  MAC-RESOURCE  addr=NULL LI=2 (2 octets)
  BKN2 SCH/HD  MAC-BROADCAST  sub=SYSINFO
  BKN2 SCH/HD    Carrier=3719 Band=3 Duplex=0 HF=468 LocArea=1 DL=392.9875MHz

[#876] SB   [TN=2 FN=14 MN=52] corr=0.994  SB1 CRC OK [TMO] MCC=262 MNC=1010 CC=1 FN(air)=14 MF(air)=52 TN(air)=1 → TN=2 FN=14 MN=52
  BKN2  MAC-BROADCAST  sub=SYSINFO
  BKN2    Carrier=3719 Band=3 Duplex=0 HF=468 LocArea=1 DL=392.9875MHz
  AACH  [CapAlloc] f1=0 f2=0 raw=0x3000 (dist=0)

[#877] SB   [TN=3 FN=14 MN=52] corr=0.993  SB1 CRC OK [TMO] MCC=262 MNC=1010 CC=1 FN(air)=14 MF(air)=52 TN(air)=2 → TN=3 FN=14 MN=52
  BKN2  MAC-BROADCAST  sub=SYSINFO
  BKN2    Carrier=3719 Band=3 Duplex=0 HF=468 LocArea=1 DL=392.9875MHz
  AACH  [CapAlloc] f1=0 f2=0 raw=0x3000 (dist=0)

[#878] SB   [TN=4 FN=14 MN=52] corr=0.992  SB1 CRC OK [TMO] MCC=262 MNC=1010 CC=1 FN(air)=14 MF(air)=52 TN(air)=3 → TN=4 FN=14 MN=52
  BKN2  MAC-BROADCAST  sub=SYSINFO
  BKN2    Carrier=3719 Band=3 Duplex=0 HF=468 LocArea=1 DL=392.9875MHz
  AACH  [CapAlloc] f1=0 f2=0 raw=0x3000 (dist=0)

[#879] NDB2  [TN=1 FN=15 MN=52] corr=0.996  AACH  [DL/UL-Assign] DL=Common UL=Random CC=9 f1=9 f2=9 (dist=0)
  BKN1 SCH/HD  MAC-RESOURCE  addr=NULL LI=2 (2 octets)
  BKN2 SCH/HD  MAC-BROADCAST  sub=SYSINFO
  BKN2 SCH/HD    Carrier=3719 Band=3 Duplex=0 HF=468 LocArea=1 DL=392.9875MHz

[#880] SB   [TN=2 FN=15 MN=52] corr=0.992  SB1 CRC OK [TMO] MCC=262 MNC=1010 CC=1 FN(air)=15 MF(air)=52 TN(air)=1 → TN=2 FN=15 MN=52
  BKN2  MAC-BROADCAST  sub=SYSINFO
  BKN2    Carrier=3719 Band=3 Duplex=0 HF=468 LocArea=1 DL=392.9875MHz
  AACH  [CapAlloc] f1=0 f2=0 raw=0x3000 (dist=0)

[#881] SB   [TN=3 FN=15 MN=52] corr=0.993  SB1 CRC OK [TMO] MCC=262 MNC=1010 CC=1 FN(air)=15 MF(air)=52 TN(air)=2 → TN=3 FN=15 MN=52
  BKN2  MAC-BROADCAST  sub=SYSINFO
  BKN2    Carrier=3719 Band=3 Duplex=0 HF=468 LocArea=1 DL=392.9875MHz
  AACH  [CapAlloc] f1=0 f2=0 raw=0x3000 (dist=0)

[#882] SB   [TN=4 FN=15 MN=52] corr=0.994  SB1 CRC OK [TMO] MCC=262 MNC=1010 CC=1 FN(air)=15 MF(air)=52 TN(air)=3 → TN=4 FN=15 MN=52
  BKN2  MAC-BROADCAST  sub=SYSINFO
  BKN2    Carrier=3719 Band=3 Duplex=0 HF=468 LocArea=1 DL=392.9875MHz
  AACH  [CapAlloc] f1=0 f2=0 raw=0x3000 (dist=0)

[#883] NDB2  [TN=1 FN=16 MN=52] corr=0.996  AACH  [DL/UL-Assign] DL=Common UL=Random CC=9 f1=9 f2=9 (dist=0)
  BKN1 SCH/HD  MAC-RESOURCE  addr=NULL LI=2 (2 octets)
  BKN2 SCH/HD  MAC-BROADCAST  sub=SYSINFO
  BKN2 SCH/HD    Carrier=3719 Band=3 Duplex=0 HF=468 LocArea=1 DL=392.9875MHz

[#884] SB   [TN=2 FN=16 MN=52] corr=0.992  SB1 CRC OK [TMO] MCC=262 MNC=1010 CC=1 FN(air)=16 MF(air)=52 TN(air)=1 → TN=2 FN=16 MN=52
  BKN2  MAC-BROADCAST  sub=SYSINFO
  BKN2    Carrier=3719 Band=3 Duplex=0 HF=468 LocArea=1 DL=392.9875MHz
  AACH  [CapAlloc] f1=0 f2=0 raw=0x3000 (dist=0)

[#885] SB   [TN=3 FN=16 MN=52] corr=0.993  SB1 CRC OK [TMO] MCC=262 MNC=1010 CC=1 FN(air)=16 MF(air)=52 TN(air)=2 → TN=3 FN=16 MN=52
  BKN2  MAC-BROADCAST  sub=SYSINFO
  BKN2    Carrier=3719 Band=3 Duplex=0 HF=468 LocArea=1 DL=392.9875MHz
  AACH  [CapAlloc] f1=0 f2=0 raw=0x3000 (dist=0)

[#886] SB   [TN=4 FN=16 MN=52] corr=0.995  SB1 CRC OK [TMO] MCC=262 MNC=1010 CC=1 FN(air)=16 MF(air)=52 TN(air)=3 → TN=4 FN=16 MN=52
  BKN2  MAC-BROADCAST  sub=SYSINFO
  BKN2    Carrier=3719 Band=3 Duplex=0 HF=468 LocArea=1 DL=392.9875MHz
  AACH  [CapAlloc] f1=0 f2=0 raw=0x3000 (dist=0)

[#887] NDB2  [TN=1 FN=17 MN=52] corr=0.995  AACH  [DL/UL-Assign] DL=Common UL=Random CC=9 f1=9 f2=9 (dist=0)
  BKN1 SCH/HD  MAC-RESOURCE  addr=NULL LI=2 (2 octets)
  BKN2 SCH/HD  MAC-BROADCAST  sub=SYSINFO
  BKN2 SCH/HD    Carrier=3719 Band=3 Duplex=0 HF=468 LocArea=1 DL=392.9875MHz

[#888] SB   [TN=2 FN=17 MN=52] corr=0.994  SB1 CRC OK [TMO] MCC=262 MNC=1010 CC=1 FN(air)=17 MF(air)=52 TN(air)=1 → TN=2 FN=17 MN=52
  BKN2  MAC-BROADCAST  sub=SYSINFO
  BKN2    Carrier=3719 Band=3 Duplex=0 HF=468 LocArea=1 DL=392.9875MHz
  AACH  [CapAlloc] f1=0 f2=0 raw=0x3000 (dist=0)

[#889] SB   [TN=3 FN=17 MN=52] corr=0.993  SB1 CRC OK [TMO] MCC=262 MNC=1010 CC=1 FN(air)=17 MF(air)=52 TN(air)=2 → TN=3 FN=17 MN=52
  BKN2  MAC-BROADCAST  sub=SYSINFO
  BKN2    Carrier=3719 Band=3 Duplex=0 HF=468 LocArea=1 DL=392.9875MHz
  AACH  [CapAlloc] f1=0 f2=0 raw=0x3000 (dist=0)

[#890] SB   [TN=4 FN=17 MN=52] corr=0.991  SB1 CRC OK [TMO] MCC=262 MNC=1010 CC=1 FN(air)=17 MF(air)=52 TN(air)=3 → TN=4 FN=17 MN=52
  BKN2  MAC-BROADCAST  sub=SYSINFO
  BKN2    Carrier=3719 Band=3 Duplex=0 HF=468 LocArea=1 DL=392.9875MHz
  AACH  [CapAlloc] f1=0 f2=0 raw=0x3000 (dist=0)

[#891] NDB2  [TN=1 FN=18 MN=52 BNCH] corr=0.995  AACH  [DL/UL-Assign] DL=Common UL=Random CC=9 f1=9 f2=9 (dist=0)
  BKN1 SCH/HD  MAC-RESOURCE  addr=NULL LI=2 (2 octets)
  BKN2 BNCH  {'Mode': 'DMO', 'Sync_PDU_type': 8, 'SystemCode': 8, 'ColourCode': 58, 'TimeSlot': 0, 'Frame': 14, 'AirInterfaceEnc': 1, 'MNI': 14709379, 'SourceAddress': 468}

[#892] SB   [TN=2 FN=18 MN=52] corr=0.994  SB1 CRC OK [TMO] MCC=262 MNC=1010 CC=1 FN(air)=18 MF(air)=52 TN(air)=1 → TN=2 FN=18 MN=52
  BKN2  MAC-BROADCAST  sub=SYSINFO
  BKN2    Carrier=3719 Band=3 Duplex=0 HF=468 LocArea=1 DL=392.9875MHz
  AACH  [DL/UL-Assign] DL=Unalloc UL=Random CC=0 f1=1 f2=0 (dist=0)

[#893] SB   [TN=3 FN=18 MN=52 BSCH] corr=0.995  SB1 CRC OK [TMO] MCC=262 MNC=1010 CC=1 FN(air)=18 MF(air)=52 TN(air)=2 → TN=3 FN=18 MN=52 BSCH
  BKN2  MAC-BROADCAST  sub=SYSINFO
  BKN2    Carrier=3719 Band=3 Duplex=0 HF=468 LocArea=1 DL=392.9875MHz
  AACH  [DL/UL-Assign] DL=Unalloc UL=Random CC=0 f1=1 f2=0 (dist=0)

[#894] SB   [TN=4 FN=18 MN=52] corr=0.994  SB1 CRC OK [TMO] MCC=262 MNC=1010 CC=1 FN(air)=18 MF(air)=52 TN(air)=3 → TN=4 FN=18 MN=52
  BKN2  MAC-BROADCAST  sub=SYSINFO
  BKN2    Carrier=3719 Band=3 Duplex=0 HF=468 LocArea=1 DL=392.9875MHz
  AACH  [DL/UL-Assign] DL=Unalloc UL=Random CC=0 f1=1 f2=0 (dist=0)

[#895] NDB2  [TN=1 FN=01 MN=53] corr=0.994  AACH  [DL/UL-Assign] DL=Common UL=Random CC=9 f1=9 f2=9 (dist=0)
  BKN1 SCH/HD  MAC-RESOURCE  addr=NULL LI=2 (2 octets)
  BKN2 SCH/HD  MAC-BROADCAST  sub=SYSINFO
  BKN2 SCH/HD    Carrier=3719 Band=3 Duplex=0 HF=468 LocArea=1 DL=392.9875MHz

[#896] SB   [TN=2 FN=01 MN=53] corr=0.995  SB1 CRC OK [TMO] MCC=262 MNC=1010 CC=1 FN(air)=1 MF(air)=53 TN(air)=1 → TN=2 FN=01 MN=53
  BKN2  MAC-BROADCAST  sub=SYSINFO
  BKN2    Carrier=3719 Band=3 Duplex=0 HF=468 LocArea=1 DL=392.9875MHz
  AACH  [CapAlloc] f1=0 f2=0 raw=0x3000 (dist=0)

[#897] SB   [TN=3 FN=01 MN=53] corr=0.994  SB1 CRC OK [TMO] MCC=262 MNC=1010 CC=1 FN(air)=1 MF(air)=53 TN(air)=2 → TN=3 FN=01 MN=53
  BKN2  MAC-BROADCAST  sub=SYSINFO
  BKN2    Carrier=3719 Band=3 Duplex=0 HF=468 LocArea=1 DL=392.9875MHz
  AACH  [CapAlloc] f1=0 f2=0 raw=0x3000 (dist=0)

[#898] SB   [TN=4 FN=01 MN=53] corr=0.995  SB1 CRC OK [TMO] MCC=262 MNC=1010 CC=1 FN(air)=1 MF(air)=53 TN(air)=3 → TN=4 FN=01 MN=53
  BKN2  MAC-BROADCAST  sub=SYSINFO
  BKN2    Carrier=3719 Band=3 Duplex=0 HF=468 LocArea=1 DL=392.9875MHz
  AACH  [CapAlloc] f1=0 f2=0 raw=0x3000 (dist=0)

[#899] NDB2  [TN=1 FN=02 MN=53] corr=0.993  AACH  [DL/UL-Assign] DL=Common UL=Random CC=9 f1=9 f2=9 (dist=0)
  BKN1 SCH/HD  MAC-RESOURCE  addr=NULL LI=2 (2 octets)
  BKN2 SCH/HD  MAC-BROADCAST  sub=SYSINFO
  BKN2 SCH/HD    Carrier=3719 Band=3 Duplex=0 HF=468 LocArea=1 DL=392.9875MHz
  [progress] MER=0.0%  BER(EMA)=0.0000

[#900] SB   [TN=2 FN=02 MN=53] corr=0.992  SB1 CRC OK [TMO] MCC=262 MNC=1010 CC=1 FN(air)=2 MF(air)=53 TN(air)=1 → TN=2 FN=02 MN=53
  BKN2  MAC-BROADCAST  sub=SYSINFO
  BKN2    Carrier=3719 Band=3 Duplex=0 HF=468 LocArea=1 DL=392.9875MHz
  AACH  [CapAlloc] f1=0 f2=0 raw=0x3000 (dist=0)

[#901] SB   [TN=3 FN=02 MN=53] corr=0.991  SB1 CRC OK [TMO] MCC=262 MNC=1010 CC=1 FN(air)=2 MF(air)=53 TN(air)=2 → TN=3 FN=02 MN=53
  BKN2  MAC-BROADCAST  sub=SYSINFO
  BKN2    Carrier=3719 Band=3 Duplex=0 HF=468 LocArea=1 DL=392.9875MHz
  AACH  [CapAlloc] f1=0 f2=0 raw=0x3000 (dist=0)

[#902] SB   [TN=4 FN=02 MN=53] corr=0.992  SB1 CRC OK [TMO] MCC=262 MNC=1010 CC=1 FN(air)=2 MF(air)=53 TN(air)=3 → TN=4 FN=02 MN=53
  BKN2  MAC-BROADCAST  sub=SYSINFO
  BKN2    Carrier=3719 Band=3 Duplex=0 HF=468 LocArea=1 DL=392.9875MHz
  AACH  [CapAlloc] f1=0 f2=0 raw=0x3000 (dist=0)

[#903] NDB2  [TN=1 FN=03 MN=53] corr=0.997  AACH  [DL/UL-Assign] DL=Common UL=Random CC=9 f1=9 f2=9 (dist=0)
  BKN1 SCH/HD  MAC-RESOURCE  addr=NULL LI=2 (2 octets)
  BKN2 SCH/HD  MAC-BROADCAST  sub=SYSINFO
  BKN2 SCH/HD    Carrier=3719 Band=3 Duplex=0 HF=468 LocArea=1 DL=392.9875MHz

[#904] SB   [TN=2 FN=03 MN=53] corr=0.991  SB1 CRC OK [TMO] MCC=262 MNC=1010 CC=1 FN(air)=3 MF(air)=53 TN(air)=1 → TN=2 FN=03 MN=53
  BKN2  MAC-BROADCAST  sub=SYSINFO
  BKN2    Carrier=3719 Band=3 Duplex=0 HF=468 LocArea=1 DL=392.9875MHz
  AACH  [CapAlloc] f1=0 f2=0 raw=0x3000 (dist=0)

[#905] SB   [TN=3 FN=03 MN=53] corr=0.992  SB1 CRC OK [TMO] MCC=262 MNC=1010 CC=1 FN(air)=3 MF(air)=53 TN(air)=2 → TN=3 FN=03 MN=53
  BKN2  MAC-BROADCAST  sub=SYSINFO
  BKN2    Carrier=3719 Band=3 Duplex=0 HF=468 LocArea=1 DL=392.9875MHz
  AACH  [CapAlloc] f1=0 f2=0 raw=0x3000 (dist=0)

[#906] SB   [TN=4 FN=03 MN=53] corr=0.993  SB1 CRC OK [TMO] MCC=262 MNC=1010 CC=1 FN(air)=3 MF(air)=53 TN(air)=3 → TN=4 FN=03 MN=53
  BKN2  MAC-BROADCAST  sub=SYSINFO
  BKN2    Carrier=3719 Band=3 Duplex=0 HF=468 LocArea=1 DL=392.9875MHz
  AACH  [CapAlloc] f1=0 f2=0 raw=0x3000 (dist=0)

[#907] NDB2  [TN=1 FN=04 MN=53] corr=0.996  AACH  [DL/UL-Assign] DL=Common UL=Random CC=9 f1=9 f2=9 (dist=0)
  BKN1 SCH/HD  MAC-RESOURCE  addr=NULL LI=2 (2 octets)
  BKN2 SCH/HD  MAC-BROADCAST  sub=SYSINFO
  BKN2 SCH/HD    Carrier=3719 Band=3 Duplex=0 HF=468 LocArea=1 DL=392.9875MHz

[#908] SB   [TN=2 FN=04 MN=53] corr=0.995  SB1 CRC OK [TMO] MCC=262 MNC=1010 CC=1 FN(air)=4 MF(air)=53 TN(air)=1 → TN=2 FN=04 MN=53
  BKN2  MAC-BROADCAST  sub=SYSINFO
  BKN2    Carrier=3719 Band=3 Duplex=0 HF=468 LocArea=1 DL=392.9875MHz
  AACH  [CapAlloc] f1=0 f2=0 raw=0x3000 (dist=0)

[#909] SB   [TN=3 FN=04 MN=53] corr=0.995  SB1 CRC OK [TMO] MCC=262 MNC=1010 CC=1 FN(air)=4 MF(air)=53 TN(air)=2 → TN=3 FN=04 MN=53
  BKN2  MAC-BROADCAST  sub=SYSINFO
  BKN2    Carrier=3719 Band=3 Duplex=0 HF=468 LocArea=1 DL=392.9875MHz
  AACH  [CapAlloc] f1=0 f2=0 raw=0x3000 (dist=0)

[#910] SB   [TN=4 FN=04 MN=53] corr=0.995  SB1 CRC OK [TMO] MCC=262 MNC=1010 CC=1 FN(air)=4 MF(air)=53 TN(air)=3 → TN=4 FN=04 MN=53
  BKN2  MAC-BROADCAST  sub=SYSINFO
  BKN2    Carrier=3719 Band=3 Duplex=0 HF=468 LocArea=1 DL=392.9875MHz
  AACH  [CapAlloc] f1=0 f2=0 raw=0x3000 (dist=0)

[#911] NDB2  [TN=1 FN=05 MN=53] corr=0.993  AACH  [DL/UL-Assign] DL=Common UL=Random CC=9 f1=9 f2=9 (dist=0)
  BKN1 SCH/HD  MAC-RESOURCE  addr=NULL LI=2 (2 octets)
  BKN2 SCH/HD  MAC-BROADCAST  sub=SYSINFO
  BKN2 SCH/HD    Carrier=3719 Band=3 Duplex=0 HF=468 LocArea=1 DL=392.9875MHz

[#912] SB   [TN=2 FN=05 MN=53] corr=0.994  SB1 CRC OK [TMO] MCC=262 MNC=1010 CC=1 FN(air)=5 MF(air)=53 TN(air)=1 → TN=2 FN=05 MN=53
  BKN2  MAC-BROADCAST  sub=SYSINFO
  BKN2    Carrier=3719 Band=3 Duplex=0 HF=468 LocArea=1 DL=392.9875MHz
  AACH  [CapAlloc] f1=0 f2=0 raw=0x3000 (dist=0)

[#913] SB   [TN=3 FN=05 MN=53] corr=0.995  SB1 CRC OK [TMO] MCC=262 MNC=1010 CC=1 FN(air)=5 MF(air)=53 TN(air)=2 → TN=3 FN=05 MN=53
  BKN2  MAC-BROADCAST  sub=SYSINFO
  BKN2    Carrier=3719 Band=3 Duplex=0 HF=468 LocArea=1 DL=392.9875MHz
  AACH  [CapAlloc] f1=0 f2=0 raw=0x3000 (dist=0)

[#914] SB   [TN=4 FN=05 MN=53] corr=0.995  SB1 CRC OK [TMO] MCC=262 MNC=1010 CC=1 FN(air)=5 MF(air)=53 TN(air)=3 → TN=4 FN=05 MN=53
  BKN2  MAC-BROADCAST  sub=SYSINFO
  BKN2    Carrier=3719 Band=3 Duplex=0 HF=468 LocArea=1 DL=392.9875MHz
  AACH  [CapAlloc] f1=0 f2=0 raw=0x3000 (dist=0)

[#915] NDB2  [TN=1 FN=06 MN=53] corr=0.994  AACH  [DL/UL-Assign] DL=Common UL=Random CC=9 f1=9 f2=9 (dist=0)
  BKN1 SCH/HD  MAC-RESOURCE  addr=NULL LI=2 (2 octets)
  BKN2 SCH/HD  MAC-BROADCAST  sub=SYSINFO
  BKN2 SCH/HD    Carrier=3719 Band=3 Duplex=0 HF=468 LocArea=1 DL=392.9875MHz

[#916] SB   [TN=2 FN=06 MN=53] corr=0.992  SB1 CRC OK [TMO] MCC=262 MNC=1010 CC=1 FN(air)=6 MF(air)=53 TN(air)=1 → TN=2 FN=06 MN=53
  BKN2  MAC-BROADCAST  sub=SYSINFO
  BKN2    Carrier=3719 Band=3 Duplex=0 HF=468 LocArea=1 DL=392.9875MHz
  AACH  [CapAlloc] f1=0 f2=0 raw=0x3000 (dist=0)

[#917] SB   [TN=3 FN=06 MN=53] corr=0.991  SB1 CRC OK [TMO] MCC=262 MNC=1010 CC=1 FN(air)=6 MF(air)=53 TN(air)=2 → TN=3 FN=06 MN=53
  BKN2  MAC-BROADCAST  sub=SYSINFO
  BKN2    Carrier=3719 Band=3 Duplex=0 HF=468 LocArea=1 DL=392.9875MHz
  AACH  [CapAlloc] f1=0 f2=0 raw=0x3000 (dist=0)

[#918] SB   [TN=4 FN=06 MN=53] corr=0.992  SB1 CRC OK [TMO] MCC=262 MNC=1010 CC=1 FN(air)=6 MF(air)=53 TN(air)=3 → TN=4 FN=06 MN=53
  BKN2  MAC-BROADCAST  sub=SYSINFO
  BKN2    Carrier=3719 Band=3 Duplex=0 HF=468 LocArea=1 DL=392.9875MHz
  AACH  [CapAlloc] f1=0 f2=0 raw=0x3000 (dist=0)

[#919] NDB2  [TN=1 FN=07 MN=53] corr=0.996  AACH  [DL/UL-Assign] DL=Common UL=Random CC=9 f1=9 f2=9 (dist=0)
  BKN1 SCH/HD  MAC-RESOURCE  addr=NULL LI=2 (2 octets)
  BKN2 SCH/HD  MAC-BROADCAST  sub=SYSINFO
  BKN2 SCH/HD    Carrier=3719 Band=3 Duplex=0 HF=468 LocArea=1 DL=392.9875MHz

[#920] SB   [TN=2 FN=07 MN=53] corr=0.992  SB1 CRC OK [TMO] MCC=262 MNC=1010 CC=1 FN(air)=7 MF(air)=53 TN(air)=1 → TN=2 FN=07 MN=53
  BKN2  MAC-BROADCAST  sub=SYSINFO
  BKN2    Carrier=3719 Band=3 Duplex=0 HF=468 LocArea=1 DL=392.9875MHz
  AACH  [CapAlloc] f1=0 f2=0 raw=0x3000 (dist=0)

[#921] SB   [TN=3 FN=07 MN=53] corr=0.991  SB1 CRC OK [TMO] MCC=262 MNC=1010 CC=1 FN(air)=7 MF(air)=53 TN(air)=2 → TN=3 FN=07 MN=53
  BKN2  MAC-BROADCAST  sub=SYSINFO
  BKN2    Carrier=3719 Band=3 Duplex=0 HF=468 LocArea=1 DL=392.9875MHz
  AACH  [CapAlloc] f1=0 f2=0 raw=0x3000 (dist=0)

[#922] SB   [TN=4 FN=07 MN=53] corr=0.992  SB1 CRC OK [TMO] MCC=262 MNC=1010 CC=1 FN(air)=7 MF(air)=53 TN(air)=3 → TN=4 FN=07 MN=53
  BKN2  MAC-BROADCAST  sub=SYSINFO
  BKN2    Carrier=3719 Band=3 Duplex=0 HF=468 LocArea=1 DL=392.9875MHz
  AACH  [CapAlloc] f1=0 f2=0 raw=0x3000 (dist=0)

[#923] NDB2  [TN=1 FN=08 MN=53] corr=0.997  AACH  [DL/UL-Assign] DL=Common UL=Random CC=9 f1=9 f2=9 (dist=0)
  BKN1 SCH/HD  MAC-RESOURCE  addr=NULL LI=2 (2 octets)
  BKN2 SCH/HD  MAC-BROADCAST  sub=SYSINFO
  BKN2 SCH/HD    Carrier=3719 Band=3 Duplex=0 HF=468 LocArea=1 DL=392.9875MHz

[#924] SB   [TN=2 FN=08 MN=53] corr=0.994  SB1 CRC OK [TMO] MCC=262 MNC=1010 CC=1 FN(air)=8 MF(air)=53 TN(air)=1 → TN=2 FN=08 MN=53
  BKN2  MAC-BROADCAST  sub=SYSINFO
  BKN2    Carrier=3719 Band=3 Duplex=0 HF=468 LocArea=1 DL=392.9875MHz
  AACH  [CapAlloc] f1=0 f2=0 raw=0x3000 (dist=0)

[#925] SB   [TN=3 FN=08 MN=53] corr=0.995  SB1 CRC OK [TMO] MCC=262 MNC=1010 CC=1 FN(air)=8 MF(air)=53 TN(air)=2 → TN=3 FN=08 MN=53
  BKN2  MAC-BROADCAST  sub=SYSINFO
  BKN2    Carrier=3719 Band=3 Duplex=0 HF=468 LocArea=1 DL=392.9875MHz
  AACH  [CapAlloc] f1=0 f2=0 raw=0x3000 (dist=0)

[#926] SB   [TN=4 FN=08 MN=53] corr=0.994  SB1 CRC OK [TMO] MCC=262 MNC=1010 CC=1 FN(air)=8 MF(air)=53 TN(air)=3 → TN=4 FN=08 MN=53
  BKN2  MAC-BROADCAST  sub=SYSINFO
  BKN2    Carrier=3719 Band=3 Duplex=0 HF=468 LocArea=1 DL=392.9875MHz
  AACH  [CapAlloc] f1=0 f2=0 raw=0x3000 (dist=0)

[#927] NDB2  [TN=1 FN=09 MN=53] corr=0.994  AACH  [DL/UL-Assign] DL=Common UL=Random CC=9 f1=9 f2=9 (dist=0)
  BKN1 SCH/HD  MAC-RESOURCE  addr=NULL LI=2 (2 octets)
  BKN2 SCH/HD  MAC-BROADCAST  sub=SYSINFO
  BKN2 SCH/HD    Carrier=3719 Band=3 Duplex=0 HF=468 LocArea=1 DL=392.9875MHz

[#928] SB   [TN=2 FN=09 MN=53] corr=0.994  SB1 CRC OK [TMO] MCC=262 MNC=1010 CC=1 FN(air)=9 MF(air)=53 TN(air)=1 → TN=2 FN=09 MN=53
  BKN2  MAC-BROADCAST  sub=SYSINFO
  BKN2    Carrier=3719 Band=3 Duplex=0 HF=468 LocArea=1 DL=392.9875MHz
  AACH  [CapAlloc] f1=0 f2=0 raw=0x3000 (dist=0)

[#929] SB   [TN=3 FN=09 MN=53] corr=0.995  SB1 CRC OK [TMO] MCC=262 MNC=1010 CC=1 FN(air)=9 MF(air)=53 TN(air)=2 → TN=3 FN=09 MN=53
  BKN2  MAC-BROADCAST  sub=SYSINFO
  BKN2    Carrier=3719 Band=3 Duplex=0 HF=468 LocArea=1 DL=392.9875MHz
  AACH  [CapAlloc] f1=0 f2=0 raw=0x3000 (dist=0)

[#930] SB   [TN=4 FN=09 MN=53] corr=0.995  SB1 CRC OK [TMO] MCC=262 MNC=1010 CC=1 FN(air)=9 MF(air)=53 TN(air)=3 → TN=4 FN=09 MN=53
  BKN2  MAC-BROADCAST  sub=SYSINFO
  BKN2    Carrier=3719 Band=3 Duplex=0 HF=468 LocArea=1 DL=392.9875MHz
  AACH  [CapAlloc] f1=0 f2=0 raw=0x3000 (dist=0)

[#931] NDB2  [TN=1 FN=10 MN=53] corr=0.994  AACH  [DL/UL-Assign] DL=Common UL=Random CC=9 f1=9 f2=9 (dist=0)
  BKN1 SCH/HD  MAC-RESOURCE  addr=NULL LI=2 (2 octets)
  BKN2 SCH/HD  MAC-BROADCAST  sub=SYSINFO
  BKN2 SCH/HD    Carrier=3719 Band=3 Duplex=0 HF=468 LocArea=1 DL=392.9875MHz

[#932] SB   [TN=2 FN=10 MN=53] corr=0.993  SB1 CRC OK [TMO] MCC=262 MNC=1010 CC=1 FN(air)=10 MF(air)=53 TN(air)=1 → TN=2 FN=10 MN=53
  BKN2  MAC-BROADCAST  sub=SYSINFO
  BKN2    Carrier=3719 Band=3 Duplex=0 HF=468 LocArea=1 DL=392.9875MHz
  AACH  [CapAlloc] f1=0 f2=0 raw=0x3000 (dist=0)

[#933] SB   [TN=3 FN=10 MN=53] corr=0.991  SB1 CRC OK [TMO] MCC=262 MNC=1010 CC=1 FN(air)=10 MF(air)=53 TN(air)=2 → TN=3 FN=10 MN=53
  BKN2  MAC-BROADCAST  sub=SYSINFO
  BKN2    Carrier=3719 Band=3 Duplex=0 HF=468 LocArea=1 DL=392.9875MHz
  AACH  [CapAlloc] f1=0 f2=0 raw=0x3000 (dist=0)

[#934] SB   [TN=4 FN=10 MN=53] corr=0.991  SB1 CRC OK [TMO] MCC=262 MNC=1010 CC=1 FN(air)=10 MF(air)=53 TN(air)=3 → TN=4 FN=10 MN=53
  BKN2  MAC-BROADCAST  sub=SYSINFO
  BKN2    Carrier=3719 Band=3 Duplex=0 HF=468 LocArea=1 DL=392.9875MHz
  AACH  [CapAlloc] f1=0 f2=0 raw=0x3000 (dist=0)

[#935] NDB2  [TN=1 FN=11 MN=53] corr=0.997  AACH  [DL/UL-Assign] DL=Common UL=Random CC=9 f1=9 f2=9 (dist=0)
  BKN1 SCH/HD  MAC-RESOURCE  addr=NULL LI=2 (2 octets)
  BKN2 SCH/HD  MAC-BROADCAST  sub=SYSINFO
  BKN2 SCH/HD    Carrier=3719 Band=3 Duplex=0 HF=468 LocArea=1 DL=392.9875MHz

[#936] SB   [TN=2 FN=11 MN=53] corr=0.992  SB1 CRC OK [TMO] MCC=262 MNC=1010 CC=1 FN(air)=11 MF(air)=53 TN(air)=1 → TN=2 FN=11 MN=53
  BKN2  MAC-BROADCAST  sub=SYSINFO
  BKN2    Carrier=3719 Band=3 Duplex=0 HF=468 LocArea=1 DL=392.9875MHz
  AACH  [CapAlloc] f1=0 f2=0 raw=0x3000 (dist=0)

[#937] SB   [TN=3 FN=11 MN=53] corr=0.990  SB1 CRC OK [TMO] MCC=262 MNC=1010 CC=1 FN(air)=11 MF(air)=53 TN(air)=2 → TN=3 FN=11 MN=53
  BKN2  MAC-BROADCAST  sub=SYSINFO
  BKN2    Carrier=3719 Band=3 Duplex=0 HF=468 LocArea=1 DL=392.9875MHz
  AACH  [CapAlloc] f1=0 f2=0 raw=0x3000 (dist=0)

[#938] SB   [TN=4 FN=11 MN=53] corr=0.992  SB1 CRC OK [TMO] MCC=262 MNC=1010 CC=1 FN(air)=11 MF(air)=53 TN(air)=3 → TN=4 FN=11 MN=53
  BKN2  MAC-BROADCAST  sub=SYSINFO
  BKN2    Carrier=3719 Band=3 Duplex=0 HF=468 LocArea=1 DL=392.9875MHz
  AACH  [CapAlloc] f1=0 f2=0 raw=0x3000 (dist=0)

[#939] NDB2  [TN=1 FN=12 MN=53] corr=0.997  AACH  [DL/UL-Assign] DL=Common UL=Random CC=9 f1=9 f2=9 (dist=0)
  BKN1 SCH/HD  MAC-RESOURCE  addr=NULL LI=2 (2 octets)
  BKN2 SCH/HD  MAC-BROADCAST  sub=SYSINFO
  BKN2 SCH/HD    Carrier=3719 Band=3 Duplex=0 HF=468 LocArea=1 DL=392.9875MHz

[#940] SB   [TN=2 FN=12 MN=53] corr=0.995  SB1 CRC OK [TMO] MCC=262 MNC=1010 CC=1 FN(air)=12 MF(air)=53 TN(air)=1 → TN=2 FN=12 MN=53
  BKN2  MAC-BROADCAST  sub=SYSINFO
  BKN2    Carrier=3719 Band=3 Duplex=0 HF=468 LocArea=1 DL=392.9875MHz
  AACH  [CapAlloc] f1=0 f2=0 raw=0x3000 (dist=0)

[#941] SB   [TN=3 FN=12 MN=53] corr=0.995  SB1 CRC OK [TMO] MCC=262 MNC=1010 CC=1 FN(air)=12 MF(air)=53 TN(air)=2 → TN=3 FN=12 MN=53
  BKN2  MAC-BROADCAST  sub=SYSINFO
  BKN2    Carrier=3719 Band=3 Duplex=0 HF=468 LocArea=1 DL=392.9875MHz
  AACH  [CapAlloc] f1=0 f2=0 raw=0x3000 (dist=0)

[#942] SB   [TN=4 FN=12 MN=53] corr=0.994  SB1 CRC OK [TMO] MCC=262 MNC=1010 CC=1 FN(air)=12 MF(air)=53 TN(air)=3 → TN=4 FN=12 MN=53
  BKN2  MAC-BROADCAST  sub=SYSINFO
  BKN2    Carrier=3719 Band=3 Duplex=0 HF=468 LocArea=1 DL=392.9875MHz
  AACH  [CapAlloc] f1=0 f2=0 raw=0x3000 (dist=0)

[#943] NDB2  [TN=1 FN=13 MN=53] corr=0.994  AACH  [DL/UL-Assign] DL=Common UL=Random CC=9 f1=9 f2=9 (dist=0)
  BKN1 SCH/HD  MAC-RESOURCE  addr=NULL LI=2 (2 octets)
  BKN2 SCH/HD  MAC-BROADCAST  sub=SYSINFO
  BKN2 SCH/HD    Carrier=3719 Band=3 Duplex=0 HF=468 LocArea=1 DL=392.9875MHz

[#944] SB   [TN=2 FN=13 MN=53] corr=0.994  SB1 CRC OK [TMO] MCC=262 MNC=1010 CC=1 FN(air)=13 MF(air)=53 TN(air)=1 → TN=2 FN=13 MN=53
  BKN2  MAC-BROADCAST  sub=SYSINFO
  BKN2    Carrier=3719 Band=3 Duplex=0 HF=468 LocArea=1 DL=392.9875MHz
  AACH  [CapAlloc] f1=0 f2=0 raw=0x3000 (dist=0)

[#945] SB   [TN=3 FN=13 MN=53] corr=0.995  SB1 CRC OK [TMO] MCC=262 MNC=1010 CC=1 FN(air)=13 MF(air)=53 TN(air)=2 → TN=3 FN=13 MN=53
  BKN2  MAC-BROADCAST  sub=SYSINFO
  BKN2    Carrier=3719 Band=3 Duplex=0 HF=468 LocArea=1 DL=392.9875MHz
  AACH  [CapAlloc] f1=0 f2=0 raw=0x3000 (dist=0)

[#946] SB   [TN=4 FN=13 MN=53] corr=0.995  SB1 CRC OK [TMO] MCC=262 MNC=1010 CC=1 FN(air)=13 MF(air)=53 TN(air)=3 → TN=4 FN=13 MN=53
  BKN2  MAC-BROADCAST  sub=SYSINFO
  BKN2    Carrier=3719 Band=3 Duplex=0 HF=468 LocArea=1 DL=392.9875MHz
  AACH  [CapAlloc] f1=0 f2=0 raw=0x3000 (dist=0)

[#947] NDB2  [TN=1 FN=14 MN=53] corr=0.993  AACH  [DL/UL-Assign] DL=Common UL=Random CC=9 f1=9 f2=9 (dist=0)
  BKN1 SCH/HD  MAC-RESOURCE  addr=NULL LI=2 (2 octets)
  BKN2 SCH/HD  MAC-BROADCAST  sub=SYSINFO
  BKN2 SCH/HD    Carrier=3719 Band=3 Duplex=0 HF=468 LocArea=1 DL=392.9875MHz

[#948] SB   [TN=2 FN=14 MN=53] corr=0.992  SB1 CRC OK [TMO] MCC=262 MNC=1010 CC=1 FN(air)=14 MF(air)=53 TN(air)=1 → TN=2 FN=14 MN=53
  BKN2  MAC-BROADCAST  sub=SYSINFO
  BKN2    Carrier=3719 Band=3 Duplex=0 HF=468 LocArea=1 DL=392.9875MHz
  AACH  [CapAlloc] f1=0 f2=0 raw=0x3000 (dist=0)

[#949] SB   [TN=3 FN=14 MN=53] corr=0.991  SB1 CRC OK [TMO] MCC=262 MNC=1010 CC=1 FN(air)=14 MF(air)=53 TN(air)=2 → TN=3 FN=14 MN=53
  BKN2  MAC-BROADCAST  sub=SYSINFO
  BKN2    Carrier=3719 Band=3 Duplex=0 HF=468 LocArea=1 DL=392.9875MHz
  AACH  [CapAlloc] f1=0 f2=0 raw=0x3000 (dist=0)

[#950] SB   [TN=4 FN=14 MN=53] corr=0.992  SB1 CRC OK [TMO] MCC=262 MNC=1010 CC=1 FN(air)=14 MF(air)=53 TN(air)=3 → TN=4 FN=14 MN=53
  BKN2  MAC-BROADCAST  sub=SYSINFO
  BKN2    Carrier=3719 Band=3 Duplex=0 HF=468 LocArea=1 DL=392.9875MHz
  AACH  [CapAlloc] f1=0 f2=0 raw=0x3000 (dist=0)

[#951] NDB2  [TN=1 FN=15 MN=53] corr=0.997  AACH  [DL/UL-Assign] DL=Common UL=Random CC=9 f1=9 f2=9 (dist=0)
  BKN1 SCH/HD  MAC-RESOURCE  addr=NULL LI=2 (2 octets)
  BKN2 SCH/HD  MAC-BROADCAST  sub=SYSINFO
  BKN2 SCH/HD    Carrier=3719 Band=3 Duplex=0 HF=468 LocArea=1 DL=392.9875MHz

[#952] SB   [TN=2 FN=15 MN=53] corr=0.991  SB1 CRC OK [TMO] MCC=262 MNC=1010 CC=1 FN(air)=15 MF(air)=53 TN(air)=1 → TN=2 FN=15 MN=53
  BKN2  MAC-BROADCAST  sub=SYSINFO
  BKN2    Carrier=3719 Band=3 Duplex=0 HF=468 LocArea=1 DL=392.9875MHz
  AACH  [CapAlloc] f1=0 f2=0 raw=0x3000 (dist=0)

[#953] SB   [TN=3 FN=15 MN=53] corr=0.991  SB1 CRC OK [TMO] MCC=262 MNC=1010 CC=1 FN(air)=15 MF(air)=53 TN(air)=2 → TN=3 FN=15 MN=53
  BKN2  MAC-BROADCAST  sub=SYSINFO
  BKN2    Carrier=3719 Band=3 Duplex=0 HF=468 LocArea=1 DL=392.9875MHz
  AACH  [CapAlloc] f1=0 f2=0 raw=0x3000 (dist=0)

[#954] SB   [TN=4 FN=15 MN=53] corr=0.992  SB1 CRC OK [TMO] MCC=262 MNC=1010 CC=1 FN(air)=15 MF(air)=53 TN(air)=3 → TN=4 FN=15 MN=53
  BKN2  MAC-BROADCAST  sub=SYSINFO
  BKN2    Carrier=3719 Band=3 Duplex=0 HF=468 LocArea=1 DL=392.9875MHz
  AACH  [CapAlloc] f1=0 f2=0 raw=0x3000 (dist=0)

[#955] NDB2  [TN=1 FN=16 MN=53] corr=0.996  AACH  [DL/UL-Assign] DL=Common UL=Random CC=9 f1=9 f2=9 (dist=0)
  BKN1 SCH/HD  MAC-RESOURCE  addr=NULL LI=2 (2 octets)
  BKN2 SCH/HD  MAC-BROADCAST  sub=SYSINFO
  BKN2 SCH/HD    Carrier=3719 Band=3 Duplex=0 HF=468 LocArea=1 DL=392.9875MHz

[#956] SB   [TN=2 FN=16 MN=53] corr=0.995  SB1 CRC OK [TMO] MCC=262 MNC=1010 CC=1 FN(air)=16 MF(air)=53 TN(air)=1 → TN=2 FN=16 MN=53
  BKN2  MAC-BROADCAST  sub=SYSINFO
  BKN2    Carrier=3719 Band=3 Duplex=0 HF=468 LocArea=1 DL=392.9875MHz
  AACH  [CapAlloc] f1=0 f2=0 raw=0x3000 (dist=0)

[#957] SB   [TN=3 FN=16 MN=53] corr=0.995  SB1 CRC OK [TMO] MCC=262 MNC=1010 CC=1 FN(air)=16 MF(air)=53 TN(air)=2 → TN=3 FN=16 MN=53
  BKN2  MAC-BROADCAST  sub=SYSINFO
  BKN2    Carrier=3719 Band=3 Duplex=0 HF=468 LocArea=1 DL=392.9875MHz
  AACH  [CapAlloc] f1=0 f2=0 raw=0x3000 (dist=0)

[#958] SB   [TN=4 FN=16 MN=53] corr=0.994  SB1 CRC OK [TMO] MCC=262 MNC=1010 CC=1 FN(air)=16 MF(air)=53 TN(air)=3 → TN=4 FN=16 MN=53
  BKN2  MAC-BROADCAST  sub=SYSINFO
  BKN2    Carrier=3719 Band=3 Duplex=0 HF=468 LocArea=1 DL=392.9875MHz
  AACH  [CapAlloc] f1=0 f2=0 raw=0x3000 (dist=0)

[#959] NDB2  [TN=1 FN=17 MN=53] corr=0.993  AACH  [DL/UL-Assign] DL=Common UL=Random CC=9 f1=9 f2=9 (dist=0)
  BKN1 SCH/HD  MAC-RESOURCE  addr=NULL LI=2 (2 octets)
  BKN2 SCH/HD  MAC-BROADCAST  sub=SYSINFO
  BKN2 SCH/HD    Carrier=3719 Band=3 Duplex=0 HF=468 LocArea=1 DL=392.9875MHz

[#960] SB   [TN=2 FN=17 MN=53] corr=0.994  SB1 CRC OK [TMO] MCC=262 MNC=1010 CC=1 FN(air)=17 MF(air)=53 TN(air)=1 → TN=2 FN=17 MN=53
  BKN2  MAC-BROADCAST  sub=SYSINFO
  BKN2    Carrier=3719 Band=3 Duplex=0 HF=468 LocArea=1 DL=392.9875MHz
  AACH  [CapAlloc] f1=0 f2=0 raw=0x3000 (dist=0)

[#961] SB   [TN=3 FN=17 MN=53] corr=0.995  SB1 CRC OK [TMO] MCC=262 MNC=1010 CC=1 FN(air)=17 MF(air)=53 TN(air)=2 → TN=3 FN=17 MN=53
  BKN2  MAC-BROADCAST  sub=SYSINFO
  BKN2    Carrier=3719 Band=3 Duplex=0 HF=468 LocArea=1 DL=392.9875MHz
  AACH  [CapAlloc] f1=0 f2=0 raw=0x3000 (dist=0)

[#962] SB   [TN=4 FN=17 MN=53] corr=0.995  SB1 CRC OK [TMO] MCC=262 MNC=1010 CC=1 FN(air)=17 MF(air)=53 TN(air)=3 → TN=4 FN=17 MN=53
  BKN2  MAC-BROADCAST  sub=SYSINFO
  BKN2    Carrier=3719 Band=3 Duplex=0 HF=468 LocArea=1 DL=392.9875MHz
  AACH  [CapAlloc] f1=0 f2=0 raw=0x3000 (dist=0)

[#963] NDB2  [TN=1 FN=18 MN=53] corr=0.994  AACH  [DL/UL-Assign] DL=Common UL=Random CC=9 f1=9 f2=9 (dist=0)
  BKN1 SCH/HD  MAC-RESOURCE  addr=NULL LI=2 (2 octets)
  BKN2 BNCH  {'Mode': 'DMO', 'Sync_PDU_type': 8, 'SystemCode': 8, 'ColourCode': 58, 'TimeSlot': 0, 'Frame': 14, 'AirInterfaceEnc': 1, 'MNI': 14709379, 'SourceAddress': 468}

[#964] SB   [TN=2 FN=18 MN=53 BSCH] corr=0.991  SB1 CRC OK [TMO] MCC=262 MNC=1010 CC=1 FN(air)=18 MF(air)=53 TN(air)=1 → TN=2 FN=18 MN=53 BSCH
  BKN2  MAC-BROADCAST  sub=SYSINFO
  BKN2    Carrier=3719 Band=3 Duplex=0 HF=468 LocArea=1 DL=392.9875MHz
  AACH  [DL/UL-Assign] DL=Unalloc UL=Random CC=0 f1=1 f2=0 (dist=0)

[#965] SB   [TN=3 FN=18 MN=53] corr=0.993  SB1 CRC OK [TMO] MCC=262 MNC=1010 CC=1 FN(air)=18 MF(air)=53 TN(air)=2 → TN=3 FN=18 MN=53
  BKN2  MAC-BROADCAST  sub=SYSINFO
  BKN2    Carrier=3719 Band=3 Duplex=0 HF=468 LocArea=1 DL=392.9875MHz
  AACH  [DL/UL-Assign] DL=Unalloc UL=Random CC=0 f1=1 f2=0 (dist=0)

[#966] SB   [TN=4 FN=18 MN=53 BNCH] corr=0.994  SB1 CRC OK [TMO] MCC=262 MNC=1010 CC=1 FN(air)=18 MF(air)=53 TN(air)=3 → TN=4 FN=18 MN=53 BNCH
  BKN2  MAC-BROADCAST  sub=SYSINFO
  BKN2    Carrier=3719 Band=3 Duplex=0 HF=468 LocArea=1 DL=392.9875MHz
  AACH  [DL/UL-Assign] DL=Unalloc UL=Random CC=0 f1=1 f2=0 (dist=0)

[#967] NDB2  [TN=1 FN=01 MN=54] corr=0.994  AACH  [DL/UL-Assign] DL=Common UL=Random CC=9 f1=9 f2=9 (dist=0)
  BKN1 SCH/HD  MAC-RESOURCE  addr=NULL LI=2 (2 octets)
  BKN2 SCH/HD  MAC-BROADCAST  sub=SYSINFO
  BKN2 SCH/HD    Carrier=3719 Band=3 Duplex=0 HF=468 LocArea=1 DL=392.9875MHz

[#968] SB   [TN=2 FN=01 MN=54] corr=0.994  SB1 CRC OK [TMO] MCC=262 MNC=1010 CC=1 FN(air)=1 MF(air)=54 TN(air)=1 → TN=2 FN=01 MN=54
  BKN2  MAC-BROADCAST  sub=SYSINFO
  BKN2    Carrier=3719 Band=3 Duplex=0 HF=468 LocArea=1 DL=392.9875MHz
  AACH  [CapAlloc] f1=0 f2=0 raw=0x3000 (dist=0)

[#969] SB   [TN=3 FN=01 MN=54] corr=0.995  SB1 CRC OK [TMO] MCC=262 MNC=1010 CC=1 FN(air)=1 MF(air)=54 TN(air)=2 → TN=3 FN=01 MN=54
  BKN2  MAC-BROADCAST  sub=SYSINFO
  BKN2    Carrier=3719 Band=3 Duplex=0 HF=468 LocArea=1 DL=392.9875MHz
  AACH  [CapAlloc] f1=0 f2=0 raw=0x3000 (dist=0)

[#970] SB   [TN=4 FN=01 MN=54] corr=0.995  SB1 CRC OK [TMO] MCC=262 MNC=1010 CC=1 FN(air)=1 MF(air)=54 TN(air)=3 → TN=4 FN=01 MN=54
  BKN2  MAC-BROADCAST  sub=SYSINFO
  BKN2    Carrier=3719 Band=3 Duplex=0 HF=468 LocArea=1 DL=392.9875MHz
  AACH  [CapAlloc] f1=0 f2=0 raw=0x3000 (dist=0)

[#971] NDB2  [TN=1 FN=02 MN=54] corr=0.994  AACH  [DL/UL-Assign] DL=Common UL=Random CC=9 f1=9 f2=9 (dist=0)
  BKN1 SCH/HD  MAC-RESOURCE  addr=NULL LI=2 (2 octets)
  BKN2 SCH/HD  MAC-BROADCAST  sub=SYSINFO
  BKN2 SCH/HD    Carrier=3719 Band=3 Duplex=0 HF=468 LocArea=1 DL=392.9875MHz

[#972] SB   [TN=2 FN=02 MN=54] corr=0.994  SB1 CRC OK [TMO] MCC=262 MNC=1010 CC=1 FN(air)=2 MF(air)=54 TN(air)=1 → TN=2 FN=02 MN=54
  BKN2  MAC-BROADCAST  sub=SYSINFO
  BKN2    Carrier=3719 Band=3 Duplex=0 HF=468 LocArea=1 DL=392.9875MHz
  AACH  [CapAlloc] f1=0 f2=0 raw=0x3000 (dist=0)

[#973] SB   [TN=3 FN=02 MN=54] corr=0.993  SB1 CRC OK [TMO] MCC=262 MNC=1010 CC=1 FN(air)=2 MF(air)=54 TN(air)=2 → TN=3 FN=02 MN=54
  BKN2  MAC-BROADCAST  sub=SYSINFO
  BKN2    Carrier=3719 Band=3 Duplex=0 HF=468 LocArea=1 DL=392.9875MHz
  AACH  [CapAlloc] f1=0 f2=0 raw=0x3000 (dist=0)

[#974] SB   [TN=4 FN=02 MN=54] corr=0.992  SB1 CRC OK [TMO] MCC=262 MNC=1010 CC=1 FN(air)=2 MF(air)=54 TN(air)=3 → TN=4 FN=02 MN=54
  BKN2  MAC-BROADCAST  sub=SYSINFO
  BKN2    Carrier=3719 Band=3 Duplex=0 HF=468 LocArea=1 DL=392.9875MHz
  AACH  [CapAlloc] f1=0 f2=0 raw=0x3000 (dist=0)

[#975] NDB2  [TN=1 FN=03 MN=54] corr=0.997  AACH  [DL/UL-Assign] DL=Common UL=Random CC=9 f1=9 f2=9 (dist=0)
  BKN1 SCH/HD  MAC-RESOURCE  addr=NULL LI=2 (2 octets)
  BKN2 SCH/HD  MAC-BROADCAST  sub=SYSINFO
  BKN2 SCH/HD    Carrier=3719 Band=3 Duplex=0 HF=468 LocArea=1 DL=392.9875MHz

[#976] SB   [TN=2 FN=03 MN=54] corr=0.992  SB1 CRC OK [TMO] MCC=262 MNC=1010 CC=1 FN(air)=3 MF(air)=54 TN(air)=1 → TN=2 FN=03 MN=54
  BKN2  MAC-BROADCAST  sub=SYSINFO
  BKN2    Carrier=3719 Band=3 Duplex=0 HF=468 LocArea=1 DL=392.9875MHz
  AACH  [CapAlloc] f1=0 f2=0 raw=0x3000 (dist=0)

[#977] SB   [TN=3 FN=03 MN=54] corr=0.991  SB1 CRC OK [TMO] MCC=262 MNC=1010 CC=1 FN(air)=3 MF(air)=54 TN(air)=2 → TN=3 FN=03 MN=54
  BKN2  MAC-BROADCAST  sub=SYSINFO
  BKN2    Carrier=3719 Band=3 Duplex=0 HF=468 LocArea=1 DL=392.9875MHz
  AACH  [CapAlloc] f1=0 f2=0 raw=0x3000 (dist=0)

[#978] SB   [TN=4 FN=03 MN=54] corr=0.992  SB1 CRC OK [TMO] MCC=262 MNC=1010 CC=1 FN(air)=3 MF(air)=54 TN(air)=3 → TN=4 FN=03 MN=54
  BKN2  MAC-BROADCAST  sub=SYSINFO
  BKN2    Carrier=3719 Band=3 Duplex=0 HF=468 LocArea=1 DL=392.9875MHz
  AACH  [CapAlloc] f1=0 f2=0 raw=0x3000 (dist=0)

[#979] NDB2  [TN=1 FN=04 MN=54] corr=0.996  AACH  [DL/UL-Assign] DL=Common UL=Random CC=9 f1=9 f2=9 (dist=0)
  BKN1 SCH/HD  MAC-RESOURCE  addr=NULL LI=2 (2 octets)
  BKN2 SCH/HD  MAC-BROADCAST  sub=SYSINFO
  BKN2 SCH/HD    Carrier=3719 Band=3 Duplex=0 HF=468 LocArea=1 DL=392.9875MHz

[#980] SB   [TN=2 FN=04 MN=54] corr=0.992  SB1 CRC OK [TMO] MCC=262 MNC=1010 CC=1 FN(air)=4 MF(air)=54 TN(air)=1 → TN=2 FN=04 MN=54
  BKN2  MAC-BROADCAST  sub=SYSINFO
  BKN2    Carrier=3719 Band=3 Duplex=0 HF=468 LocArea=1 DL=392.9875MHz
  AACH  [CapAlloc] f1=0 f2=0 raw=0x3000 (dist=0)

[#981] SB   [TN=3 FN=04 MN=54] corr=0.993  SB1 CRC OK [TMO] MCC=262 MNC=1010 CC=1 FN(air)=4 MF(air)=54 TN(air)=2 → TN=3 FN=04 MN=54
  BKN2  MAC-BROADCAST  sub=SYSINFO
  BKN2    Carrier=3719 Band=3 Duplex=0 HF=468 LocArea=1 DL=392.9875MHz
  AACH  [CapAlloc] f1=0 f2=0 raw=0x3000 (dist=0)

[#982] SB   [TN=4 FN=04 MN=54] corr=0.995  SB1 CRC OK [TMO] MCC=262 MNC=1010 CC=1 FN(air)=4 MF(air)=54 TN(air)=3 → TN=4 FN=04 MN=54
  BKN2  MAC-BROADCAST  sub=SYSINFO
  BKN2    Carrier=3719 Band=3 Duplex=0 HF=468 LocArea=1 DL=392.9875MHz
  AACH  [CapAlloc] f1=0 f2=0 raw=0x3000 (dist=0)

[#983] NDB2  [TN=1 FN=05 MN=54] corr=0.993  AACH  [DL/UL-Assign] DL=Common UL=Random CC=9 f1=9 f2=9 (dist=0)
  BKN1 SCH/HD  MAC-RESOURCE  addr=NULL LI=2 (2 octets)
  BKN2 SCH/HD  MAC-BROADCAST  sub=SYSINFO
  BKN2 SCH/HD    Carrier=3719 Band=3 Duplex=0 HF=468 LocArea=1 DL=392.9875MHz

[#984] SB   [TN=2 FN=05 MN=54] corr=0.994  SB1 CRC OK [TMO] MCC=262 MNC=1010 CC=1 FN(air)=5 MF(air)=54 TN(air)=1 → TN=2 FN=05 MN=54
  BKN2  MAC-BROADCAST  sub=SYSINFO
  BKN2    Carrier=3719 Band=3 Duplex=0 HF=468 LocArea=1 DL=392.9875MHz
  AACH  [CapAlloc] f1=0 f2=0 raw=0x3000 (dist=0)

[#985] SB   [TN=3 FN=05 MN=54] corr=0.995  SB1 CRC OK [TMO] MCC=262 MNC=1010 CC=1 FN(air)=5 MF(air)=54 TN(air)=2 → TN=3 FN=05 MN=54
  BKN2  MAC-BROADCAST  sub=SYSINFO
  BKN2    Carrier=3719 Band=3 Duplex=0 HF=468 LocArea=1 DL=392.9875MHz
  AACH  [CapAlloc] f1=0 f2=0 raw=0x3000 (dist=0)

[#986] SB   [TN=4 FN=05 MN=54] corr=0.994  SB1 CRC OK [TMO] MCC=262 MNC=1010 CC=1 FN(air)=5 MF(air)=54 TN(air)=3 → TN=4 FN=05 MN=54
  BKN2  MAC-BROADCAST  sub=SYSINFO
  BKN2    Carrier=3719 Band=3 Duplex=0 HF=468 LocArea=1 DL=392.9875MHz
  AACH  [CapAlloc] f1=0 f2=0 raw=0x3000 (dist=0)

[#987] NDB2  [TN=1 FN=06 MN=54] corr=0.995  AACH  [DL/UL-Assign] DL=Common UL=Random CC=9 f1=9 f2=9 (dist=0)
  BKN1 SCH/HD  MAC-RESOURCE  addr=NULL LI=2 (2 octets)
  BKN2 SCH/HD  MAC-BROADCAST  sub=SYSINFO
  BKN2 SCH/HD    Carrier=3719 Band=3 Duplex=0 HF=468 LocArea=1 DL=392.9875MHz

[#988] SB   [TN=2 FN=06 MN=54] corr=0.994  SB1 CRC OK [TMO] MCC=262 MNC=1010 CC=1 FN(air)=6 MF(air)=54 TN(air)=1 → TN=2 FN=06 MN=54
  BKN2  MAC-BROADCAST  sub=SYSINFO
  BKN2    Carrier=3719 Band=3 Duplex=0 HF=468 LocArea=1 DL=392.9875MHz
  AACH  [CapAlloc] f1=0 f2=0 raw=0x3000 (dist=0)

[#989] SB   [TN=3 FN=06 MN=54] corr=0.993  SB1 CRC OK [TMO] MCC=262 MNC=1010 CC=1 FN(air)=6 MF(air)=54 TN(air)=2 → TN=3 FN=06 MN=54
  BKN2  MAC-BROADCAST  sub=SYSINFO
  BKN2    Carrier=3719 Band=3 Duplex=0 HF=468 LocArea=1 DL=392.9875MHz
  AACH  [CapAlloc] f1=0 f2=0 raw=0x3000 (dist=0)

[#990] SB   [TN=4 FN=06 MN=54] corr=0.992  SB1 CRC OK [TMO] MCC=262 MNC=1010 CC=1 FN(air)=6 MF(air)=54 TN(air)=3 → TN=4 FN=06 MN=54
  BKN2  MAC-BROADCAST  sub=SYSINFO
  BKN2    Carrier=3719 Band=3 Duplex=0 HF=468 LocArea=1 DL=392.9875MHz
  AACH  [CapAlloc] f1=0 f2=0 raw=0x3000 (dist=0)

[#991] NDB2  [TN=1 FN=07 MN=54] corr=0.996  AACH  [DL/UL-Assign] DL=Common UL=Random CC=9 f1=9 f2=9 (dist=0)
  BKN1 SCH/HD  MAC-RESOURCE  addr=NULL LI=2 (2 octets)
  BKN2 SCH/HD  MAC-BROADCAST  sub=SYSINFO
  BKN2 SCH/HD    Carrier=3719 Band=3 Duplex=0 HF=468 LocArea=1 DL=392.9875MHz

[#992] SB   [TN=2 FN=07 MN=54] corr=0.992  SB1 CRC OK [TMO] MCC=262 MNC=1010 CC=1 FN(air)=7 MF(air)=54 TN(air)=1 → TN=2 FN=07 MN=54
  BKN2  MAC-BROADCAST  sub=SYSINFO
  BKN2    Carrier=3719 Band=3 Duplex=0 HF=468 LocArea=1 DL=392.9875MHz
  AACH  [CapAlloc] f1=0 f2=0 raw=0x3000 (dist=0)

[#993] SB   [TN=3 FN=07 MN=54] corr=0.991  SB1 CRC OK [TMO] MCC=262 MNC=1010 CC=1 FN(air)=7 MF(air)=54 TN(air)=2 → TN=3 FN=07 MN=54
  BKN2  MAC-BROADCAST  sub=SYSINFO
  BKN2    Carrier=3719 Band=3 Duplex=0 HF=468 LocArea=1 DL=392.9875MHz
  AACH  [CapAlloc] f1=0 f2=0 raw=0x3000 (dist=0)

[#994] SB   [TN=4 FN=07 MN=54] corr=0.992  SB1 CRC OK [TMO] MCC=262 MNC=1010 CC=1 FN(air)=7 MF(air)=54 TN(air)=3 → TN=4 FN=07 MN=54
  BKN2  MAC-BROADCAST  sub=SYSINFO
  BKN2    Carrier=3719 Band=3 Duplex=0 HF=468 LocArea=1 DL=392.9875MHz
  AACH  [CapAlloc] f1=0 f2=0 raw=0x3000 (dist=0)

[#995] NDB2  [TN=1 FN=08 MN=54] corr=0.996  AACH  [DL/UL-Assign] DL=Common UL=Random CC=9 f1=9 f2=9 (dist=0)
  BKN1 SCH/HD  MAC-RESOURCE  addr=NULL LI=2 (2 octets)
  BKN2 SCH/HD  MAC-BROADCAST  sub=SYSINFO
  BKN2 SCH/HD    Carrier=3719 Band=3 Duplex=0 HF=468 LocArea=1 DL=392.9875MHz

[#996] SB   [TN=2 FN=08 MN=54] corr=0.992  SB1 CRC OK [TMO] MCC=262 MNC=1010 CC=1 FN(air)=8 MF(air)=54 TN(air)=1 → TN=2 FN=08 MN=54
  BKN2  MAC-BROADCAST  sub=SYSINFO
  BKN2    Carrier=3719 Band=3 Duplex=0 HF=468 LocArea=1 DL=392.9875MHz
  AACH  [CapAlloc] f1=0 f2=0 raw=0x3000 (dist=0)

[#997] SB   [TN=3 FN=08 MN=54] corr=0.993  SB1 CRC OK [TMO] MCC=262 MNC=1010 CC=1 FN(air)=8 MF(air)=54 TN(air)=2 → TN=3 FN=08 MN=54
  BKN2  MAC-BROADCAST  sub=SYSINFO
  BKN2    Carrier=3719 Band=3 Duplex=0 HF=468 LocArea=1 DL=392.9875MHz
  AACH  [CapAlloc] f1=0 f2=0 raw=0x3000 (dist=0)

[#998] SB   [TN=4 FN=08 MN=54] corr=0.994  SB1 CRC OK [TMO] MCC=262 MNC=1010 CC=1 FN(air)=8 MF(air)=54 TN(air)=3 → TN=4 FN=08 MN=54
  BKN2  MAC-BROADCAST  sub=SYSINFO
  BKN2    Carrier=3719 Band=3 Duplex=0 HF=468 LocArea=1 DL=392.9875MHz
  AACH  [CapAlloc] f1=0 f2=0 raw=0x3000 (dist=0)

[#999] NDB2  [TN=1 FN=09 MN=54] corr=0.994  AACH  [DL/UL-Assign] DL=Common UL=Random CC=9 f1=9 f2=9 (dist=0)
  BKN1 SCH/HD  MAC-RESOURCE  addr=NULL LI=2 (2 octets)
  BKN2 SCH/HD  MAC-BROADCAST  sub=SYSINFO
  BKN2 SCH/HD    Carrier=3719 Band=3 Duplex=0 HF=468 LocArea=1 DL=392.9875MHz
  [progress] MER=0.0%  BER(EMA)=0.0000

[#1000] SB   [TN=2 FN=09 MN=54] corr=0.995  SB1 CRC OK [TMO] MCC=262 MNC=1010 CC=1 FN(air)=9 MF(air)=54 TN(air)=1 → TN=2 FN=09 MN=54
  BKN2  MAC-BROADCAST  sub=SYSINFO
  BKN2    Carrier=3719 Band=3 Duplex=0 HF=468 LocArea=1 DL=392.9875MHz
  AACH  [CapAlloc] f1=0 f2=0 raw=0x3000 (dist=0)

[#1001] SB   [TN=3 FN=09 MN=54] corr=0.995  SB1 CRC OK [TMO] MCC=262 MNC=1010 CC=1 FN(air)=9 MF(air)=54 TN(air)=2 → TN=3 FN=09 MN=54
  BKN2  MAC-BROADCAST  sub=SYSINFO
  BKN2    Carrier=3719 Band=3 Duplex=0 HF=468 LocArea=1 DL=392.9875MHz
  AACH  [CapAlloc] f1=0 f2=0 raw=0x3000 (dist=0)

[#1002] SB   [TN=4 FN=09 MN=54] corr=0.994  SB1 CRC OK [TMO] MCC=262 MNC=1010 CC=1 FN(air)=9 MF(air)=54 TN(air)=3 → TN=4 FN=09 MN=54
  BKN2  MAC-BROADCAST  sub=SYSINFO
  BKN2    Carrier=3719 Band=3 Duplex=0 HF=468 LocArea=1 DL=392.9875MHz
  AACH  [CapAlloc] f1=0 f2=0 raw=0x3000 (dist=0)

[#1003] NDB2  [TN=1 FN=10 MN=54] corr=0.994  AACH  [DL/UL-Assign] DL=Common UL=Random CC=9 f1=9 f2=9 (dist=0)
  BKN1 SCH/HD  MAC-RESOURCE  addr=NULL LI=2 (2 octets)
  BKN2 SCH/HD  MAC-BROADCAST  sub=SYSINFO
  BKN2 SCH/HD    Carrier=3719 Band=3 Duplex=0 HF=468 LocArea=1 DL=392.9875MHz

[#1004] SB   [TN=2 FN=10 MN=54] corr=0.994  SB1 CRC OK [TMO] MCC=262 MNC=1010 CC=1 FN(air)=10 MF(air)=54 TN(air)=1 → TN=2 FN=10 MN=54
  BKN2  MAC-BROADCAST  sub=SYSINFO
  BKN2    Carrier=3719 Band=3 Duplex=0 HF=468 LocArea=1 DL=392.9875MHz
  AACH  [CapAlloc] f1=0 f2=0 raw=0x3000 (dist=0)

[#1005] SB   [TN=3 FN=10 MN=54] corr=0.993  SB1 CRC OK [TMO] MCC=262 MNC=1010 CC=1 FN(air)=10 MF(air)=54 TN(air)=2 → TN=3 FN=10 MN=54
  BKN2  MAC-BROADCAST  sub=SYSINFO
  BKN2    Carrier=3719 Band=3 Duplex=0 HF=468 LocArea=1 DL=392.9875MHz
  AACH  [CapAlloc] f1=0 f2=0 raw=0x3000 (dist=0)

[#1006] SB   [TN=4 FN=10 MN=54] corr=0.992  SB1 CRC OK [TMO] MCC=262 MNC=1010 CC=1 FN(air)=10 MF(air)=54 TN(air)=3 → TN=4 FN=10 MN=54
  BKN2  MAC-BROADCAST  sub=SYSINFO
  BKN2    Carrier=3719 Band=3 Duplex=0 HF=468 LocArea=1 DL=392.9875MHz
  AACH  [CapAlloc] f1=0 f2=0 raw=0x3000 (dist=0)

[#1007] NDB2  [TN=1 FN=11 MN=54] corr=0.997  AACH  [DL/UL-Assign] DL=Common UL=Random CC=9 f1=9 f2=9 (dist=0)
  BKN1 SCH/HD  MAC-RESOURCE  addr=NULL LI=2 (2 octets)
  BKN2 SCH/HD  MAC-BROADCAST  sub=SYSINFO
  BKN2 SCH/HD    Carrier=3719 Band=3 Duplex=0 HF=468 LocArea=1 DL=392.9875MHz

[#1008] SB   [TN=2 FN=11 MN=54] corr=0.992  SB1 CRC OK [TMO] MCC=262 MNC=1010 CC=1 FN(air)=11 MF(air)=54 TN(air)=1 → TN=2 FN=11 MN=54
  BKN2  MAC-BROADCAST  sub=SYSINFO
  BKN2    Carrier=3719 Band=3 Duplex=0 HF=468 LocArea=1 DL=392.9875MHz
  AACH  [CapAlloc] f1=0 f2=0 raw=0x3000 (dist=0)

[#1009] SB   [TN=3 FN=11 MN=54] corr=0.991  SB1 CRC OK [TMO] MCC=262 MNC=1010 CC=1 FN(air)=11 MF(air)=54 TN(air)=2 → TN=3 FN=11 MN=54
  BKN2  MAC-BROADCAST  sub=SYSINFO
  BKN2    Carrier=3719 Band=3 Duplex=0 HF=468 LocArea=1 DL=392.9875MHz
  AACH  [CapAlloc] f1=0 f2=0 raw=0x3000 (dist=0)

[#1010] SB   [TN=4 FN=11 MN=54] corr=0.992  SB1 CRC OK [TMO] MCC=262 MNC=1010 CC=1 FN(air)=11 MF(air)=54 TN(air)=3 → TN=4 FN=11 MN=54
  BKN2  MAC-BROADCAST  sub=SYSINFO
  BKN2    Carrier=3719 Band=3 Duplex=0 HF=468 LocArea=1 DL=392.9875MHz
  AACH  [CapAlloc] f1=0 f2=0 raw=0x3000 (dist=0)

[#1011] NDB2  [TN=1 FN=12 MN=54] corr=0.996  AACH  [DL/UL-Assign] DL=Common UL=Random CC=9 f1=9 f2=9 (dist=0)
  BKN1 SCH/HD  MAC-RESOURCE  addr=NULL LI=2 (2 octets)
  BKN2 SCH/HD  MAC-BROADCAST  sub=SYSINFO
  BKN2 SCH/HD    Carrier=3719 Band=3 Duplex=0 HF=468 LocArea=1 DL=392.9875MHz

[#1012] SB   [TN=2 FN=12 MN=54] corr=0.991  SB1 CRC OK [TMO] MCC=262 MNC=1010 CC=1 FN(air)=12 MF(air)=54 TN(air)=1 → TN=2 FN=12 MN=54
  BKN2  MAC-BROADCAST  sub=SYSINFO
  BKN2    Carrier=3719 Band=3 Duplex=0 HF=468 LocArea=1 DL=392.9875MHz
  AACH  [CapAlloc] f1=0 f2=0 raw=0x3000 (dist=0)

[#1013] SB   [TN=3 FN=12 MN=54] corr=0.993  SB1 CRC OK [TMO] MCC=262 MNC=1010 CC=1 FN(air)=12 MF(air)=54 TN(air)=2 → TN=3 FN=12 MN=54
  BKN2  MAC-BROADCAST  sub=SYSINFO
  BKN2    Carrier=3719 Band=3 Duplex=0 HF=468 LocArea=1 DL=392.9875MHz
  AACH  [CapAlloc] f1=0 f2=0 raw=0x3000 (dist=0)

[#1014] SB   [TN=4 FN=12 MN=54] corr=0.994  SB1 CRC OK [TMO] MCC=262 MNC=1010 CC=1 FN(air)=12 MF(air)=54 TN(air)=3 → TN=4 FN=12 MN=54
  BKN2  MAC-BROADCAST  sub=SYSINFO
  BKN2    Carrier=3719 Band=3 Duplex=0 HF=468 LocArea=1 DL=392.9875MHz
  AACH  [CapAlloc] f1=0 f2=0 raw=0x3000 (dist=0)

[#1015] NDB2  [TN=1 FN=13 MN=54] corr=0.994  AACH  [DL/UL-Assign] DL=Common UL=Random CC=9 f1=9 f2=9 (dist=0)
  BKN1 SCH/HD  MAC-RESOURCE  addr=NULL LI=2 (2 octets)
  BKN2 SCH/HD  MAC-BROADCAST  sub=SYSINFO
  BKN2 SCH/HD    Carrier=3719 Band=3 Duplex=0 HF=468 LocArea=1 DL=392.9875MHz

[#1016] SB   [TN=2 FN=13 MN=54] corr=0.994  SB1 CRC OK [TMO] MCC=262 MNC=1010 CC=1 FN(air)=13 MF(air)=54 TN(air)=1 → TN=2 FN=13 MN=54
  BKN2  MAC-BROADCAST  sub=SYSINFO
  BKN2    Carrier=3719 Band=3 Duplex=0 HF=468 LocArea=1 DL=392.9875MHz
  AACH  [CapAlloc] f1=0 f2=0 raw=0x3000 (dist=0)

[#1017] SB   [TN=3 FN=13 MN=54] corr=0.995  SB1 CRC OK [TMO] MCC=262 MNC=1010 CC=1 FN(air)=13 MF(air)=54 TN(air)=2 → TN=3 FN=13 MN=54
  BKN2  MAC-BROADCAST  sub=SYSINFO
  BKN2    Carrier=3719 Band=3 Duplex=0 HF=468 LocArea=1 DL=392.9875MHz
  AACH  [CapAlloc] f1=0 f2=0 raw=0x3000 (dist=0)

[#1018] SB   [TN=4 FN=13 MN=54] corr=0.995  SB1 CRC OK [TMO] MCC=262 MNC=1010 CC=1 FN(air)=13 MF(air)=54 TN(air)=3 → TN=4 FN=13 MN=54
  BKN2  MAC-BROADCAST  sub=SYSINFO
  BKN2    Carrier=3719 Band=3 Duplex=0 HF=468 LocArea=1 DL=392.9875MHz
  AACH  [CapAlloc] f1=0 f2=0 raw=0x3000 (dist=0)

[#1019] NDB2  [TN=1 FN=14 MN=54] corr=0.995  AACH  [DL/UL-Assign] DL=Common UL=Random CC=9 f1=9 f2=9 (dist=0)
  BKN1 SCH/HD  MAC-RESOURCE  addr=NULL LI=2 (2 octets)
  BKN2 SCH/HD  MAC-BROADCAST  sub=SYSINFO
  BKN2 SCH/HD    Carrier=3719 Band=3 Duplex=0 HF=468 LocArea=1 DL=392.9875MHz

[#1020] SB   [TN=2 FN=14 MN=54] corr=0.994  SB1 CRC OK [TMO] MCC=262 MNC=1010 CC=1 FN(air)=14 MF(air)=54 TN(air)=1 → TN=2 FN=14 MN=54
  BKN2  MAC-BROADCAST  sub=SYSINFO
  BKN2    Carrier=3719 Band=3 Duplex=0 HF=468 LocArea=1 DL=392.9875MHz
  AACH  [CapAlloc] f1=0 f2=0 raw=0x3000 (dist=0)

[#1021] SB   [TN=3 FN=14 MN=54] corr=0.993  SB1 CRC OK [TMO] MCC=262 MNC=1010 CC=1 FN(air)=14 MF(air)=54 TN(air)=2 → TN=3 FN=14 MN=54
  BKN2  MAC-BROADCAST  sub=SYSINFO
  BKN2    Carrier=3719 Band=3 Duplex=0 HF=468 LocArea=1 DL=392.9875MHz
  AACH  [CapAlloc] f1=0 f2=0 raw=0x3000 (dist=0)

[#1022] SB   [TN=4 FN=14 MN=54] corr=0.993  SB1 CRC OK [TMO] MCC=262 MNC=1010 CC=1 FN(air)=14 MF(air)=54 TN(air)=3 → TN=4 FN=14 MN=54
  BKN2  MAC-BROADCAST  sub=SYSINFO
  BKN2    Carrier=3719 Band=3 Duplex=0 HF=468 LocArea=1 DL=392.9875MHz
  AACH  [CapAlloc] f1=0 f2=0 raw=0x3000 (dist=0)

[#1023] NDB2  [TN=1 FN=15 MN=54] corr=0.997  AACH  [DL/UL-Assign] DL=Common UL=Random CC=9 f1=9 f2=9 (dist=0)
  BKN1 SCH/HD  MAC-RESOURCE  addr=NULL LI=2 (2 octets)
  BKN2 SCH/HD  MAC-BROADCAST  sub=SYSINFO
  BKN2 SCH/HD    Carrier=3719 Band=3 Duplex=0 HF=468 LocArea=1 DL=392.9875MHz

[#1024] SB   [TN=2 FN=15 MN=54] corr=0.992  SB1 CRC OK [TMO] MCC=262 MNC=1010 CC=1 FN(air)=15 MF(air)=54 TN(air)=1 → TN=2 FN=15 MN=54
  BKN2  MAC-BROADCAST  sub=SYSINFO
  BKN2    Carrier=3719 Band=3 Duplex=0 HF=468 LocArea=1 DL=392.9875MHz
  AACH  [CapAlloc] f1=0 f2=0 raw=0x3000 (dist=0)

[#1025] SB   [TN=3 FN=15 MN=54] corr=0.991  SB1 CRC OK [TMO] MCC=262 MNC=1010 CC=1 FN(air)=15 MF(air)=54 TN(air)=2 → TN=3 FN=15 MN=54
  BKN2  MAC-BROADCAST  sub=SYSINFO
  BKN2    Carrier=3719 Band=3 Duplex=0 HF=468 LocArea=1 DL=392.9875MHz
  AACH  [CapAlloc] f1=0 f2=0 raw=0x3000 (dist=0)

[#1026] SB   [TN=4 FN=15 MN=54] corr=0.992  SB1 CRC OK [TMO] MCC=262 MNC=1010 CC=1 FN(air)=15 MF(air)=54 TN(air)=3 → TN=4 FN=15 MN=54
  BKN2  MAC-BROADCAST  sub=SYSINFO
  BKN2    Carrier=3719 Band=3 Duplex=0 HF=468 LocArea=1 DL=392.9875MHz
  AACH  [CapAlloc] f1=0 f2=0 raw=0x3000 (dist=0)

[#1027] NDB2  [TN=1 FN=16 MN=54] corr=0.996  AACH  [DL/UL-Assign] DL=Common UL=Random CC=9 f1=9 f2=9 (dist=0)
  BKN1 SCH/HD  MAC-RESOURCE  addr=NULL LI=2 (2 octets)
  BKN2 SCH/HD  MAC-BROADCAST  sub=SYSINFO
  BKN2 SCH/HD    Carrier=3719 Band=3 Duplex=0 HF=468 LocArea=1 DL=392.9875MHz

[#1028] SB   [TN=2 FN=16 MN=54] corr=0.991  SB1 CRC OK [TMO] MCC=262 MNC=1010 CC=1 FN(air)=16 MF(air)=54 TN(air)=1 → TN=2 FN=16 MN=54
  BKN2  MAC-BROADCAST  sub=SYSINFO
  BKN2    Carrier=3719 Band=3 Duplex=0 HF=468 LocArea=1 DL=392.9875MHz
  AACH  [CapAlloc] f1=0 f2=0 raw=0x3000 (dist=0)

[#1029] SB   [TN=3 FN=16 MN=54] corr=0.993  SB1 CRC OK [TMO] MCC=262 MNC=1010 CC=1 FN(air)=16 MF(air)=54 TN(air)=2 → TN=3 FN=16 MN=54
  BKN2  MAC-BROADCAST  sub=SYSINFO
  BKN2    Carrier=3719 Band=3 Duplex=0 HF=468 LocArea=1 DL=392.9875MHz
  AACH  [CapAlloc] f1=0 f2=0 raw=0x3000 (dist=0)

[#1030] SB   [TN=4 FN=16 MN=54] corr=0.995  SB1 CRC OK [TMO] MCC=262 MNC=1010 CC=1 FN(air)=16 MF(air)=54 TN(air)=3 → TN=4 FN=16 MN=54
  BKN2  MAC-BROADCAST  sub=SYSINFO
  BKN2    Carrier=3719 Band=3 Duplex=0 HF=468 LocArea=1 DL=392.9875MHz
  AACH  [CapAlloc] f1=0 f2=0 raw=0x3000 (dist=0)

[#1031] NDB2  [TN=1 FN=17 MN=54] corr=0.993  AACH  [DL/UL-Assign] DL=Common UL=Random CC=9 f1=9 f2=9 (dist=0)
  BKN1 SCH/HD  MAC-RESOURCE  addr=NULL LI=2 (2 octets)
  BKN2 SCH/HD  MAC-BROADCAST  sub=SYSINFO
  BKN2 SCH/HD    Carrier=3719 Band=3 Duplex=0 HF=468 LocArea=1 DL=392.9875MHz

[#1032] SB   [TN=2 FN=17 MN=54] corr=0.994  SB1 CRC OK [TMO] MCC=262 MNC=1010 CC=1 FN(air)=17 MF(air)=54 TN(air)=1 → TN=2 FN=17 MN=54
  BKN2  MAC-BROADCAST  sub=SYSINFO
  BKN2    Carrier=3719 Band=3 Duplex=0 HF=468 LocArea=1 DL=392.9875MHz
  AACH  [CapAlloc] f1=0 f2=0 raw=0x3000 (dist=0)

[#1033] SB   [TN=3 FN=17 MN=54] corr=0.995  SB1 CRC OK [TMO] MCC=262 MNC=1010 CC=1 FN(air)=17 MF(air)=54 TN(air)=2 → TN=3 FN=17 MN=54
  BKN2  MAC-BROADCAST  sub=SYSINFO
  BKN2    Carrier=3719 Band=3 Duplex=0 HF=468 LocArea=1 DL=392.9875MHz
  AACH  [CapAlloc] f1=0 f2=0 raw=0x3000 (dist=0)

[#1034] SB   [TN=4 FN=17 MN=54] corr=0.995  SB1 CRC OK [TMO] MCC=262 MNC=1010 CC=1 FN(air)=17 MF(air)=54 TN(air)=3 → TN=4 FN=17 MN=54
  BKN2  MAC-BROADCAST  sub=SYSINFO
  BKN2    Carrier=3719 Band=3 Duplex=0 HF=468 LocArea=1 DL=392.9875MHz
  AACH  [CapAlloc] f1=0 f2=0 raw=0x3000 (dist=0)

[#1035] SB   [TN=1 FN=18 MN=54 BSCH] corr=0.993  SB1 CRC OK [TMO] MCC=262 MNC=1010 CC=1 FN(air)=18 MF(air)=54 TN(air)=0 → TN=1 FN=18 MN=54 BSCH
  BKN2  MAC-BROADCAST  sub=SYSINFO
  BKN2    Carrier=3719 Band=3 Duplex=0 HF=468 LocArea=1 DL=392.9875MHz
  AACH  [DL/UL-Assign] DL=Unalloc UL=Random CC=9 f1=1 f2=9 (dist=0)

[#1036] SB   [TN=2 FN=18 MN=54] corr=0.991  SB1 CRC OK [TMO] MCC=262 MNC=1010 CC=1 FN(air)=18 MF(air)=54 TN(air)=1 → TN=2 FN=18 MN=54
  BKN2  MAC-BROADCAST  sub=SYSINFO
  BKN2    Carrier=3719 Band=3 Duplex=0 HF=468 LocArea=1 DL=392.9875MHz
  AACH  [DL/UL-Assign] DL=Unalloc UL=Random CC=0 f1=1 f2=0 (dist=0)

[#1037] SB   [TN=3 FN=18 MN=54 BNCH] corr=0.991  SB1 CRC OK [TMO] MCC=262 MNC=1010 CC=1 FN(air)=18 MF(air)=54 TN(air)=2 → TN=3 FN=18 MN=54 BNCH
  BKN2  MAC-BROADCAST  sub=SYSINFO
  BKN2    Carrier=3719 Band=3 Duplex=0 HF=468 LocArea=1 DL=392.9875MHz
  AACH  [DL/UL-Assign] DL=Unalloc UL=Random CC=0 f1=1 f2=0 (dist=0)

[#1038] SB   [TN=4 FN=18 MN=54] corr=0.992  SB1 CRC OK [TMO] MCC=262 MNC=1010 CC=1 FN(air)=18 MF(air)=54 TN(air)=3 → TN=4 FN=18 MN=54
  BKN2  MAC-BROADCAST  sub=SYSINFO
  BKN2    Carrier=3719 Band=3 Duplex=0 HF=468 LocArea=1 DL=392.9875MHz
  AACH  [DL/UL-Assign] DL=Unalloc UL=Random CC=0 f1=1 f2=0 (dist=0)

[#1039] NDB2  [TN=1 FN=01 MN=55] corr=0.996  AACH  [DL/UL-Assign] DL=Common UL=Random CC=9 f1=9 f2=9 (dist=0)
  BKN1 SCH/HD  MAC-RESOURCE  addr=NULL LI=2 (2 octets)
  BKN2 SCH/HD  MAC-BROADCAST  sub=SYSINFO
  BKN2 SCH/HD    Carrier=3719 Band=3 Duplex=0 HF=468 LocArea=1 DL=392.9875MHz

[#1040] SB   [TN=2 FN=01 MN=55] corr=0.992  SB1 CRC OK [TMO] MCC=262 MNC=1010 CC=1 FN(air)=1 MF(air)=55 TN(air)=1 → TN=2 FN=01 MN=55
  BKN2  MAC-BROADCAST  sub=SYSINFO
  BKN2    Carrier=3719 Band=3 Duplex=0 HF=468 LocArea=1 DL=392.9875MHz
  AACH  [CapAlloc] f1=0 f2=0 raw=0x3000 (dist=0)

[#1041] SB   [TN=3 FN=01 MN=55] corr=0.991  SB1 CRC OK [TMO] MCC=262 MNC=1010 CC=1 FN(air)=1 MF(air)=55 TN(air)=2 → TN=3 FN=01 MN=55
  BKN2  MAC-BROADCAST  sub=SYSINFO
  BKN2    Carrier=3719 Band=3 Duplex=0 HF=468 LocArea=1 DL=392.9875MHz
  AACH  [CapAlloc] f1=0 f2=0 raw=0x3000 (dist=0)

[#1042] SB   [TN=4 FN=01 MN=55] corr=0.992  SB1 CRC OK [TMO] MCC=262 MNC=1010 CC=1 FN(air)=1 MF(air)=55 TN(air)=3 → TN=4 FN=01 MN=55
  BKN2  MAC-BROADCAST  sub=SYSINFO
  BKN2    Carrier=3719 Band=3 Duplex=0 HF=468 LocArea=1 DL=392.9875MHz
  AACH  [CapAlloc] f1=0 f2=0 raw=0x3000 (dist=0)

[#1043] NDB2  [TN=1 FN=02 MN=55] corr=0.997  AACH  [DL/UL-Assign] DL=Common UL=Random CC=9 f1=9 f2=9 (dist=0)
  BKN1 SCH/HD  MAC-RESOURCE  addr=NULL LI=2 (2 octets)
  BKN2 SCH/HD  MAC-BROADCAST  sub=SYSINFO
  BKN2 SCH/HD    Carrier=3719 Band=3 Duplex=0 HF=468 LocArea=1 DL=392.9875MHz

[#1044] SB   [TN=2 FN=02 MN=55] corr=0.995  SB1 CRC OK [TMO] MCC=262 MNC=1010 CC=1 FN(air)=2 MF(air)=55 TN(air)=1 → TN=2 FN=02 MN=55
  BKN2  MAC-BROADCAST  sub=SYSINFO
  BKN2    Carrier=3719 Band=3 Duplex=0 HF=468 LocArea=1 DL=392.9875MHz
  AACH  [CapAlloc] f1=0 f2=0 raw=0x3000 (dist=0)

[#1045] SB   [TN=3 FN=02 MN=55] corr=0.995  SB1 CRC OK [TMO] MCC=262 MNC=1010 CC=1 FN(air)=2 MF(air)=55 TN(air)=2 → TN=3 FN=02 MN=55
  BKN2  MAC-BROADCAST  sub=SYSINFO
  BKN2    Carrier=3719 Band=3 Duplex=0 HF=468 LocArea=1 DL=392.9875MHz
  AACH  [CapAlloc] f1=0 f2=0 raw=0x3000 (dist=0)

[#1046] SB   [TN=4 FN=02 MN=55] corr=0.995  SB1 CRC OK [TMO] MCC=262 MNC=1010 CC=1 FN(air)=2 MF(air)=55 TN(air)=3 → TN=4 FN=02 MN=55
  BKN2  MAC-BROADCAST  sub=SYSINFO
  BKN2    Carrier=3719 Band=3 Duplex=0 HF=468 LocArea=1 DL=392.9875MHz
  AACH  [CapAlloc] f1=0 f2=0 raw=0x3000 (dist=0)

[#1047] NDB2  [TN=1 FN=03 MN=55] corr=0.994  AACH  [DL/UL-Assign] DL=Common UL=Random CC=9 f1=9 f2=9 (dist=0)
  BKN1 SCH/HD  MAC-RESOURCE  addr=NULL LI=2 (2 octets)
  BKN2 SCH/HD  MAC-BROADCAST  sub=SYSINFO
  BKN2 SCH/HD    Carrier=3719 Band=3 Duplex=0 HF=468 LocArea=1 DL=392.9875MHz

[#1048] SB   [TN=2 FN=03 MN=55] corr=0.994  SB1 CRC OK [TMO] MCC=262 MNC=1010 CC=1 FN(air)=3 MF(air)=55 TN(air)=1 → TN=2 FN=03 MN=55
  BKN2  MAC-BROADCAST  sub=SYSINFO
  BKN2    Carrier=3719 Band=3 Duplex=0 HF=468 LocArea=1 DL=392.9875MHz
  AACH  [CapAlloc] f1=0 f2=0 raw=0x3000 (dist=0)

[#1049] SB   [TN=3 FN=03 MN=55] corr=0.995  SB1 CRC OK [TMO] MCC=262 MNC=1010 CC=1 FN(air)=3 MF(air)=55 TN(air)=2 → TN=3 FN=03 MN=55
  BKN2  MAC-BROADCAST  sub=SYSINFO
  BKN2    Carrier=3719 Band=3 Duplex=0 HF=468 LocArea=1 DL=392.9875MHz
  AACH  [CapAlloc] f1=0 f2=0 raw=0x3000 (dist=0)

[#1050] SB   [TN=4 FN=03 MN=55] corr=0.994  SB1 CRC OK [TMO] MCC=262 MNC=1010 CC=1 FN(air)=3 MF(air)=55 TN(air)=3 → TN=4 FN=03 MN=55
  BKN2  MAC-BROADCAST  sub=SYSINFO
  BKN2    Carrier=3719 Band=3 Duplex=0 HF=468 LocArea=1 DL=392.9875MHz
  AACH  [CapAlloc] f1=0 f2=0 raw=0x3000 (dist=0)

[#1051] NDB2  [TN=1 FN=04 MN=55] corr=0.994  AACH  [DL/UL-Assign] DL=Common UL=Random CC=9 f1=9 f2=9 (dist=0)
  BKN1 SCH/HD  MAC-RESOURCE  addr=NULL LI=2 (2 octets)
  BKN2 SCH/HD  MAC-BROADCAST  sub=SYSINFO
  BKN2 SCH/HD    Carrier=3719 Band=3 Duplex=0 HF=468 LocArea=1 DL=392.9875MHz

[#1052] SB   [TN=2 FN=04 MN=55] corr=0.992  SB1 CRC OK [TMO] MCC=262 MNC=1010 CC=1 FN(air)=4 MF(air)=55 TN(air)=1 → TN=2 FN=04 MN=55
  BKN2  MAC-BROADCAST  sub=SYSINFO
  BKN2    Carrier=3719 Band=3 Duplex=0 HF=468 LocArea=1 DL=392.9875MHz
  AACH  [CapAlloc] f1=0 f2=0 raw=0x3000 (dist=0)

[#1053] SB   [TN=3 FN=04 MN=55] corr=0.991  SB1 CRC OK [TMO] MCC=262 MNC=1010 CC=1 FN(air)=4 MF(air)=55 TN(air)=2 → TN=3 FN=04 MN=55
  BKN2  MAC-BROADCAST  sub=SYSINFO
  BKN2    Carrier=3719 Band=3 Duplex=0 HF=468 LocArea=1 DL=392.9875MHz
  AACH  [CapAlloc] f1=0 f2=0 raw=0x3000 (dist=0)

[#1054] SB   [TN=4 FN=04 MN=55] corr=0.992  SB1 CRC OK [TMO] MCC=262 MNC=1010 CC=1 FN(air)=4 MF(air)=55 TN(air)=3 → TN=4 FN=04 MN=55
  BKN2  MAC-BROADCAST  sub=SYSINFO
  BKN2    Carrier=3719 Band=3 Duplex=0 HF=468 LocArea=1 DL=392.9875MHz
  AACH  [CapAlloc] f1=0 f2=0 raw=0x3000 (dist=0)

[#1055] NDB2  [TN=1 FN=05 MN=55] corr=0.997  AACH  [DL/UL-Assign] DL=Common UL=Random CC=9 f1=9 f2=9 (dist=0)
  BKN1 SCH/HD  MAC-RESOURCE  addr=NULL LI=2 (2 octets)
  BKN2 SCH/HD  MAC-BROADCAST  sub=SYSINFO
  BKN2 SCH/HD    Carrier=3719 Band=3 Duplex=0 HF=468 LocArea=1 DL=392.9875MHz

[#1056] SB   [TN=2 FN=05 MN=55] corr=0.992  SB1 CRC OK [TMO] MCC=262 MNC=1010 CC=1 FN(air)=5 MF(air)=55 TN(air)=1 → TN=2 FN=05 MN=55
  BKN2  MAC-BROADCAST  sub=SYSINFO
  BKN2    Carrier=3719 Band=3 Duplex=0 HF=468 LocArea=1 DL=392.9875MHz
  AACH  [CapAlloc] f1=0 f2=0 raw=0x3000 (dist=0)

[#1057] SB   [TN=3 FN=05 MN=55] corr=0.991  SB1 CRC OK [TMO] MCC=262 MNC=1010 CC=1 FN(air)=5 MF(air)=55 TN(air)=2 → TN=3 FN=05 MN=55
  BKN2  MAC-BROADCAST  sub=SYSINFO
  BKN2    Carrier=3719 Band=3 Duplex=0 HF=468 LocArea=1 DL=392.9875MHz
  AACH  [CapAlloc] f1=0 f2=0 raw=0x3000 (dist=0)

[#1058] SB   [TN=4 FN=05 MN=55] corr=0.992  SB1 CRC OK [TMO] MCC=262 MNC=1010 CC=1 FN(air)=5 MF(air)=55 TN(air)=3 → TN=4 FN=05 MN=55
  BKN2  MAC-BROADCAST  sub=SYSINFO
  BKN2    Carrier=3719 Band=3 Duplex=0 HF=468 LocArea=1 DL=392.9875MHz
  AACH  [CapAlloc] f1=0 f2=0 raw=0x3000 (dist=0)

[#1059] NDB2  [TN=1 FN=06 MN=55] corr=0.997  AACH  [DL/UL-Assign] DL=Common UL=Random CC=9 f1=9 f2=9 (dist=0)
  BKN1 SCH/HD  MAC-RESOURCE  addr=NULL LI=2 (2 octets)
  BKN2 SCH/HD  MAC-BROADCAST  sub=SYSINFO
  BKN2 SCH/HD    Carrier=3719 Band=3 Duplex=0 HF=468 LocArea=1 DL=392.9875MHz

[#1060] SB   [TN=2 FN=06 MN=55] corr=0.995  SB1 CRC OK [TMO] MCC=262 MNC=1010 CC=1 FN(air)=6 MF(air)=55 TN(air)=1 → TN=2 FN=06 MN=55
  BKN2  MAC-BROADCAST  sub=SYSINFO
  BKN2    Carrier=3719 Band=3 Duplex=0 HF=468 LocArea=1 DL=392.9875MHz
  AACH  [CapAlloc] f1=0 f2=0 raw=0x3000 (dist=0)

[#1061] SB   [TN=3 FN=06 MN=55] corr=0.995  SB1 CRC OK [TMO] MCC=262 MNC=1010 CC=1 FN(air)=6 MF(air)=55 TN(air)=2 → TN=3 FN=06 MN=55
  BKN2  MAC-BROADCAST  sub=SYSINFO
  BKN2    Carrier=3719 Band=3 Duplex=0 HF=468 LocArea=1 DL=392.9875MHz
  AACH  [CapAlloc] f1=0 f2=0 raw=0x3000 (dist=0)

[#1062] SB   [TN=4 FN=06 MN=55] corr=0.994  SB1 CRC OK [TMO] MCC=262 MNC=1010 CC=1 FN(air)=6 MF(air)=55 TN(air)=3 → TN=4 FN=06 MN=55
  BKN2  MAC-BROADCAST  sub=SYSINFO
  BKN2    Carrier=3719 Band=3 Duplex=0 HF=468 LocArea=1 DL=392.9875MHz
  AACH  [CapAlloc] f1=0 f2=0 raw=0x3000 (dist=0)

[#1063] NDB2  [TN=1 FN=07 MN=55] corr=0.994  AACH  [DL/UL-Assign] DL=Common UL=Random CC=9 f1=9 f2=9 (dist=0)
  BKN1 SCH/HD  MAC-RESOURCE  addr=NULL LI=2 (2 octets)
  BKN2 SCH/HD  MAC-BROADCAST  sub=SYSINFO
  BKN2 SCH/HD    Carrier=3719 Band=3 Duplex=0 HF=468 LocArea=1 DL=392.9875MHz

[#1064] SB   [TN=2 FN=07 MN=55] corr=0.994  SB1 CRC OK [TMO] MCC=262 MNC=1010 CC=1 FN(air)=7 MF(air)=55 TN(air)=1 → TN=2 FN=07 MN=55
  BKN2  MAC-BROADCAST  sub=SYSINFO
  BKN2    Carrier=3719 Band=3 Duplex=0 HF=468 LocArea=1 DL=392.9875MHz
  AACH  [CapAlloc] f1=0 f2=0 raw=0x3000 (dist=0)

[#1065] SB   [TN=3 FN=07 MN=55] corr=0.995  SB1 CRC OK [TMO] MCC=262 MNC=1010 CC=1 FN(air)=7 MF(air)=55 TN(air)=2 → TN=3 FN=07 MN=55
  BKN2  MAC-BROADCAST  sub=SYSINFO
  BKN2    Carrier=3719 Band=3 Duplex=0 HF=468 LocArea=1 DL=392.9875MHz
  AACH  [CapAlloc] f1=0 f2=0 raw=0x3000 (dist=0)

[#1066] SB   [TN=4 FN=07 MN=55] corr=0.994  SB1 CRC OK [TMO] MCC=262 MNC=1010 CC=1 FN(air)=7 MF(air)=55 TN(air)=3 → TN=4 FN=07 MN=55
  BKN2  MAC-BROADCAST  sub=SYSINFO
  BKN2    Carrier=3719 Band=3 Duplex=0 HF=468 LocArea=1 DL=392.9875MHz
  AACH  [CapAlloc] f1=0 f2=0 raw=0x3000 (dist=0)

[#1067] NDB2  [TN=1 FN=08 MN=55] corr=0.993  AACH  [DL/UL-Assign] DL=Common UL=Random CC=9 f1=9 f2=9 (dist=0)
  BKN1 SCH/HD  MAC-RESOURCE  addr=NULL LI=2 (2 octets)
  BKN2 SCH/HD  MAC-BROADCAST  sub=SYSINFO
  BKN2 SCH/HD    Carrier=3719 Band=3 Duplex=0 HF=468 LocArea=1 DL=392.9875MHz

[#1068] SB   [TN=2 FN=08 MN=55] corr=0.992  SB1 CRC OK [TMO] MCC=262 MNC=1010 CC=1 FN(air)=8 MF(air)=55 TN(air)=1 → TN=2 FN=08 MN=55
  BKN2  MAC-BROADCAST  sub=SYSINFO
  BKN2    Carrier=3719 Band=3 Duplex=0 HF=468 LocArea=1 DL=392.9875MHz
  AACH  [CapAlloc] f1=0 f2=0 raw=0x3000 (dist=0)

[#1069] SB   [TN=3 FN=08 MN=55] corr=0.991  SB1 CRC OK [TMO] MCC=262 MNC=1010 CC=1 FN(air)=8 MF(air)=55 TN(air)=2 → TN=3 FN=08 MN=55
  BKN2  MAC-BROADCAST  sub=SYSINFO
  BKN2    Carrier=3719 Band=3 Duplex=0 HF=468 LocArea=1 DL=392.9875MHz
  AACH  [CapAlloc] f1=0 f2=0 raw=0x3000 (dist=0)

[#1070] SB   [TN=4 FN=08 MN=55] corr=0.992  SB1 CRC OK [TMO] MCC=262 MNC=1010 CC=1 FN(air)=8 MF(air)=55 TN(air)=3 → TN=4 FN=08 MN=55
  BKN2  MAC-BROADCAST  sub=SYSINFO
  BKN2    Carrier=3719 Band=3 Duplex=0 HF=468 LocArea=1 DL=392.9875MHz
  AACH  [CapAlloc] f1=0 f2=0 raw=0x3000 (dist=0)

[#1071] NDB2  [TN=1 FN=09 MN=55] corr=0.997  AACH  [DL/UL-Assign] DL=Common UL=Random CC=9 f1=9 f2=9 (dist=0)
  BKN1 SCH/HD  MAC-RESOURCE  addr=NULL LI=2 (2 octets)
  BKN2 SCH/HD  MAC-BROADCAST  sub=SYSINFO
  BKN2 SCH/HD    Carrier=3719 Band=3 Duplex=0 HF=468 LocArea=1 DL=392.9875MHz

[#1072] SB   [TN=2 FN=09 MN=55] corr=0.992  SB1 CRC OK [TMO] MCC=262 MNC=1010 CC=1 FN(air)=9 MF(air)=55 TN(air)=1 → TN=2 FN=09 MN=55
  BKN2  MAC-BROADCAST  sub=SYSINFO
  BKN2    Carrier=3719 Band=3 Duplex=0 HF=468 LocArea=1 DL=392.9875MHz
  AACH  [CapAlloc] f1=0 f2=0 raw=0x3000 (dist=0)

[#1073] SB   [TN=3 FN=09 MN=55] corr=0.991  SB1 CRC OK [TMO] MCC=262 MNC=1010 CC=1 FN(air)=9 MF(air)=55 TN(air)=2 → TN=3 FN=09 MN=55
  BKN2  MAC-BROADCAST  sub=SYSINFO
  BKN2    Carrier=3719 Band=3 Duplex=0 HF=468 LocArea=1 DL=392.9875MHz
  AACH  [CapAlloc] f1=0 f2=0 raw=0x3000 (dist=0)

[#1074] SB   [TN=4 FN=09 MN=55] corr=0.991  SB1 CRC OK [TMO] MCC=262 MNC=1010 CC=1 FN(air)=9 MF(air)=55 TN(air)=3 → TN=4 FN=09 MN=55
  BKN2  MAC-BROADCAST  sub=SYSINFO
  BKN2    Carrier=3719 Band=3 Duplex=0 HF=468 LocArea=1 DL=392.9875MHz
  AACH  [CapAlloc] f1=0 f2=0 raw=0x3000 (dist=0)

[#1075] NDB2  [TN=1 FN=10 MN=55] corr=0.996  AACH  [DL/UL-Assign] DL=Common UL=Random CC=9 f1=9 f2=9 (dist=0)
  BKN1 SCH/HD  MAC-RESOURCE  addr=NULL LI=2 (2 octets)
  BKN2 SCH/HD  MAC-BROADCAST  sub=SYSINFO
  BKN2 SCH/HD    Carrier=3719 Band=3 Duplex=0 HF=468 LocArea=1 DL=392.9875MHz

[#1076] SB   [TN=2 FN=10 MN=55] corr=0.994  SB1 CRC OK [TMO] MCC=262 MNC=1010 CC=1 FN(air)=10 MF(air)=55 TN(air)=1 → TN=2 FN=10 MN=55
  BKN2  MAC-BROADCAST  sub=SYSINFO
  BKN2    Carrier=3719 Band=3 Duplex=0 HF=468 LocArea=1 DL=392.9875MHz
  AACH  [CapAlloc] f1=0 f2=0 raw=0x3000 (dist=0)

[#1077] SB   [TN=3 FN=10 MN=55] corr=0.995  SB1 CRC OK [TMO] MCC=262 MNC=1010 CC=1 FN(air)=10 MF(air)=55 TN(air)=2 → TN=3 FN=10 MN=55
  BKN2  MAC-BROADCAST  sub=SYSINFO
  BKN2    Carrier=3719 Band=3 Duplex=0 HF=468 LocArea=1 DL=392.9875MHz
  AACH  [CapAlloc] f1=0 f2=0 raw=0x3000 (dist=0)

[#1078] SB   [TN=4 FN=10 MN=55] corr=0.995  SB1 CRC OK [TMO] MCC=262 MNC=1010 CC=1 FN(air)=10 MF(air)=55 TN(air)=3 → TN=4 FN=10 MN=55
  BKN2  MAC-BROADCAST  sub=SYSINFO
  BKN2    Carrier=3719 Band=3 Duplex=0 HF=468 LocArea=1 DL=392.9875MHz
  AACH  [CapAlloc] f1=0 f2=0 raw=0x3000 (dist=0)

[#1079] NDB2  [TN=1 FN=11 MN=55] corr=0.993  AACH  [DL/UL-Assign] DL=Common UL=Random CC=9 f1=9 f2=9 (dist=0)
  BKN1 SCH/HD  MAC-RESOURCE  addr=NULL LI=2 (2 octets)
  BKN2 SCH/HD  MAC-BROADCAST  sub=SYSINFO
  BKN2 SCH/HD    Carrier=3719 Band=3 Duplex=0 HF=468 LocArea=1 DL=392.9875MHz

[#1080] SB   [TN=2 FN=11 MN=55] corr=0.994  SB1 CRC OK [TMO] MCC=262 MNC=1010 CC=1 FN(air)=11 MF(air)=55 TN(air)=1 → TN=2 FN=11 MN=55
  BKN2  MAC-BROADCAST  sub=SYSINFO
  BKN2    Carrier=3719 Band=3 Duplex=0 HF=468 LocArea=1 DL=392.9875MHz
  AACH  [CapAlloc] f1=0 f2=0 raw=0x3000 (dist=0)

[#1081] SB   [TN=3 FN=11 MN=55] corr=0.995  SB1 CRC OK [TMO] MCC=262 MNC=1010 CC=1 FN(air)=11 MF(air)=55 TN(air)=2 → TN=3 FN=11 MN=55
  BKN2  MAC-BROADCAST  sub=SYSINFO
  BKN2    Carrier=3719 Band=3 Duplex=0 HF=468 LocArea=1 DL=392.9875MHz
  AACH  [CapAlloc] f1=0 f2=0 raw=0x3000 (dist=0)

[#1082] SB   [TN=4 FN=11 MN=55] corr=0.995  SB1 CRC OK [TMO] MCC=262 MNC=1010 CC=1 FN(air)=11 MF(air)=55 TN(air)=3 → TN=4 FN=11 MN=55
  BKN2  MAC-BROADCAST  sub=SYSINFO
  BKN2    Carrier=3719 Band=3 Duplex=0 HF=468 LocArea=1 DL=392.9875MHz
  AACH  [CapAlloc] f1=0 f2=0 raw=0x3000 (dist=0)

[#1083] NDB2  [TN=1 FN=12 MN=55] corr=0.994  AACH  [DL/UL-Assign] DL=Common UL=Random CC=9 f1=9 f2=9 (dist=0)
  BKN1 SCH/HD  MAC-RESOURCE  addr=NULL LI=2 (2 octets)
  BKN2 SCH/HD  MAC-BROADCAST  sub=SYSINFO
  BKN2 SCH/HD    Carrier=3719 Band=3 Duplex=0 HF=468 LocArea=1 DL=392.9875MHz

[#1084] SB   [TN=2 FN=12 MN=55] corr=0.991  SB1 CRC OK [TMO] MCC=262 MNC=1010 CC=1 FN(air)=12 MF(air)=55 TN(air)=1 → TN=2 FN=12 MN=55
  BKN2  MAC-BROADCAST  sub=SYSINFO
  BKN2    Carrier=3719 Band=3 Duplex=0 HF=468 LocArea=1 DL=392.9875MHz
  AACH  [CapAlloc] f1=0 f2=0 raw=0x3000 (dist=0)

[#1085] SB   [TN=3 FN=12 MN=55] corr=0.992  SB1 CRC OK [TMO] MCC=262 MNC=1010 CC=1 FN(air)=12 MF(air)=55 TN(air)=2 → TN=3 FN=12 MN=55
  BKN2  MAC-BROADCAST  sub=SYSINFO
  BKN2    Carrier=3719 Band=3 Duplex=0 HF=468 LocArea=1 DL=392.9875MHz
  AACH  [CapAlloc] f1=0 f2=0 raw=0x3000 (dist=0)

[#1086] SB   [TN=4 FN=12 MN=55] corr=0.992  SB1 CRC OK [TMO] MCC=262 MNC=1010 CC=1 FN(air)=12 MF(air)=55 TN(air)=3 → TN=4 FN=12 MN=55
  BKN2  MAC-BROADCAST  sub=SYSINFO
  BKN2    Carrier=3719 Band=3 Duplex=0 HF=468 LocArea=1 DL=392.9875MHz
  AACH  [CapAlloc] f1=0 f2=0 raw=0x3000 (dist=0)

[#1087] NDB2  [TN=1 FN=13 MN=55] corr=0.996  AACH  [DL/UL-Assign] DL=Common UL=Random CC=9 f1=9 f2=9 (dist=0)
  BKN1 SCH/HD  MAC-RESOURCE  addr=NULL LI=2 (2 octets)
  BKN2 SCH/HD  MAC-BROADCAST  sub=SYSINFO
  BKN2 SCH/HD    Carrier=3719 Band=3 Duplex=0 HF=468 LocArea=1 DL=392.9875MHz

[#1088] SB   [TN=2 FN=13 MN=55] corr=0.991  SB1 CRC OK [TMO] MCC=262 MNC=1010 CC=1 FN(air)=13 MF(air)=55 TN(air)=1 → TN=2 FN=13 MN=55
  BKN2  MAC-BROADCAST  sub=SYSINFO
  BKN2    Carrier=3719 Band=3 Duplex=0 HF=468 LocArea=1 DL=392.9875MHz
  AACH  [CapAlloc] f1=0 f2=0 raw=0x3000 (dist=0)

[#1089] SB   [TN=3 FN=13 MN=55] corr=0.992  SB1 CRC OK [TMO] MCC=262 MNC=1010 CC=1 FN(air)=13 MF(air)=55 TN(air)=2 → TN=3 FN=13 MN=55
  BKN2  MAC-BROADCAST  sub=SYSINFO
  BKN2    Carrier=3719 Band=3 Duplex=0 HF=468 LocArea=1 DL=392.9875MHz
  AACH  [CapAlloc] f1=0 f2=0 raw=0x3000 (dist=0)

[#1090] SB   [TN=4 FN=13 MN=55] corr=0.992  SB1 CRC OK [TMO] MCC=262 MNC=1010 CC=1 FN(air)=13 MF(air)=55 TN(air)=3 → TN=4 FN=13 MN=55
  BKN2  MAC-BROADCAST  sub=SYSINFO
  BKN2    Carrier=3719 Band=3 Duplex=0 HF=468 LocArea=1 DL=392.9875MHz
  AACH  [CapAlloc] f1=0 f2=0 raw=0x3000 (dist=0)

[#1091] NDB2  [TN=1 FN=14 MN=55] corr=0.997  AACH  [DL/UL-Assign] DL=Common UL=Random CC=9 f1=9 f2=9 (dist=0)
  BKN1 SCH/HD  MAC-RESOURCE  addr=NULL LI=2 (2 octets)
  BKN2 SCH/HD  MAC-BROADCAST  sub=SYSINFO
  BKN2 SCH/HD    Carrier=3719 Band=3 Duplex=0 HF=468 LocArea=1 DL=392.9875MHz

[#1092] SB   [TN=2 FN=14 MN=55] corr=0.994  SB1 CRC OK [TMO] MCC=262 MNC=1010 CC=1 FN(air)=14 MF(air)=55 TN(air)=1 → TN=2 FN=14 MN=55
  BKN2  MAC-BROADCAST  sub=SYSINFO
  BKN2    Carrier=3719 Band=3 Duplex=0 HF=468 LocArea=1 DL=392.9875MHz
  AACH  [CapAlloc] f1=0 f2=0 raw=0x3000 (dist=0)

[#1093] SB   [TN=3 FN=14 MN=55] corr=0.995  SB1 CRC OK [TMO] MCC=262 MNC=1010 CC=1 FN(air)=14 MF(air)=55 TN(air)=2 → TN=3 FN=14 MN=55
  BKN2  MAC-BROADCAST  sub=SYSINFO
  BKN2    Carrier=3719 Band=3 Duplex=0 HF=468 LocArea=1 DL=392.9875MHz
  AACH  [CapAlloc] f1=0 f2=0 raw=0x3000 (dist=0)

[#1094] SB   [TN=4 FN=14 MN=55] corr=0.995  SB1 CRC OK [TMO] MCC=262 MNC=1010 CC=1 FN(air)=14 MF(air)=55 TN(air)=3 → TN=4 FN=14 MN=55
  BKN2  MAC-BROADCAST  sub=SYSINFO
  BKN2    Carrier=3719 Band=3 Duplex=0 HF=468 LocArea=1 DL=392.9875MHz
  AACH  [CapAlloc] f1=0 f2=0 raw=0x3000 (dist=0)

[#1095] NDB2  [TN=1 FN=15 MN=55] corr=0.994  AACH  [DL/UL-Assign] DL=Common UL=Random CC=9 f1=9 f2=9 (dist=0)
  BKN1 SCH/HD  MAC-RESOURCE  addr=NULL LI=2 (2 octets)
  BKN2 SCH/HD  MAC-BROADCAST  sub=SYSINFO
  BKN2 SCH/HD    Carrier=3719 Band=3 Duplex=0 HF=468 LocArea=1 DL=392.9875MHz

[#1096] SB   [TN=2 FN=15 MN=55] corr=0.994  SB1 CRC OK [TMO] MCC=262 MNC=1010 CC=1 FN(air)=15 MF(air)=55 TN(air)=1 → TN=2 FN=15 MN=55
  BKN2  MAC-BROADCAST  sub=SYSINFO
  BKN2    Carrier=3719 Band=3 Duplex=0 HF=468 LocArea=1 DL=392.9875MHz
  AACH  [CapAlloc] f1=0 f2=0 raw=0x3000 (dist=0)

[#1097] SB   [TN=3 FN=15 MN=55] corr=0.995  SB1 CRC OK [TMO] MCC=262 MNC=1010 CC=1 FN(air)=15 MF(air)=55 TN(air)=2 → TN=3 FN=15 MN=55
  BKN2  MAC-BROADCAST  sub=SYSINFO
  BKN2    Carrier=3719 Band=3 Duplex=0 HF=468 LocArea=1 DL=392.9875MHz
  AACH  [CapAlloc] f1=0 f2=0 raw=0x3000 (dist=0)

[#1098] SB   [TN=4 FN=15 MN=55] corr=0.994  SB1 CRC OK [TMO] MCC=262 MNC=1010 CC=1 FN(air)=15 MF(air)=55 TN(air)=3 → TN=4 FN=15 MN=55
  BKN2  MAC-BROADCAST  sub=SYSINFO
  BKN2    Carrier=3719 Band=3 Duplex=0 HF=468 LocArea=1 DL=392.9875MHz
  AACH  [CapAlloc] f1=0 f2=0 raw=0x3000 (dist=0)

[#1099] NDB2  [TN=1 FN=16 MN=55] corr=0.994  AACH  [DL/UL-Assign] DL=Common UL=Random CC=9 f1=9 f2=9 (dist=0)
  BKN1 SCH/HD  MAC-RESOURCE  addr=NULL LI=2 (2 octets)
  BKN2 SCH/HD  MAC-BROADCAST  sub=SYSINFO
  BKN2 SCH/HD    Carrier=3719 Band=3 Duplex=0 HF=468 LocArea=1 DL=392.9875MHz
  [progress] MER=0.0%  BER(EMA)=0.0000

[#1100] SB   [TN=2 FN=16 MN=55] corr=0.992  SB1 CRC OK [TMO] MCC=262 MNC=1010 CC=1 FN(air)=16 MF(air)=55 TN(air)=1 → TN=2 FN=16 MN=55
  BKN2  MAC-BROADCAST  sub=SYSINFO
  BKN2    Carrier=3719 Band=3 Duplex=0 HF=468 LocArea=1 DL=392.9875MHz
  AACH  [CapAlloc] f1=0 f2=0 raw=0x3000 (dist=0)

[#1101] SB   [TN=3 FN=16 MN=55] corr=0.991  SB1 CRC OK [TMO] MCC=262 MNC=1010 CC=1 FN(air)=16 MF(air)=55 TN(air)=2 → TN=3 FN=16 MN=55
  BKN2  MAC-BROADCAST  sub=SYSINFO
  BKN2    Carrier=3719 Band=3 Duplex=0 HF=468 LocArea=1 DL=392.9875MHz
  AACH  [CapAlloc] f1=0 f2=0 raw=0x3000 (dist=0)

[#1102] SB   [TN=4 FN=16 MN=55] corr=0.992  SB1 CRC OK [TMO] MCC=262 MNC=1010 CC=1 FN(air)=16 MF(air)=55 TN(air)=3 → TN=4 FN=16 MN=55
  BKN2  MAC-BROADCAST  sub=SYSINFO
  BKN2    Carrier=3719 Band=3 Duplex=0 HF=468 LocArea=1 DL=392.9875MHz
  AACH  [CapAlloc] f1=0 f2=0 raw=0x3000 (dist=0)

[#1103] NDB2  [TN=1 FN=17 MN=55] corr=0.997  AACH  [DL/UL-Assign] DL=Common UL=Random CC=9 f1=9 f2=9 (dist=0)
  BKN1 SCH/HD  MAC-RESOURCE  addr=NULL LI=2 (2 octets)
  BKN2 SCH/HD  MAC-BROADCAST  sub=SYSINFO
  BKN2 SCH/HD    Carrier=3719 Band=3 Duplex=0 HF=468 LocArea=1 DL=392.9875MHz

[#1104] SB   [TN=2 FN=17 MN=55] corr=0.991  SB1 CRC OK [TMO] MCC=262 MNC=1010 CC=1 FN(air)=17 MF(air)=55 TN(air)=1 → TN=2 FN=17 MN=55
  BKN2  MAC-BROADCAST  sub=SYSINFO
  BKN2    Carrier=3719 Band=3 Duplex=0 HF=468 LocArea=1 DL=392.9875MHz
  AACH  [CapAlloc] f1=0 f2=0 raw=0x3000 (dist=0)

[#1105] SB   [TN=3 FN=17 MN=55] corr=0.991  SB1 CRC OK [TMO] MCC=262 MNC=1010 CC=1 FN(air)=17 MF(air)=55 TN(air)=2 → TN=3 FN=17 MN=55
  BKN2  MAC-BROADCAST  sub=SYSINFO
  BKN2    Carrier=3719 Band=3 Duplex=0 HF=468 LocArea=1 DL=392.9875MHz
  AACH  [CapAlloc] f1=0 f2=0 raw=0x3000 (dist=0)

[#1106] SB   [TN=4 FN=17 MN=55] corr=0.992  SB1 CRC OK [TMO] MCC=262 MNC=1010 CC=1 FN(air)=17 MF(air)=55 TN(air)=3 → TN=4 FN=17 MN=55
  BKN2  MAC-BROADCAST  sub=SYSINFO
  BKN2    Carrier=3719 Band=3 Duplex=0 HF=468 LocArea=1 DL=392.9875MHz
  AACH  [CapAlloc] f1=0 f2=0 raw=0x3000 (dist=0)

[#1107] NDB1  [TN=1 FN=18 MN=55] corr=0.993  AACH  [DL/UL-Assign] DL=Common UL=Random CC=9 f1=9 f2=9 (dist=0)
  SCH/F  MAC-RESOURCE  addr=SSI ID=16777215 LI=16 (16 octets)
    LLC  BL-UDATA
    MLE  disc=MLE → D-NWRK-BROADCAST

[#1108] SB   [TN=2 FN=18 MN=55 BNCH] corr=0.991  SB1 CRC OK [TMO] MCC=262 MNC=1010 CC=1 FN(air)=18 MF(air)=55 TN(air)=1 → TN=2 FN=18 MN=55 BNCH
  BKN2  MAC-BROADCAST  sub=SYSINFO
  BKN2    Carrier=3719 Band=3 Duplex=0 HF=468 LocArea=1 DL=392.9875MHz
  AACH  [DL/UL-Assign] DL=Unalloc UL=Random CC=0 f1=1 f2=0 (dist=0)

[#1109] SB   [TN=3 FN=18 MN=55] corr=0.993  SB1 CRC OK [TMO] MCC=262 MNC=1010 CC=1 FN(air)=18 MF(air)=55 TN(air)=2 → TN=3 FN=18 MN=55
  BKN2  MAC-BROADCAST  sub=SYSINFO
  BKN2    Carrier=3719 Band=3 Duplex=0 HF=468 LocArea=1 DL=392.9875MHz
  AACH  [DL/UL-Assign] DL=Unalloc UL=Random CC=0 f1=1 f2=0 (dist=0)

[#1110] SB   [TN=4 FN=18 MN=55 BSCH] corr=0.994  SB1 CRC OK [TMO] MCC=262 MNC=1010 CC=1 FN(air)=18 MF(air)=55 TN(air)=3 → TN=4 FN=18 MN=55 BSCH
  BKN2  MAC-BROADCAST  sub=SYSINFO
  BKN2    Carrier=3719 Band=3 Duplex=0 HF=468 LocArea=1 DL=392.9875MHz
  AACH  [DL/UL-Assign] DL=Unalloc UL=Random CC=0 f1=1 f2=0 (dist=0)

[#1111] NDB2  [TN=1 FN=01 MN=56] corr=0.994  AACH  [DL/UL-Assign] DL=Common UL=Random CC=9 f1=9 f2=9 (dist=0)
  BKN1 SCH/HD  MAC-RESOURCE  addr=NULL LI=2 (2 octets)
  BKN2 SCH/HD  MAC-BROADCAST  sub=SYSINFO
  BKN2 SCH/HD    Carrier=3719 Band=3 Duplex=0 HF=468 LocArea=1 DL=392.9875MHz

[#1112] SB   [TN=2 FN=01 MN=56] corr=0.994  SB1 CRC OK [TMO] MCC=262 MNC=1010 CC=1 FN(air)=1 MF(air)=56 TN(air)=1 → TN=2 FN=01 MN=56
  BKN2  MAC-BROADCAST  sub=SYSINFO
  BKN2    Carrier=3719 Band=3 Duplex=0 HF=468 LocArea=1 DL=392.9875MHz
  AACH  [CapAlloc] f1=0 f2=0 raw=0x3000 (dist=0)

[#1113] SB   [TN=3 FN=01 MN=56] corr=0.993  SB1 CRC OK [TMO] MCC=262 MNC=1010 CC=1 FN(air)=1 MF(air)=56 TN(air)=2 → TN=3 FN=01 MN=56
  BKN2  MAC-BROADCAST  sub=SYSINFO
  BKN2    Carrier=3719 Band=3 Duplex=0 HF=468 LocArea=1 DL=392.9875MHz
  AACH  [CapAlloc] f1=0 f2=0 raw=0x3000 (dist=0)

[#1114] SB   [TN=4 FN=01 MN=56] corr=0.992  SB1 CRC OK [TMO] MCC=262 MNC=1010 CC=1 FN(air)=1 MF(air)=56 TN(air)=3 → TN=4 FN=01 MN=56
  BKN2  MAC-BROADCAST  sub=SYSINFO
  BKN2    Carrier=3719 Band=3 Duplex=0 HF=468 LocArea=1 DL=392.9875MHz
  AACH  [CapAlloc] f1=0 f2=0 raw=0x3000 (dist=0)

[#1115] NDB2  [TN=1 FN=02 MN=56] corr=0.996  AACH  [DL/UL-Assign] DL=Common UL=Random CC=9 f1=9 f2=9 (dist=0)
  BKN1 SCH/HD  MAC-RESOURCE  addr=NULL LI=2 (2 octets)
  BKN2 SCH/HD  MAC-BROADCAST  sub=SYSINFO
  BKN2 SCH/HD    Carrier=3719 Band=3 Duplex=0 HF=468 LocArea=1 DL=392.9875MHz

[#1116] SB   [TN=2 FN=02 MN=56] corr=0.992  SB1 CRC OK [TMO] MCC=262 MNC=1010 CC=1 FN(air)=2 MF(air)=56 TN(air)=1 → TN=2 FN=02 MN=56
  BKN2  MAC-BROADCAST  sub=SYSINFO
  BKN2    Carrier=3719 Band=3 Duplex=0 HF=468 LocArea=1 DL=392.9875MHz
  AACH  [CapAlloc] f1=0 f2=0 raw=0x3000 (dist=0)

[#1117] SB   [TN=3 FN=02 MN=56] corr=0.993  SB1 CRC OK [TMO] MCC=262 MNC=1010 CC=1 FN(air)=2 MF(air)=56 TN(air)=2 → TN=3 FN=02 MN=56
  BKN2  MAC-BROADCAST  sub=SYSINFO
  BKN2    Carrier=3719 Band=3 Duplex=0 HF=468 LocArea=1 DL=392.9875MHz
  AACH  [CapAlloc] f1=0 f2=0 raw=0x3000 (dist=0)

[#1118] SB   [TN=4 FN=02 MN=56] corr=0.994  SB1 CRC OK [TMO] MCC=262 MNC=1010 CC=1 FN(air)=2 MF(air)=56 TN(air)=3 → TN=4 FN=02 MN=56
  BKN2  MAC-BROADCAST  sub=SYSINFO
  BKN2    Carrier=3719 Band=3 Duplex=0 HF=468 LocArea=1 DL=392.9875MHz
  AACH  [CapAlloc] f1=0 f2=0 raw=0x3000 (dist=0)

[#1119] NDB2  [TN=1 FN=03 MN=56] corr=0.996  AACH  [DL/UL-Assign] DL=Common UL=Random CC=9 f1=9 f2=9 (dist=0)
  BKN1 SCH/HD  MAC-RESOURCE  addr=NULL LI=2 (2 octets)
  BKN2 SCH/HD  MAC-BROADCAST  sub=SYSINFO
  BKN2 SCH/HD    Carrier=3719 Band=3 Duplex=0 HF=468 LocArea=1 DL=392.9875MHz

[#1120] SB   [TN=2 FN=03 MN=56] corr=0.992  SB1 CRC OK [TMO] MCC=262 MNC=1010 CC=1 FN(air)=3 MF(air)=56 TN(air)=1 → TN=2 FN=03 MN=56
  BKN2  MAC-BROADCAST  sub=SYSINFO
  BKN2    Carrier=3719 Band=3 Duplex=0 HF=468 LocArea=1 DL=392.9875MHz
  AACH  [CapAlloc] f1=0 f2=0 raw=0x3000 (dist=0)

[#1121] SB   [TN=3 FN=03 MN=56] corr=0.993  SB1 CRC OK [TMO] MCC=262 MNC=1010 CC=1 FN(air)=3 MF(air)=56 TN(air)=2 → TN=3 FN=03 MN=56
  BKN2  MAC-BROADCAST  sub=SYSINFO
  BKN2    Carrier=3719 Band=3 Duplex=0 HF=468 LocArea=1 DL=392.9875MHz
  AACH  [CapAlloc] f1=0 f2=0 raw=0x3000 (dist=0)

[#1122] SB   [TN=4 FN=03 MN=56] corr=0.994  SB1 CRC OK [TMO] MCC=262 MNC=1010 CC=1 FN(air)=3 MF(air)=56 TN(air)=3 → TN=4 FN=03 MN=56
  BKN2  MAC-BROADCAST  sub=SYSINFO
  BKN2    Carrier=3719 Band=3 Duplex=0 HF=468 LocArea=1 DL=392.9875MHz
  AACH  [CapAlloc] f1=0 f2=0 raw=0x3000 (dist=0)

[#1123] NDB2  [TN=1 FN=04 MN=56] corr=0.994  AACH  [DL/UL-Assign] DL=Common UL=Random CC=9 f1=9 f2=9 (dist=0)
  BKN1 SCH/HD  MAC-RESOURCE  addr=NULL LI=2 (2 octets)
  BKN2 SCH/HD  MAC-BROADCAST  sub=SYSINFO
  BKN2 SCH/HD    Carrier=3719 Band=3 Duplex=0 HF=468 LocArea=1 DL=392.9875MHz

[#1124] SB   [TN=2 FN=04 MN=56] corr=0.995  SB1 CRC OK [TMO] MCC=262 MNC=1010 CC=1 FN(air)=4 MF(air)=56 TN(air)=1 → TN=2 FN=04 MN=56
  BKN2  MAC-BROADCAST  sub=SYSINFO
  BKN2    Carrier=3719 Band=3 Duplex=0 HF=468 LocArea=1 DL=392.9875MHz
  AACH  [CapAlloc] f1=0 f2=0 raw=0x3000 (dist=0)

[#1125] SB   [TN=3 FN=04 MN=56] corr=0.993  SB1 CRC OK [TMO] MCC=262 MNC=1010 CC=1 FN(air)=4 MF(air)=56 TN(air)=2 → TN=3 FN=04 MN=56
  BKN2  MAC-BROADCAST  sub=SYSINFO
  BKN2    Carrier=3719 Band=3 Duplex=0 HF=468 LocArea=1 DL=392.9875MHz
  AACH  [CapAlloc] f1=0 f2=0 raw=0x3000 (dist=0)

[#1126] SB   [TN=4 FN=04 MN=56] corr=0.991  SB1 CRC OK [TMO] MCC=262 MNC=1010 CC=1 FN(air)=4 MF(air)=56 TN(air)=3 → TN=4 FN=04 MN=56
  BKN2  MAC-BROADCAST  sub=SYSINFO
  BKN2    Carrier=3719 Band=3 Duplex=0 HF=468 LocArea=1 DL=392.9875MHz
  AACH  [CapAlloc] f1=0 f2=0 raw=0x3000 (dist=0)

[#1127] NDB2  [TN=1 FN=05 MN=56] corr=0.995  AACH  [DL/UL-Assign] DL=Common UL=Random CC=9 f1=9 f2=9 (dist=0)
  BKN1 SCH/HD  MAC-RESOURCE  addr=NULL LI=2 (2 octets)
  BKN2 SCH/HD  MAC-BROADCAST  sub=SYSINFO
  BKN2 SCH/HD    Carrier=3719 Band=3 Duplex=0 HF=468 LocArea=1 DL=392.9875MHz

[#1128] SB   [TN=2 FN=05 MN=56] corr=0.994  SB1 CRC OK [TMO] MCC=262 MNC=1010 CC=1 FN(air)=5 MF(air)=56 TN(air)=1 → TN=2 FN=05 MN=56
  BKN2  MAC-BROADCAST  sub=SYSINFO
  BKN2    Carrier=3719 Band=3 Duplex=0 HF=468 LocArea=1 DL=392.9875MHz
  AACH  [CapAlloc] f1=0 f2=0 raw=0x3000 (dist=0)

[#1129] SB   [TN=3 FN=05 MN=56] corr=0.993  SB1 CRC OK [TMO] MCC=262 MNC=1010 CC=1 FN(air)=5 MF(air)=56 TN(air)=2 → TN=3 FN=05 MN=56
  BKN2  MAC-BROADCAST  sub=SYSINFO
  BKN2    Carrier=3719 Band=3 Duplex=0 HF=468 LocArea=1 DL=392.9875MHz
  AACH  [CapAlloc] f1=0 f2=0 raw=0x3000 (dist=0)

[#1130] SB   [TN=4 FN=05 MN=56] corr=0.992  SB1 CRC OK [TMO] MCC=262 MNC=1010 CC=1 FN(air)=5 MF(air)=56 TN(air)=3 → TN=4 FN=05 MN=56
  BKN2  MAC-BROADCAST  sub=SYSINFO
  BKN2    Carrier=3719 Band=3 Duplex=0 HF=468 LocArea=1 DL=392.9875MHz
  AACH  [CapAlloc] f1=0 f2=0 raw=0x3000 (dist=0)

[#1131] NDB2  [TN=1 FN=06 MN=56] corr=0.996  AACH  [DL/UL-Assign] DL=Common UL=Random CC=9 f1=9 f2=9 (dist=0)
  BKN1 SCH/HD  MAC-RESOURCE  addr=NULL LI=2 (2 octets)
  BKN2 SCH/HD  MAC-BROADCAST  sub=SYSINFO
  BKN2 SCH/HD    Carrier=3719 Band=3 Duplex=0 HF=468 LocArea=1 DL=392.9875MHz

[#1132] SB   [TN=2 FN=06 MN=56] corr=0.992  SB1 CRC OK [TMO] MCC=262 MNC=1010 CC=1 FN(air)=6 MF(air)=56 TN(air)=1 → TN=2 FN=06 MN=56
  BKN2  MAC-BROADCAST  sub=SYSINFO
  BKN2    Carrier=3719 Band=3 Duplex=0 HF=468 LocArea=1 DL=392.9875MHz
  AACH  [CapAlloc] f1=0 f2=0 raw=0x3000 (dist=0)

[#1133] SB   [TN=3 FN=06 MN=56] corr=0.993  SB1 CRC OK [TMO] MCC=262 MNC=1010 CC=1 FN(air)=6 MF(air)=56 TN(air)=2 → TN=3 FN=06 MN=56
  BKN2  MAC-BROADCAST  sub=SYSINFO
  BKN2    Carrier=3719 Band=3 Duplex=0 HF=468 LocArea=1 DL=392.9875MHz
  AACH  [CapAlloc] f1=0 f2=0 raw=0x3000 (dist=0)

[#1134] SB   [TN=4 FN=06 MN=56] corr=0.994  SB1 CRC OK [TMO] MCC=262 MNC=1010 CC=1 FN(air)=6 MF(air)=56 TN(air)=3 → TN=4 FN=06 MN=56
  BKN2  MAC-BROADCAST  sub=SYSINFO
  BKN2    Carrier=3719 Band=3 Duplex=0 HF=468 LocArea=1 DL=392.9875MHz
  AACH  [CapAlloc] f1=0 f2=0 raw=0x3000 (dist=0)

[#1135] NDB2  [TN=1 FN=07 MN=56] corr=0.996  AACH  [DL/UL-Assign] DL=Common UL=Random CC=9 f1=9 f2=9 (dist=0)
  BKN1 SCH/HD  MAC-RESOURCE  addr=NULL LI=2 (2 octets)
  BKN2 SCH/HD  MAC-BROADCAST  sub=SYSINFO
  BKN2 SCH/HD    Carrier=3719 Band=3 Duplex=0 HF=468 LocArea=1 DL=392.9875MHz

[#1136] SB   [TN=2 FN=07 MN=56] corr=0.992  SB1 CRC OK [TMO] MCC=262 MNC=1010 CC=1 FN(air)=7 MF(air)=56 TN(air)=1 → TN=2 FN=07 MN=56
  BKN2  MAC-BROADCAST  sub=SYSINFO
  BKN2    Carrier=3719 Band=3 Duplex=0 HF=468 LocArea=1 DL=392.9875MHz
  AACH  [CapAlloc] f1=0 f2=0 raw=0x3000 (dist=0)

[#1137] SB   [TN=3 FN=07 MN=56] corr=0.993  SB1 CRC OK [TMO] MCC=262 MNC=1010 CC=1 FN(air)=7 MF(air)=56 TN(air)=2 → TN=3 FN=07 MN=56
  BKN2  MAC-BROADCAST  sub=SYSINFO
  BKN2    Carrier=3719 Band=3 Duplex=0 HF=468 LocArea=1 DL=392.9875MHz
  AACH  [CapAlloc] f1=0 f2=0 raw=0x3000 (dist=0)

[#1138] SB   [TN=4 FN=07 MN=56] corr=0.995  SB1 CRC OK [TMO] MCC=262 MNC=1010 CC=1 FN(air)=7 MF(air)=56 TN(air)=3 → TN=4 FN=07 MN=56
  BKN2  MAC-BROADCAST  sub=SYSINFO
  BKN2    Carrier=3719 Band=3 Duplex=0 HF=468 LocArea=1 DL=392.9875MHz
  AACH  [CapAlloc] f1=0 f2=0 raw=0x3000 (dist=0)

[#1139] NDB2  [TN=1 FN=08 MN=56] corr=0.995  AACH  [DL/UL-Assign] DL=Common UL=Random CC=9 f1=9 f2=9 (dist=0)
  BKN1 SCH/HD  MAC-RESOURCE  addr=NULL LI=2 (2 octets)
  BKN2 SCH/HD  MAC-BROADCAST  sub=SYSINFO
  BKN2 SCH/HD    Carrier=3719 Band=3 Duplex=0 HF=468 LocArea=1 DL=392.9875MHz

[#1140] SB   [TN=2 FN=08 MN=56] corr=0.994  SB1 CRC OK [TMO] MCC=262 MNC=1010 CC=1 FN(air)=8 MF(air)=56 TN(air)=1 → TN=2 FN=08 MN=56
  BKN2  MAC-BROADCAST  sub=SYSINFO
  BKN2    Carrier=3719 Band=3 Duplex=0 HF=468 LocArea=1 DL=392.9875MHz
  AACH  [CapAlloc] f1=0 f2=0 raw=0x3000 (dist=0)

[#1141] SB   [TN=3 FN=08 MN=56] corr=0.993  SB1 CRC OK [TMO] MCC=262 MNC=1010 CC=1 FN(air)=8 MF(air)=56 TN(air)=2 → TN=3 FN=08 MN=56
  BKN2  MAC-BROADCAST  sub=SYSINFO
  BKN2    Carrier=3719 Band=3 Duplex=0 HF=468 LocArea=1 DL=392.9875MHz
  AACH  [CapAlloc] f1=0 f2=0 raw=0x3000 (dist=0)

[#1142] SB   [TN=4 FN=08 MN=56] corr=0.992  SB1 CRC OK [TMO] MCC=262 MNC=1010 CC=1 FN(air)=8 MF(air)=56 TN(air)=3 → TN=4 FN=08 MN=56
  BKN2  MAC-BROADCAST  sub=SYSINFO
  BKN2    Carrier=3719 Band=3 Duplex=0 HF=468 LocArea=1 DL=392.9875MHz
  AACH  [CapAlloc] f1=0 f2=0 raw=0x3000 (dist=0)

[#1143] NDB2  [TN=1 FN=09 MN=56] corr=0.995  AACH  [DL/UL-Assign] DL=Common UL=Random CC=9 f1=9 f2=9 (dist=0)
  BKN1 SCH/HD  MAC-RESOURCE  addr=NULL LI=2 (2 octets)
  BKN2 SCH/HD  MAC-BROADCAST  sub=SYSINFO
  BKN2 SCH/HD    Carrier=3719 Band=3 Duplex=0 HF=468 LocArea=1 DL=392.9875MHz

[#1144] SB   [TN=2 FN=09 MN=56] corr=0.994  SB1 CRC OK [TMO] MCC=262 MNC=1010 CC=1 FN(air)=9 MF(air)=56 TN(air)=1 → TN=2 FN=09 MN=56
  BKN2  MAC-BROADCAST  sub=SYSINFO
  BKN2    Carrier=3719 Band=3 Duplex=0 HF=468 LocArea=1 DL=392.9875MHz
  AACH  [CapAlloc] f1=0 f2=0 raw=0x3000 (dist=0)

[#1145] SB   [TN=3 FN=09 MN=56] corr=0.993  SB1 CRC OK [TMO] MCC=262 MNC=1010 CC=1 FN(air)=9 MF(air)=56 TN(air)=2 → TN=3 FN=09 MN=56
  BKN2  MAC-BROADCAST  sub=SYSINFO
  BKN2    Carrier=3719 Band=3 Duplex=0 HF=468 LocArea=1 DL=392.9875MHz
  AACH  [CapAlloc] f1=0 f2=0 raw=0x3000 (dist=0)

[#1146] SB   [TN=4 FN=09 MN=56] corr=0.992  SB1 CRC OK [TMO] MCC=262 MNC=1010 CC=1 FN(air)=9 MF(air)=56 TN(air)=3 → TN=4 FN=09 MN=56
  BKN2  MAC-BROADCAST  sub=SYSINFO
  BKN2    Carrier=3719 Band=3 Duplex=0 HF=468 LocArea=1 DL=392.9875MHz
  AACH  [CapAlloc] f1=0 f2=0 raw=0x3000 (dist=0)

[#1147] NDB2  [TN=1 FN=10 MN=56] corr=0.996  AACH  [DL/UL-Assign] DL=Common UL=Random CC=9 f1=9 f2=9 (dist=0)
  BKN1 SCH/HD  MAC-RESOURCE  addr=NULL LI=2 (2 octets)
  BKN2 SCH/HD  MAC-BROADCAST  sub=SYSINFO
  BKN2 SCH/HD    Carrier=3719 Band=3 Duplex=0 HF=468 LocArea=1 DL=392.9875MHz

[#1148] SB   [TN=2 FN=10 MN=56] corr=0.992  SB1 CRC OK [TMO] MCC=262 MNC=1010 CC=1 FN(air)=10 MF(air)=56 TN(air)=1 → TN=2 FN=10 MN=56
  BKN2  MAC-BROADCAST  sub=SYSINFO
  BKN2    Carrier=3719 Band=3 Duplex=0 HF=468 LocArea=1 DL=392.9875MHz
  AACH  [CapAlloc] f1=0 f2=0 raw=0x3000 (dist=0)

[#1149] SB   [TN=3 FN=10 MN=56] corr=0.993  SB1 CRC OK [TMO] MCC=262 MNC=1010 CC=1 FN(air)=10 MF(air)=56 TN(air)=2 → TN=3 FN=10 MN=56
  BKN2  MAC-BROADCAST  sub=SYSINFO
  BKN2    Carrier=3719 Band=3 Duplex=0 HF=468 LocArea=1 DL=392.9875MHz
  AACH  [CapAlloc] f1=0 f2=0 raw=0x3000 (dist=0)

[#1150] SB   [TN=4 FN=10 MN=56] corr=0.995  SB1 CRC OK [TMO] MCC=262 MNC=1010 CC=1 FN(air)=10 MF(air)=56 TN(air)=3 → TN=4 FN=10 MN=56
  BKN2  MAC-BROADCAST  sub=SYSINFO
  BKN2    Carrier=3719 Band=3 Duplex=0 HF=468 LocArea=1 DL=392.9875MHz
  AACH  [CapAlloc] f1=0 f2=0 raw=0x3000 (dist=0)

[#1151] NDB2  [TN=1 FN=11 MN=56] corr=0.996  AACH  [DL/UL-Assign] DL=Common UL=Random CC=9 f1=9 f2=9 (dist=0)
  BKN1 SCH/HD  MAC-RESOURCE  addr=NULL LI=2 (2 octets)
  BKN2 SCH/HD  MAC-BROADCAST  sub=SYSINFO
  BKN2 SCH/HD    Carrier=3719 Band=3 Duplex=0 HF=468 LocArea=1 DL=392.9875MHz

[#1152] SB   [TN=2 FN=11 MN=56] corr=0.991  SB1 CRC OK [TMO] MCC=262 MNC=1010 CC=1 FN(air)=11 MF(air)=56 TN(air)=1 → TN=2 FN=11 MN=56
  BKN2  MAC-BROADCAST  sub=SYSINFO
  BKN2    Carrier=3719 Band=3 Duplex=0 HF=468 LocArea=1 DL=392.9875MHz
  AACH  [CapAlloc] f1=0 f2=0 raw=0x3000 (dist=0)

[#1153] SB   [TN=3 FN=11 MN=56] corr=0.994  SB1 CRC OK [TMO] MCC=262 MNC=1010 CC=1 FN(air)=11 MF(air)=56 TN(air)=2 → TN=3 FN=11 MN=56
  BKN2  MAC-BROADCAST  sub=SYSINFO
  BKN2    Carrier=3719 Band=3 Duplex=0 HF=468 LocArea=1 DL=392.9875MHz
  AACH  [CapAlloc] f1=0 f2=0 raw=0x3000 (dist=0)

[#1154] SB   [TN=4 FN=11 MN=56] corr=0.995  SB1 CRC OK [TMO] MCC=262 MNC=1010 CC=1 FN(air)=11 MF(air)=56 TN(air)=3 → TN=4 FN=11 MN=56
  BKN2  MAC-BROADCAST  sub=SYSINFO
  BKN2    Carrier=3719 Band=3 Duplex=0 HF=468 LocArea=1 DL=392.9875MHz
  AACH  [CapAlloc] f1=0 f2=0 raw=0x3000 (dist=0)

[#1155] NDB2  [TN=1 FN=12 MN=56] corr=0.995  AACH  [DL/UL-Assign] DL=Common UL=Random CC=9 f1=9 f2=9 (dist=0)
  BKN1 SCH/HD  MAC-RESOURCE  addr=NULL LI=2 (2 octets)
  BKN2 SCH/HD  MAC-BROADCAST  sub=SYSINFO
  BKN2 SCH/HD    Carrier=3719 Band=3 Duplex=0 HF=468 LocArea=1 DL=392.9875MHz

[#1156] SB   [TN=2 FN=12 MN=56] corr=0.995  SB1 CRC OK [TMO] MCC=262 MNC=1010 CC=1 FN(air)=12 MF(air)=56 TN(air)=1 → TN=2 FN=12 MN=56
  BKN2  MAC-BROADCAST  sub=SYSINFO
  BKN2    Carrier=3719 Band=3 Duplex=0 HF=468 LocArea=1 DL=392.9875MHz
  AACH  [CapAlloc] f1=0 f2=0 raw=0x3000 (dist=0)

[#1157] SB   [TN=3 FN=12 MN=56] corr=0.993  SB1 CRC OK [TMO] MCC=262 MNC=1010 CC=1 FN(air)=12 MF(air)=56 TN(air)=2 → TN=3 FN=12 MN=56
  BKN2  MAC-BROADCAST  sub=SYSINFO
  BKN2    Carrier=3719 Band=3 Duplex=0 HF=468 LocArea=1 DL=392.9875MHz
  AACH  [CapAlloc] f1=0 f2=0 raw=0x3000 (dist=0)

[#1158] SB   [TN=4 FN=12 MN=56] corr=0.992  SB1 CRC OK [TMO] MCC=262 MNC=1010 CC=1 FN(air)=12 MF(air)=56 TN(air)=3 → TN=4 FN=12 MN=56
  BKN2  MAC-BROADCAST  sub=SYSINFO
  BKN2    Carrier=3719 Band=3 Duplex=0 HF=468 LocArea=1 DL=392.9875MHz
  AACH  [CapAlloc] f1=0 f2=0 raw=0x3000 (dist=0)

[#1159] NDB2  [TN=1 FN=13 MN=56] corr=0.994  AACH  [DL/UL-Assign] DL=Common UL=Random CC=9 f1=9 f2=9 (dist=0)
  BKN1 SCH/HD  MAC-RESOURCE  addr=NULL LI=2 (2 octets)
  BKN2 SCH/HD  MAC-BROADCAST  sub=SYSINFO
  BKN2 SCH/HD    Carrier=3719 Band=3 Duplex=0 HF=468 LocArea=1 DL=392.9875MHz

[#1160] SB   [TN=2 FN=13 MN=56] corr=0.994  SB1 CRC OK [TMO] MCC=262 MNC=1010 CC=1 FN(air)=13 MF(air)=56 TN(air)=1 → TN=2 FN=13 MN=56
  BKN2  MAC-BROADCAST  sub=SYSINFO
  BKN2    Carrier=3719 Band=3 Duplex=0 HF=468 LocArea=1 DL=392.9875MHz
  AACH  [CapAlloc] f1=0 f2=0 raw=0x3000 (dist=0)

[#1161] SB   [TN=3 FN=13 MN=56] corr=0.993  SB1 CRC OK [TMO] MCC=262 MNC=1010 CC=1 FN(air)=13 MF(air)=56 TN(air)=2 → TN=3 FN=13 MN=56
  BKN2  MAC-BROADCAST  sub=SYSINFO
  BKN2    Carrier=3719 Band=3 Duplex=0 HF=468 LocArea=1 DL=392.9875MHz
  AACH  [CapAlloc] f1=0 f2=0 raw=0x3000 (dist=0)

[#1162] SB   [TN=4 FN=13 MN=56] corr=0.992  SB1 CRC OK [TMO] MCC=262 MNC=1010 CC=1 FN(air)=13 MF(air)=56 TN(air)=3 → TN=4 FN=13 MN=56
  BKN2  MAC-BROADCAST  sub=SYSINFO
  BKN2    Carrier=3719 Band=3 Duplex=0 HF=468 LocArea=1 DL=392.9875MHz
  AACH  [CapAlloc] f1=0 f2=0 raw=0x3000 (dist=0)

[#1163] NDB2  [TN=1 FN=14 MN=56] corr=0.996  AACH  [DL/UL-Assign] DL=Common UL=Random CC=9 f1=9 f2=9 (dist=0)
  BKN1 SCH/HD  MAC-RESOURCE  addr=NULL LI=2 (2 octets)
  BKN2 SCH/HD  MAC-BROADCAST  sub=SYSINFO
  BKN2 SCH/HD    Carrier=3719 Band=3 Duplex=0 HF=468 LocArea=1 DL=392.9875MHz

[#1164] SB   [TN=2 FN=14 MN=56] corr=0.992  SB1 CRC OK [TMO] MCC=262 MNC=1010 CC=1 FN(air)=14 MF(air)=56 TN(air)=1 → TN=2 FN=14 MN=56
  BKN2  MAC-BROADCAST  sub=SYSINFO
  BKN2    Carrier=3719 Band=3 Duplex=0 HF=468 LocArea=1 DL=392.9875MHz
  AACH  [CapAlloc] f1=0 f2=0 raw=0x3000 (dist=0)

[#1165] SB   [TN=3 FN=14 MN=56] corr=0.993  SB1 CRC OK [TMO] MCC=262 MNC=1010 CC=1 FN(air)=14 MF(air)=56 TN(air)=2 → TN=3 FN=14 MN=56
  BKN2  MAC-BROADCAST  sub=SYSINFO
  BKN2    Carrier=3719 Band=3 Duplex=0 HF=468 LocArea=1 DL=392.9875MHz
  AACH  [CapAlloc] f1=0 f2=0 raw=0x3000 (dist=0)

[#1166] SB   [TN=4 FN=14 MN=56] corr=0.994  SB1 CRC OK [TMO] MCC=262 MNC=1010 CC=1 FN(air)=14 MF(air)=56 TN(air)=3 → TN=4 FN=14 MN=56
  BKN2  MAC-BROADCAST  sub=SYSINFO
  BKN2    Carrier=3719 Band=3 Duplex=0 HF=468 LocArea=1 DL=392.9875MHz
  AACH  [CapAlloc] f1=0 f2=0 raw=0x3000 (dist=0)

[#1167] NDB2  [TN=1 FN=15 MN=56] corr=0.996  AACH  [DL/UL-Assign] DL=Common UL=Random CC=9 f1=9 f2=9 (dist=0)
  BKN1 SCH/HD  MAC-RESOURCE  addr=NULL LI=2 (2 octets)
  BKN2 SCH/HD  MAC-BROADCAST  sub=SYSINFO
  BKN2 SCH/HD    Carrier=3719 Band=3 Duplex=0 HF=468 LocArea=1 DL=392.9875MHz

[#1168] SB   [TN=2 FN=15 MN=56] corr=0.992  SB1 CRC OK [TMO] MCC=262 MNC=1010 CC=1 FN(air)=15 MF(air)=56 TN(air)=1 → TN=2 FN=15 MN=56
  BKN2  MAC-BROADCAST  sub=SYSINFO
  BKN2    Carrier=3719 Band=3 Duplex=0 HF=468 LocArea=1 DL=392.9875MHz
  AACH  [CapAlloc] f1=0 f2=0 raw=0x3000 (dist=0)

[#1169] SB   [TN=3 FN=15 MN=56] corr=0.993  SB1 CRC OK [TMO] MCC=262 MNC=1010 CC=1 FN(air)=15 MF(air)=56 TN(air)=2 → TN=3 FN=15 MN=56
  BKN2  MAC-BROADCAST  sub=SYSINFO
  BKN2    Carrier=3719 Band=3 Duplex=0 HF=468 LocArea=1 DL=392.9875MHz
  AACH  [CapAlloc] f1=0 f2=0 raw=0x3000 (dist=0)

[#1170] SB   [TN=4 FN=15 MN=56] corr=0.994  SB1 CRC OK [TMO] MCC=262 MNC=1010 CC=1 FN(air)=15 MF(air)=56 TN(air)=3 → TN=4 FN=15 MN=56
  BKN2  MAC-BROADCAST  sub=SYSINFO
  BKN2    Carrier=3719 Band=3 Duplex=0 HF=468 LocArea=1 DL=392.9875MHz
  AACH  [CapAlloc] f1=0 f2=0 raw=0x3000 (dist=0)

[#1171] NDB2  [TN=1 FN=16 MN=56] corr=0.994  AACH  [DL/UL-Assign] DL=Common UL=Random CC=9 f1=9 f2=9 (dist=0)
  BKN1 SCH/HD  MAC-RESOURCE  addr=NULL LI=2 (2 octets)
  BKN2 SCH/HD  MAC-BROADCAST  sub=SYSINFO
  BKN2 SCH/HD    Carrier=3719 Band=3 Duplex=0 HF=468 LocArea=1 DL=392.9875MHz

[#1172] SB   [TN=2 FN=16 MN=56] corr=0.994  SB1 CRC OK [TMO] MCC=262 MNC=1010 CC=1 FN(air)=16 MF(air)=56 TN(air)=1 → TN=2 FN=16 MN=56
  BKN2  MAC-BROADCAST  sub=SYSINFO
  BKN2    Carrier=3719 Band=3 Duplex=0 HF=468 LocArea=1 DL=392.9875MHz
  AACH  [CapAlloc] f1=0 f2=0 raw=0x3000 (dist=0)

[#1173] SB   [TN=3 FN=16 MN=56] corr=0.993  SB1 CRC OK [TMO] MCC=262 MNC=1010 CC=1 FN(air)=16 MF(air)=56 TN(air)=2 → TN=3 FN=16 MN=56
  BKN2  MAC-BROADCAST  sub=SYSINFO
  BKN2    Carrier=3719 Band=3 Duplex=0 HF=468 LocArea=1 DL=392.9875MHz
  AACH  [CapAlloc] f1=0 f2=0 raw=0x3000 (dist=0)

[#1174] SB   [TN=4 FN=16 MN=56] corr=0.991  SB1 CRC OK [TMO] MCC=262 MNC=1010 CC=1 FN(air)=16 MF(air)=56 TN(air)=3 → TN=4 FN=16 MN=56
  BKN2  MAC-BROADCAST  sub=SYSINFO
  BKN2    Carrier=3719 Band=3 Duplex=0 HF=468 LocArea=1 DL=392.9875MHz
  AACH  [CapAlloc] f1=0 f2=0 raw=0x3000 (dist=0)

[#1175] NDB2  [TN=1 FN=17 MN=56] corr=0.995  AACH  [DL/UL-Assign] DL=Common UL=Random CC=9 f1=9 f2=9 (dist=0)
  BKN1 SCH/HD  MAC-RESOURCE  addr=NULL LI=2 (2 octets)
  BKN2 SCH/HD  MAC-BROADCAST  sub=SYSINFO
  BKN2 SCH/HD    Carrier=3719 Band=3 Duplex=0 HF=468 LocArea=1 DL=392.9875MHz

[#1176] SB   [TN=2 FN=17 MN=56] corr=0.994  SB1 CRC OK [TMO] MCC=262 MNC=1010 CC=1 FN(air)=17 MF(air)=56 TN(air)=1 → TN=2 FN=17 MN=56
  BKN2  MAC-BROADCAST  sub=SYSINFO
  BKN2    Carrier=3719 Band=3 Duplex=0 HF=468 LocArea=1 DL=392.9875MHz
  AACH  [CapAlloc] f1=0 f2=0 raw=0x3000 (dist=0)

[#1177] SB   [TN=3 FN=17 MN=56] corr=0.994  SB1 CRC OK [TMO] MCC=262 MNC=1010 CC=1 FN(air)=17 MF(air)=56 TN(air)=2 → TN=3 FN=17 MN=56
  BKN2  MAC-BROADCAST  sub=SYSINFO
  BKN2    Carrier=3719 Band=3 Duplex=0 HF=468 LocArea=1 DL=392.9875MHz
  AACH  [CapAlloc] f1=0 f2=0 raw=0x3000 (dist=0)

[#1178] SB   [TN=4 FN=17 MN=56] corr=0.992  SB1 CRC OK [TMO] MCC=262 MNC=1010 CC=1 FN(air)=17 MF(air)=56 TN(air)=3 → TN=4 FN=17 MN=56
  BKN2  MAC-BROADCAST  sub=SYSINFO
  BKN2    Carrier=3719 Band=3 Duplex=0 HF=468 LocArea=1 DL=392.9875MHz
  AACH  [CapAlloc] f1=0 f2=0 raw=0x3000 (dist=0)

[#1179] NDB2  [TN=1 FN=18 MN=56 BNCH] corr=0.996  AACH  [DL/UL-Assign] DL=Common UL=Random CC=9 f1=9 f2=9 (dist=0)
  BKN1 SCH/HD  MAC-RESOURCE  addr=NULL LI=2 (2 octets)
  BKN2 BNCH  {'Mode': 'DMO', 'Sync_PDU_type': 8, 'SystemCode': 8, 'ColourCode': 58, 'TimeSlot': 0, 'Frame': 14, 'AirInterfaceEnc': 1, 'MNI': 14709379, 'SourceAddress': 468}

[#1180] SB   [TN=2 FN=18 MN=56] corr=0.992  SB1 CRC OK [TMO] MCC=262 MNC=1010 CC=1 FN(air)=18 MF(air)=56 TN(air)=1 → TN=2 FN=18 MN=56
  BKN2  MAC-BROADCAST  sub=SYSINFO
  BKN2    Carrier=3719 Band=3 Duplex=0 HF=468 LocArea=1 DL=392.9875MHz
  AACH  [DL/UL-Assign] DL=Unalloc UL=Random CC=0 f1=1 f2=0 (dist=0)

[#1181] SB   [TN=3 FN=18 MN=56 BSCH] corr=0.991  SB1 CRC OK [TMO] MCC=262 MNC=1010 CC=1 FN(air)=18 MF(air)=56 TN(air)=2 → TN=3 FN=18 MN=56 BSCH
  BKN2  MAC-BROADCAST  sub=SYSINFO
  BKN2    Carrier=3719 Band=3 Duplex=0 HF=468 LocArea=1 DL=392.9875MHz
  AACH  [DL/UL-Assign] DL=Unalloc UL=Random CC=0 f1=1 f2=0 (dist=0)

[#1182] SB   [TN=4 FN=18 MN=56] corr=0.991  SB1 CRC OK [TMO] MCC=262 MNC=1010 CC=1 FN(air)=18 MF(air)=56 TN(air)=3 → TN=4 FN=18 MN=56
  BKN2  MAC-BROADCAST  sub=SYSINFO
  BKN2    Carrier=3719 Band=3 Duplex=0 HF=468 LocArea=1 DL=392.9875MHz
  AACH  [DL/UL-Assign] DL=Unalloc UL=Random CC=0 f1=1 f2=0 (dist=0)

[#1183] NDB2  [TN=1 FN=01 MN=57] corr=0.996  AACH  [DL/UL-Assign] DL=Common UL=Random CC=9 f1=9 f2=9 (dist=0)
  BKN1 SCH/HD  MAC-RESOURCE  addr=NULL LI=2 (2 octets)
  BKN2 SCH/HD  MAC-BROADCAST  sub=SYSINFO
  BKN2 SCH/HD    Carrier=3719 Band=3 Duplex=0 HF=468 LocArea=1 DL=392.9875MHz

[#1184] SB   [TN=2 FN=01 MN=57] corr=0.995  SB1 CRC OK [TMO] MCC=262 MNC=1010 CC=1 FN(air)=1 MF(air)=57 TN(air)=1 → TN=2 FN=01 MN=57
  BKN2  MAC-BROADCAST  sub=SYSINFO
  BKN2    Carrier=3719 Band=3 Duplex=0 HF=468 LocArea=1 DL=392.9875MHz
  AACH  [CapAlloc] f1=0 f2=0 raw=0x3000 (dist=0)

[#1185] SB   [TN=3 FN=01 MN=57] corr=0.995  SB1 CRC OK [TMO] MCC=262 MNC=1010 CC=1 FN(air)=1 MF(air)=57 TN(air)=2 → TN=3 FN=01 MN=57
  BKN2  MAC-BROADCAST  sub=SYSINFO
  BKN2    Carrier=3719 Band=3 Duplex=0 HF=468 LocArea=1 DL=392.9875MHz
  AACH  [CapAlloc] f1=0 f2=0 raw=0x3000 (dist=0)

[#1186] SB   [TN=4 FN=01 MN=57] corr=0.994  SB1 CRC OK [TMO] MCC=262 MNC=1010 CC=1 FN(air)=1 MF(air)=57 TN(air)=3 → TN=4 FN=01 MN=57
  BKN2  MAC-BROADCAST  sub=SYSINFO
  BKN2    Carrier=3719 Band=3 Duplex=0 HF=468 LocArea=1 DL=392.9875MHz
  AACH  [CapAlloc] f1=0 f2=0 raw=0x3000 (dist=0)

[#1187] NDB2  [TN=1 FN=02 MN=57] corr=0.993  AACH  [DL/UL-Assign] DL=Common UL=Random CC=9 f1=9 f2=9 (dist=0)
  BKN1 SCH/HD  MAC-RESOURCE  addr=NULL LI=2 (2 octets)
  BKN2 SCH/HD  MAC-BROADCAST  sub=SYSINFO
  BKN2 SCH/HD    Carrier=3719 Band=3 Duplex=0 HF=468 LocArea=1 DL=392.9875MHz

[#1188] SB   [TN=2 FN=02 MN=57] corr=0.994  SB1 CRC OK [TMO] MCC=262 MNC=1010 CC=1 FN(air)=2 MF(air)=57 TN(air)=1 → TN=2 FN=02 MN=57
  BKN2  MAC-BROADCAST  sub=SYSINFO
  BKN2    Carrier=3719 Band=3 Duplex=0 HF=468 LocArea=1 DL=392.9875MHz
  AACH  [CapAlloc] f1=0 f2=0 raw=0x3000 (dist=0)

[#1189] SB   [TN=3 FN=02 MN=57] corr=0.995  SB1 CRC OK [TMO] MCC=262 MNC=1010 CC=1 FN(air)=2 MF(air)=57 TN(air)=2 → TN=3 FN=02 MN=57
  BKN2  MAC-BROADCAST  sub=SYSINFO
  BKN2    Carrier=3719 Band=3 Duplex=0 HF=468 LocArea=1 DL=392.9875MHz
  AACH  [CapAlloc] f1=0 f2=0 raw=0x3000 (dist=0)

[#1190] SB   [TN=4 FN=02 MN=57] corr=0.994  SB1 CRC OK [TMO] MCC=262 MNC=1010 CC=1 FN(air)=2 MF(air)=57 TN(air)=3 → TN=4 FN=02 MN=57
  BKN2  MAC-BROADCAST  sub=SYSINFO
  BKN2    Carrier=3719 Band=3 Duplex=0 HF=468 LocArea=1 DL=392.9875MHz
  AACH  [CapAlloc] f1=0 f2=0 raw=0x3000 (dist=0)

[#1191] NDB2  [TN=1 FN=03 MN=57] corr=0.994  AACH  [DL/UL-Assign] DL=Common UL=Random CC=9 f1=9 f2=9 (dist=0)
  BKN1 SCH/HD  MAC-RESOURCE  addr=NULL LI=2 (2 octets)
  BKN2 SCH/HD  MAC-BROADCAST  sub=SYSINFO
  BKN2 SCH/HD    Carrier=3719 Band=3 Duplex=0 HF=468 LocArea=1 DL=392.9875MHz

[#1192] SB   [TN=2 FN=03 MN=57] corr=0.992  SB1 CRC OK [TMO] MCC=262 MNC=1010 CC=1 FN(air)=3 MF(air)=57 TN(air)=1 → TN=2 FN=03 MN=57
  BKN2  MAC-BROADCAST  sub=SYSINFO
  BKN2    Carrier=3719 Band=3 Duplex=0 HF=468 LocArea=1 DL=392.9875MHz
  AACH  [CapAlloc] f1=0 f2=0 raw=0x3000 (dist=0)

[#1193] SB   [TN=3 FN=03 MN=57] corr=0.991  SB1 CRC OK [TMO] MCC=262 MNC=1010 CC=1 FN(air)=3 MF(air)=57 TN(air)=2 → TN=3 FN=03 MN=57
  BKN2  MAC-BROADCAST  sub=SYSINFO
  BKN2    Carrier=3719 Band=3 Duplex=0 HF=468 LocArea=1 DL=392.9875MHz
  AACH  [CapAlloc] f1=0 f2=0 raw=0x3000 (dist=0)

[#1194] SB   [TN=4 FN=03 MN=57] corr=0.991  SB1 CRC OK [TMO] MCC=262 MNC=1010 CC=1 FN(air)=3 MF(air)=57 TN(air)=3 → TN=4 FN=03 MN=57
  BKN2  MAC-BROADCAST  sub=SYSINFO
  BKN2    Carrier=3719 Band=3 Duplex=0 HF=468 LocArea=1 DL=392.9875MHz
  AACH  [CapAlloc] f1=0 f2=0 raw=0x3000 (dist=0)

[#1195] NDB2  [TN=1 FN=04 MN=57] corr=0.996  AACH  [DL/UL-Assign] DL=Common UL=Random CC=9 f1=9 f2=9 (dist=0)
  BKN1 SCH/HD  MAC-RESOURCE  addr=NULL LI=2 (2 octets)
  BKN2 SCH/HD  MAC-BROADCAST  sub=SYSINFO
  BKN2 SCH/HD    Carrier=3719 Band=3 Duplex=0 HF=468 LocArea=1 DL=392.9875MHz

[#1196] SB   [TN=2 FN=04 MN=57] corr=0.992  SB1 CRC OK [TMO] MCC=262 MNC=1010 CC=1 FN(air)=4 MF(air)=57 TN(air)=1 → TN=2 FN=04 MN=57
  BKN2  MAC-BROADCAST  sub=SYSINFO
  BKN2    Carrier=3719 Band=3 Duplex=0 HF=468 LocArea=1 DL=392.9875MHz
  AACH  [CapAlloc] f1=0 f2=0 raw=0x3000 (dist=0)

[#1197] SB   [TN=3 FN=04 MN=57] corr=0.991  SB1 CRC OK [TMO] MCC=262 MNC=1010 CC=1 FN(air)=4 MF(air)=57 TN(air)=2 → TN=3 FN=04 MN=57
  BKN2  MAC-BROADCAST  sub=SYSINFO
  BKN2    Carrier=3719 Band=3 Duplex=0 HF=468 LocArea=1 DL=392.9875MHz
  AACH  [CapAlloc] f1=0 f2=0 raw=0x3000 (dist=0)

[#1198] SB   [TN=4 FN=04 MN=57] corr=0.992  SB1 CRC OK [TMO] MCC=262 MNC=1010 CC=1 FN(air)=4 MF(air)=57 TN(air)=3 → TN=4 FN=04 MN=57
  BKN2  MAC-BROADCAST  sub=SYSINFO
  BKN2    Carrier=3719 Band=3 Duplex=0 HF=468 LocArea=1 DL=392.9875MHz
  AACH  [CapAlloc] f1=0 f2=0 raw=0x3000 (dist=0)

[#1199] NDB2  [TN=1 FN=05 MN=57] corr=0.997  AACH  [DL/UL-Assign] DL=Common UL=Random CC=9 f1=9 f2=9 (dist=0)
  BKN1 SCH/HD  MAC-RESOURCE  addr=NULL LI=2 (2 octets)
  BKN2 SCH/HD  MAC-BROADCAST  sub=SYSINFO
  BKN2 SCH/HD    Carrier=3719 Band=3 Duplex=0 HF=468 LocArea=1 DL=392.9875MHz
  [progress] MER=0.0%  BER(EMA)=0.0000

[#1200] SB   [TN=2 FN=05 MN=57] corr=0.994  SB1 CRC OK [TMO] MCC=262 MNC=1010 CC=1 FN(air)=5 MF(air)=57 TN(air)=1 → TN=2 FN=05 MN=57
  BKN2  MAC-BROADCAST  sub=SYSINFO
  BKN2    Carrier=3719 Band=3 Duplex=0 HF=468 LocArea=1 DL=392.9875MHz
  AACH  [CapAlloc] f1=0 f2=0 raw=0x3000 (dist=0)

[#1201] SB   [TN=3 FN=05 MN=57] corr=0.995  SB1 CRC OK [TMO] MCC=262 MNC=1010 CC=1 FN(air)=5 MF(air)=57 TN(air)=2 → TN=3 FN=05 MN=57
  BKN2  MAC-BROADCAST  sub=SYSINFO
  BKN2    Carrier=3719 Band=3 Duplex=0 HF=468 LocArea=1 DL=392.9875MHz
  AACH  [CapAlloc] f1=0 f2=0 raw=0x3000 (dist=0)

[#1202] SB   [TN=4 FN=05 MN=57] corr=0.994  SB1 CRC OK [TMO] MCC=262 MNC=1010 CC=1 FN(air)=5 MF(air)=57 TN(air)=3 → TN=4 FN=05 MN=57
  BKN2  MAC-BROADCAST  sub=SYSINFO
  BKN2    Carrier=3719 Band=3 Duplex=0 HF=468 LocArea=1 DL=392.9875MHz
  AACH  [CapAlloc] f1=0 f2=0 raw=0x3000 (dist=0)

[#1203] NDB2  [TN=1 FN=06 MN=57] corr=0.994  AACH  [DL/UL-Assign] DL=Common UL=Random CC=9 f1=9 f2=9 (dist=0)
  BKN1 SCH/HD  MAC-RESOURCE  addr=NULL LI=2 (2 octets)
  BKN2 SCH/HD  MAC-BROADCAST  sub=SYSINFO
  BKN2 SCH/HD    Carrier=3719 Band=3 Duplex=0 HF=468 LocArea=1 DL=392.9875MHz

[#1204] SB   [TN=2 FN=06 MN=57] corr=0.994  SB1 CRC OK [TMO] MCC=262 MNC=1010 CC=1 FN(air)=6 MF(air)=57 TN(air)=1 → TN=2 FN=06 MN=57
  BKN2  MAC-BROADCAST  sub=SYSINFO
  BKN2    Carrier=3719 Band=3 Duplex=0 HF=468 LocArea=1 DL=392.9875MHz
  AACH  [CapAlloc] f1=0 f2=0 raw=0x3000 (dist=0)

[#1205] SB   [TN=3 FN=06 MN=57] corr=0.995  SB1 CRC OK [TMO] MCC=262 MNC=1010 CC=1 FN(air)=6 MF(air)=57 TN(air)=2 → TN=3 FN=06 MN=57
  BKN2  MAC-BROADCAST  sub=SYSINFO
  BKN2    Carrier=3719 Band=3 Duplex=0 HF=468 LocArea=1 DL=392.9875MHz
  AACH  [CapAlloc] f1=0 f2=0 raw=0x3000 (dist=0)

[#1206] SB   [TN=4 FN=06 MN=57] corr=0.994  SB1 CRC OK [TMO] MCC=262 MNC=1010 CC=1 FN(air)=6 MF(air)=57 TN(air)=3 → TN=4 FN=06 MN=57
  BKN2  MAC-BROADCAST  sub=SYSINFO
  BKN2    Carrier=3719 Band=3 Duplex=0 HF=468 LocArea=1 DL=392.9875MHz
  AACH  [CapAlloc] f1=0 f2=0 raw=0x3000 (dist=0)

[#1207] NDB2  [TN=1 FN=07 MN=57] corr=0.993  AACH  [DL/UL-Assign] DL=Common UL=Random CC=9 f1=9 f2=9 (dist=0)
  BKN1 SCH/HD  MAC-RESOURCE  addr=NULL LI=2 (2 octets)
  BKN2 SCH/HD  MAC-BROADCAST  sub=SYSINFO
  BKN2 SCH/HD    Carrier=3719 Band=3 Duplex=0 HF=468 LocArea=1 DL=392.9875MHz

[#1208] SB   [TN=2 FN=07 MN=57] corr=0.992  SB1 CRC OK [TMO] MCC=262 MNC=1010 CC=1 FN(air)=7 MF(air)=57 TN(air)=1 → TN=2 FN=07 MN=57
  BKN2  MAC-BROADCAST  sub=SYSINFO
  BKN2    Carrier=3719 Band=3 Duplex=0 HF=468 LocArea=1 DL=392.9875MHz
  AACH  [CapAlloc] f1=0 f2=0 raw=0x3000 (dist=0)

[#1209] SB   [TN=3 FN=07 MN=57] corr=0.991  SB1 CRC OK [TMO] MCC=262 MNC=1010 CC=1 FN(air)=7 MF(air)=57 TN(air)=2 → TN=3 FN=07 MN=57
  BKN2  MAC-BROADCAST  sub=SYSINFO
  BKN2    Carrier=3719 Band=3 Duplex=0 HF=468 LocArea=1 DL=392.9875MHz
  AACH  [CapAlloc] f1=0 f2=0 raw=0x3000 (dist=0)

[#1210] SB   [TN=4 FN=07 MN=57] corr=0.992  SB1 CRC OK [TMO] MCC=262 MNC=1010 CC=1 FN(air)=7 MF(air)=57 TN(air)=3 → TN=4 FN=07 MN=57
  BKN2  MAC-BROADCAST  sub=SYSINFO
  BKN2    Carrier=3719 Band=3 Duplex=0 HF=468 LocArea=1 DL=392.9875MHz
  AACH  [CapAlloc] f1=0 f2=0 raw=0x3000 (dist=0)

[#1211] NDB2  [TN=1 FN=08 MN=57] corr=0.997  AACH  [DL/UL-Assign] DL=Common UL=Random CC=9 f1=9 f2=9 (dist=0)
  BKN1 SCH/HD  MAC-RESOURCE  addr=NULL LI=2 (2 octets)
  BKN2 SCH/HD  MAC-BROADCAST  sub=SYSINFO
  BKN2 SCH/HD    Carrier=3719 Band=3 Duplex=0 HF=468 LocArea=1 DL=392.9875MHz

[#1212] SB   [TN=2 FN=08 MN=57] corr=0.991  SB1 CRC OK [TMO] MCC=262 MNC=1010 CC=1 FN(air)=8 MF(air)=57 TN(air)=1 → TN=2 FN=08 MN=57
  BKN2  MAC-BROADCAST  sub=SYSINFO
  BKN2    Carrier=3719 Band=3 Duplex=0 HF=468 LocArea=1 DL=392.9875MHz
  AACH  [CapAlloc] f1=0 f2=0 raw=0x3000 (dist=0)

[#1213] SB   [TN=3 FN=08 MN=57] corr=0.991  SB1 CRC OK [TMO] MCC=262 MNC=1010 CC=1 FN(air)=8 MF(air)=57 TN(air)=2 → TN=3 FN=08 MN=57
  BKN2  MAC-BROADCAST  sub=SYSINFO
  BKN2    Carrier=3719 Band=3 Duplex=0 HF=468 LocArea=1 DL=392.9875MHz
  AACH  [CapAlloc] f1=0 f2=0 raw=0x3000 (dist=0)

[#1214] SB   [TN=4 FN=08 MN=57] corr=0.992  SB1 CRC OK [TMO] MCC=262 MNC=1010 CC=1 FN(air)=8 MF(air)=57 TN(air)=3 → TN=4 FN=08 MN=57
  BKN2  MAC-BROADCAST  sub=SYSINFO
  BKN2    Carrier=3719 Band=3 Duplex=0 HF=468 LocArea=1 DL=392.9875MHz
  AACH  [CapAlloc] f1=0 f2=0 raw=0x3000 (dist=0)

[#1215] NDB2  [TN=1 FN=09 MN=57] corr=0.997  AACH  [DL/UL-Assign] DL=Common UL=Random CC=9 f1=9 f2=9 (dist=0)
  BKN1 SCH/HD  MAC-RESOURCE  addr=NULL LI=2 (2 octets)
  BKN2 SCH/HD  MAC-BROADCAST  sub=SYSINFO
  BKN2 SCH/HD    Carrier=3719 Band=3 Duplex=0 HF=468 LocArea=1 DL=392.9875MHz

[#1216] SB   [TN=2 FN=09 MN=57] corr=0.995  SB1 CRC OK [TMO] MCC=262 MNC=1010 CC=1 FN(air)=9 MF(air)=57 TN(air)=1 → TN=2 FN=09 MN=57
  BKN2  MAC-BROADCAST  sub=SYSINFO
  BKN2    Carrier=3719 Band=3 Duplex=0 HF=468 LocArea=1 DL=392.9875MHz
  AACH  [CapAlloc] f1=0 f2=0 raw=0x3000 (dist=0)

[#1217] SB   [TN=3 FN=09 MN=57] corr=0.995  SB1 CRC OK [TMO] MCC=262 MNC=1010 CC=1 FN(air)=9 MF(air)=57 TN(air)=2 → TN=3 FN=09 MN=57
  BKN2  MAC-BROADCAST  sub=SYSINFO
  BKN2    Carrier=3719 Band=3 Duplex=0 HF=468 LocArea=1 DL=392.9875MHz
  AACH  [CapAlloc] f1=0 f2=0 raw=0x3000 (dist=0)

[#1218] SB   [TN=4 FN=09 MN=57] corr=0.994  SB1 CRC OK [TMO] MCC=262 MNC=1010 CC=1 FN(air)=9 MF(air)=57 TN(air)=3 → TN=4 FN=09 MN=57
  BKN2  MAC-BROADCAST  sub=SYSINFO
  BKN2    Carrier=3719 Band=3 Duplex=0 HF=468 LocArea=1 DL=392.9875MHz
  AACH  [CapAlloc] f1=0 f2=0 raw=0x3000 (dist=0)

[#1219] NDB2  [TN=1 FN=10 MN=57] corr=0.994  AACH  [DL/UL-Assign] DL=Common UL=Random CC=9 f1=9 f2=9 (dist=0)
  BKN1 SCH/HD  MAC-RESOURCE  addr=NULL LI=2 (2 octets)
  BKN2 SCH/HD  MAC-BROADCAST  sub=SYSINFO
  BKN2 SCH/HD    Carrier=3719 Band=3 Duplex=0 HF=468 LocArea=1 DL=392.9875MHz

[#1220] SB   [TN=2 FN=10 MN=57] corr=0.994  SB1 CRC OK [TMO] MCC=262 MNC=1010 CC=1 FN(air)=10 MF(air)=57 TN(air)=1 → TN=2 FN=10 MN=57
  BKN2  MAC-BROADCAST  sub=SYSINFO
  BKN2    Carrier=3719 Band=3 Duplex=0 HF=468 LocArea=1 DL=392.9875MHz
  AACH  [CapAlloc] f1=0 f2=0 raw=0x3000 (dist=0)

[#1221] SB   [TN=3 FN=10 MN=57] corr=0.995  SB1 CRC OK [TMO] MCC=262 MNC=1010 CC=1 FN(air)=10 MF(air)=57 TN(air)=2 → TN=3 FN=10 MN=57
  BKN2  MAC-BROADCAST  sub=SYSINFO
  BKN2    Carrier=3719 Band=3 Duplex=0 HF=468 LocArea=1 DL=392.9875MHz
  AACH  [CapAlloc] f1=0 f2=0 raw=0x3000 (dist=0)

[#1222] SB   [TN=4 FN=10 MN=57] corr=0.995  SB1 CRC OK [TMO] MCC=262 MNC=1010 CC=1 FN(air)=10 MF(air)=57 TN(air)=3 → TN=4 FN=10 MN=57
  BKN2  MAC-BROADCAST  sub=SYSINFO
  BKN2    Carrier=3719 Band=3 Duplex=0 HF=468 LocArea=1 DL=392.9875MHz
  AACH  [CapAlloc] f1=0 f2=0 raw=0x3000 (dist=0)

[#1223] NDB2  [TN=1 FN=11 MN=57] corr=0.993  AACH  [DL/UL-Assign] DL=Common UL=Random CC=9 f1=9 f2=9 (dist=0)
  BKN1 SCH/HD  MAC-RESOURCE  addr=NULL LI=2 (2 octets)
  BKN2 SCH/HD  MAC-BROADCAST  sub=SYSINFO
  BKN2 SCH/HD    Carrier=3719 Band=3 Duplex=0 HF=468 LocArea=1 DL=392.9875MHz

[#1224] SB   [TN=2 FN=11 MN=57] corr=0.992  SB1 CRC OK [TMO] MCC=262 MNC=1010 CC=1 FN(air)=11 MF(air)=57 TN(air)=1 → TN=2 FN=11 MN=57
  BKN2  MAC-BROADCAST  sub=SYSINFO
  BKN2    Carrier=3719 Band=3 Duplex=0 HF=468 LocArea=1 DL=392.9875MHz
  AACH  [CapAlloc] f1=0 f2=0 raw=0x3000 (dist=0)

[#1225] SB   [TN=3 FN=11 MN=57] corr=0.991  SB1 CRC OK [TMO] MCC=262 MNC=1010 CC=1 FN(air)=11 MF(air)=57 TN(air)=2 → TN=3 FN=11 MN=57
  BKN2  MAC-BROADCAST  sub=SYSINFO
  BKN2    Carrier=3719 Band=3 Duplex=0 HF=468 LocArea=1 DL=392.9875MHz
  AACH  [CapAlloc] f1=0 f2=0 raw=0x3000 (dist=0)

[#1226] SB   [TN=4 FN=11 MN=57] corr=0.992  SB1 CRC OK [TMO] MCC=262 MNC=1010 CC=1 FN(air)=11 MF(air)=57 TN(air)=3 → TN=4 FN=11 MN=57
  BKN2  MAC-BROADCAST  sub=SYSINFO
  BKN2    Carrier=3719 Band=3 Duplex=0 HF=468 LocArea=1 DL=392.9875MHz
  AACH  [CapAlloc] f1=0 f2=0 raw=0x3000 (dist=0)

[#1227] NDB2  [TN=1 FN=12 MN=57] corr=0.997  AACH  [DL/UL-Assign] DL=Common UL=Random CC=9 f1=9 f2=9 (dist=0)
  BKN1 SCH/HD  MAC-RESOURCE  addr=NULL LI=2 (2 octets)
  BKN2 SCH/HD  MAC-BROADCAST  sub=SYSINFO
  BKN2 SCH/HD    Carrier=3719 Band=3 Duplex=0 HF=468 LocArea=1 DL=392.9875MHz

[#1228] SB   [TN=2 FN=12 MN=57] corr=0.991  SB1 CRC OK [TMO] MCC=262 MNC=1010 CC=1 FN(air)=12 MF(air)=57 TN(air)=1 → TN=2 FN=12 MN=57
  BKN2  MAC-BROADCAST  sub=SYSINFO
  BKN2    Carrier=3719 Band=3 Duplex=0 HF=468 LocArea=1 DL=392.9875MHz
  AACH  [CapAlloc] f1=0 f2=0 raw=0x3000 (dist=0)

[#1229] SB   [TN=3 FN=12 MN=57] corr=0.992  SB1 CRC OK [TMO] MCC=262 MNC=1010 CC=1 FN(air)=12 MF(air)=57 TN(air)=2 → TN=3 FN=12 MN=57
  BKN2  MAC-BROADCAST  sub=SYSINFO
  BKN2    Carrier=3719 Band=3 Duplex=0 HF=468 LocArea=1 DL=392.9875MHz
  AACH  [CapAlloc] f1=0 f2=0 raw=0x3000 (dist=0)

[#1230] SB   [TN=4 FN=12 MN=57] corr=0.992  SB1 CRC OK [TMO] MCC=262 MNC=1010 CC=1 FN(air)=12 MF(air)=57 TN(air)=3 → TN=4 FN=12 MN=57
  BKN2  MAC-BROADCAST  sub=SYSINFO
  BKN2    Carrier=3719 Band=3 Duplex=0 HF=468 LocArea=1 DL=392.9875MHz
  AACH  [CapAlloc] f1=0 f2=0 raw=0x3000 (dist=0)

[#1231] NDB2  [TN=1 FN=13 MN=57] corr=0.997  AACH  [DL/UL-Assign] DL=Common UL=Random CC=9 f1=9 f2=9 (dist=0)
  BKN1 SCH/HD  MAC-RESOURCE  addr=NULL LI=2 (2 octets)
  BKN2 SCH/HD  MAC-BROADCAST  sub=SYSINFO
  BKN2 SCH/HD    Carrier=3719 Band=3 Duplex=0 HF=468 LocArea=1 DL=392.9875MHz

[#1232] SB   [TN=2 FN=13 MN=57] corr=0.994  SB1 CRC OK [TMO] MCC=262 MNC=1010 CC=1 FN(air)=13 MF(air)=57 TN(air)=1 → TN=2 FN=13 MN=57
  BKN2  MAC-BROADCAST  sub=SYSINFO
  BKN2    Carrier=3719 Band=3 Duplex=0 HF=468 LocArea=1 DL=392.9875MHz
  AACH  [CapAlloc] f1=0 f2=0 raw=0x3000 (dist=0)

[#1233] SB   [TN=3 FN=13 MN=57] corr=0.995  SB1 CRC OK [TMO] MCC=262 MNC=1010 CC=1 FN(air)=13 MF(air)=57 TN(air)=2 → TN=3 FN=13 MN=57
  BKN2  MAC-BROADCAST  sub=SYSINFO
  BKN2    Carrier=3719 Band=3 Duplex=0 HF=468 LocArea=1 DL=392.9875MHz
  AACH  [CapAlloc] f1=0 f2=0 raw=0x3000 (dist=0)

[#1234] SB   [TN=4 FN=13 MN=57] corr=0.994  SB1 CRC OK [TMO] MCC=262 MNC=1010 CC=1 FN(air)=13 MF(air)=57 TN(air)=3 → TN=4 FN=13 MN=57
  BKN2  MAC-BROADCAST  sub=SYSINFO
  BKN2    Carrier=3719 Band=3 Duplex=0 HF=468 LocArea=1 DL=392.9875MHz
  AACH  [CapAlloc] f1=0 f2=0 raw=0x3000 (dist=0)

[#1235] NDB2  [TN=1 FN=14 MN=57] corr=0.993  AACH  [DL/UL-Assign] DL=Common UL=Random CC=9 f1=9 f2=9 (dist=0)
  BKN1 SCH/HD  MAC-RESOURCE  addr=NULL LI=2 (2 octets)
  BKN2 SCH/HD  MAC-BROADCAST  sub=SYSINFO
  BKN2 SCH/HD    Carrier=3719 Band=3 Duplex=0 HF=468 LocArea=1 DL=392.9875MHz

[#1236] SB   [TN=2 FN=14 MN=57] corr=0.994  SB1 CRC OK [TMO] MCC=262 MNC=1010 CC=1 FN(air)=14 MF(air)=57 TN(air)=1 → TN=2 FN=14 MN=57
  BKN2  MAC-BROADCAST  sub=SYSINFO
  BKN2    Carrier=3719 Band=3 Duplex=0 HF=468 LocArea=1 DL=392.9875MHz
  AACH  [CapAlloc] f1=0 f2=0 raw=0x3000 (dist=0)

[#1237] SB   [TN=3 FN=14 MN=57] corr=0.995  SB1 CRC OK [TMO] MCC=262 MNC=1010 CC=1 FN(air)=14 MF(air)=57 TN(air)=2 → TN=3 FN=14 MN=57
  BKN2  MAC-BROADCAST  sub=SYSINFO
  BKN2    Carrier=3719 Band=3 Duplex=0 HF=468 LocArea=1 DL=392.9875MHz
  AACH  [CapAlloc] f1=0 f2=0 raw=0x3000 (dist=0)

[#1238] SB   [TN=4 FN=14 MN=57] corr=0.995  SB1 CRC OK [TMO] MCC=262 MNC=1010 CC=1 FN(air)=14 MF(air)=57 TN(air)=3 → TN=4 FN=14 MN=57
  BKN2  MAC-BROADCAST  sub=SYSINFO
  BKN2    Carrier=3719 Band=3 Duplex=0 HF=468 LocArea=1 DL=392.9875MHz
  AACH  [CapAlloc] f1=0 f2=0 raw=0x3000 (dist=0)

[#1239] NDB2  [TN=1 FN=15 MN=57] corr=0.994  AACH  [DL/UL-Assign] DL=Common UL=Random CC=9 f1=9 f2=9 (dist=0)
  BKN1 SCH/HD  MAC-RESOURCE  addr=NULL LI=2 (2 octets)
  BKN2 SCH/HD  MAC-BROADCAST  sub=SYSINFO
  BKN2 SCH/HD    Carrier=3719 Band=3 Duplex=0 HF=468 LocArea=1 DL=392.9875MHz

[#1240] SB   [TN=2 FN=15 MN=57] corr=0.992  SB1 CRC OK [TMO] MCC=262 MNC=1010 CC=1 FN(air)=15 MF(air)=57 TN(air)=1 → TN=2 FN=15 MN=57
  BKN2  MAC-BROADCAST  sub=SYSINFO
  BKN2    Carrier=3719 Band=3 Duplex=0 HF=468 LocArea=1 DL=392.9875MHz
  AACH  [CapAlloc] f1=0 f2=0 raw=0x3000 (dist=0)

[#1241] SB   [TN=3 FN=15 MN=57] corr=0.991  SB1 CRC OK [TMO] MCC=262 MNC=1010 CC=1 FN(air)=15 MF(air)=57 TN(air)=2 → TN=3 FN=15 MN=57
  BKN2  MAC-BROADCAST  sub=SYSINFO
  BKN2    Carrier=3719 Band=3 Duplex=0 HF=468 LocArea=1 DL=392.9875MHz
  AACH  [CapAlloc] f1=0 f2=0 raw=0x3000 (dist=0)

[#1242] SB   [TN=4 FN=15 MN=57] corr=0.991  SB1 CRC OK [TMO] MCC=262 MNC=1010 CC=1 FN(air)=15 MF(air)=57 TN(air)=3 → TN=4 FN=15 MN=57
  BKN2  MAC-BROADCAST  sub=SYSINFO
  BKN2    Carrier=3719 Band=3 Duplex=0 HF=468 LocArea=1 DL=392.9875MHz
  AACH  [CapAlloc] f1=0 f2=0 raw=0x3000 (dist=0)

[#1243] NDB2  [TN=1 FN=16 MN=57] corr=0.996  AACH  [DL/UL-Assign] DL=Common UL=Random CC=9 f1=9 f2=9 (dist=0)
  BKN1 SCH/HD  MAC-RESOURCE  addr=NULL LI=2 (2 octets)
  BKN2 SCH/HD  MAC-BROADCAST  sub=SYSINFO
  BKN2 SCH/HD    Carrier=3719 Band=3 Duplex=0 HF=468 LocArea=1 DL=392.9875MHz

[#1244] SB   [TN=2 FN=16 MN=57] corr=0.992  SB1 CRC OK [TMO] MCC=262 MNC=1010 CC=1 FN(air)=16 MF(air)=57 TN(air)=1 → TN=2 FN=16 MN=57
  BKN2  MAC-BROADCAST  sub=SYSINFO
  BKN2    Carrier=3719 Band=3 Duplex=0 HF=468 LocArea=1 DL=392.9875MHz
  AACH  [CapAlloc] f1=0 f2=0 raw=0x3000 (dist=0)

[#1245] SB   [TN=3 FN=16 MN=57] corr=0.991  SB1 CRC OK [TMO] MCC=262 MNC=1010 CC=1 FN(air)=16 MF(air)=57 TN(air)=2 → TN=3 FN=16 MN=57
  BKN2  MAC-BROADCAST  sub=SYSINFO
  BKN2    Carrier=3719 Band=3 Duplex=0 HF=468 LocArea=1 DL=392.9875MHz
  AACH  [CapAlloc] f1=0 f2=0 raw=0x3000 (dist=0)

[#1246] SB   [TN=4 FN=16 MN=57] corr=0.992  SB1 CRC OK [TMO] MCC=262 MNC=1010 CC=1 FN(air)=16 MF(air)=57 TN(air)=3 → TN=4 FN=16 MN=57
  BKN2  MAC-BROADCAST  sub=SYSINFO
  BKN2    Carrier=3719 Band=3 Duplex=0 HF=468 LocArea=1 DL=392.9875MHz
  AACH  [CapAlloc] f1=0 f2=0 raw=0x3000 (dist=0)

[#1247] NDB2  [TN=1 FN=17 MN=57] corr=0.997  AACH  [DL/UL-Assign] DL=Common UL=Random CC=9 f1=9 f2=9 (dist=0)
  BKN1 SCH/HD  MAC-RESOURCE  addr=NULL LI=2 (2 octets)
  BKN2 SCH/HD  MAC-BROADCAST  sub=SYSINFO
  BKN2 SCH/HD    Carrier=3719 Band=3 Duplex=0 HF=468 LocArea=1 DL=392.9875MHz

[#1248] SB   [TN=2 FN=17 MN=57] corr=0.995  SB1 CRC OK [TMO] MCC=262 MNC=1010 CC=1 FN(air)=17 MF(air)=57 TN(air)=1 → TN=2 FN=17 MN=57
  BKN2  MAC-BROADCAST  sub=SYSINFO
  BKN2    Carrier=3719 Band=3 Duplex=0 HF=468 LocArea=1 DL=392.9875MHz
  AACH  [CapAlloc] f1=0 f2=0 raw=0x3000 (dist=0)

[#1249] SB   [TN=3 FN=17 MN=57] corr=0.995  SB1 CRC OK [TMO] MCC=262 MNC=1010 CC=1 FN(air)=17 MF(air)=57 TN(air)=2 → TN=3 FN=17 MN=57
  BKN2  MAC-BROADCAST  sub=SYSINFO
  BKN2    Carrier=3719 Band=3 Duplex=0 HF=468 LocArea=1 DL=392.9875MHz
  AACH  [CapAlloc] f1=0 f2=0 raw=0x3000 (dist=0)

[#1250] SB   [TN=4 FN=17 MN=57] corr=0.994  SB1 CRC OK [TMO] MCC=262 MNC=1010 CC=1 FN(air)=17 MF(air)=57 TN(air)=3 → TN=4 FN=17 MN=57
  BKN2  MAC-BROADCAST  sub=SYSINFO
  BKN2    Carrier=3719 Band=3 Duplex=0 HF=468 LocArea=1 DL=392.9875MHz
  AACH  [CapAlloc] f1=0 f2=0 raw=0x3000 (dist=0)

[#1251] NDB2  [TN=1 FN=18 MN=57] corr=0.994  AACH  [DL/UL-Assign] DL=Common UL=Random CC=9 f1=9 f2=9 (dist=0)
  BKN1 SCH/HD  MAC-RESOURCE  addr=NULL LI=2 (2 octets)
  BKN2 BNCH  {'Mode': 'DMO', 'Sync_PDU_type': 8, 'SystemCode': 8, 'ColourCode': 58, 'TimeSlot': 0, 'Frame': 14, 'AirInterfaceEnc': 1, 'MNI': 14709379, 'SourceAddress': 468}

[#1252] SB   [TN=2 FN=18 MN=57 BSCH] corr=0.994  SB1 CRC OK [TMO] MCC=262 MNC=1010 CC=1 FN(air)=18 MF(air)=57 TN(air)=1 → TN=2 FN=18 MN=57 BSCH
  BKN2  MAC-BROADCAST  sub=SYSINFO
  BKN2    Carrier=3719 Band=3 Duplex=0 HF=468 LocArea=1 DL=392.9875MHz
  AACH  [DL/UL-Assign] DL=Unalloc UL=Random CC=0 f1=1 f2=0 (dist=0)

[#1253] SB   [TN=3 FN=18 MN=57] corr=0.993  SB1 CRC OK [TMO] MCC=262 MNC=1010 CC=1 FN(air)=18 MF(air)=57 TN(air)=2 → TN=3 FN=18 MN=57
  BKN2  MAC-BROADCAST  sub=SYSINFO
  BKN2    Carrier=3719 Band=3 Duplex=0 HF=468 LocArea=1 DL=392.9875MHz
  AACH  [DL/UL-Assign] DL=Unalloc UL=Random CC=0 f1=1 f2=0 (dist=0)

[#1254] SB   [TN=4 FN=18 MN=57 BNCH] corr=0.992  SB1 CRC OK [TMO] MCC=262 MNC=1010 CC=1 FN(air)=18 MF(air)=57 TN(air)=3 → TN=4 FN=18 MN=57 BNCH
  BKN2  MAC-BROADCAST  sub=SYSINFO
  BKN2    Carrier=3719 Band=3 Duplex=0 HF=468 LocArea=1 DL=392.9875MHz
  AACH  [DL/UL-Assign] DL=Unalloc UL=Random CC=0 f1=1 f2=0 (dist=0)

[#1255] NDB2  [TN=1 FN=01 MN=58] corr=0.996  AACH  [DL/UL-Assign] DL=Common UL=Random CC=9 f1=9 f2=9 (dist=0)
  BKN1 SCH/HD  MAC-RESOURCE  addr=NULL LI=2 (2 octets)
  BKN2 SCH/HD  MAC-BROADCAST  sub=SYSINFO
  BKN2 SCH/HD    Carrier=3719 Band=3 Duplex=0 HF=468 LocArea=1 DL=392.9875MHz

[#1256] SB   [TN=2 FN=01 MN=58] corr=0.995  SB1 CRC OK [TMO] MCC=262 MNC=1010 CC=1 FN(air)=1 MF(air)=58 TN(air)=1 → TN=2 FN=01 MN=58
  BKN2  MAC-BROADCAST  sub=SYSINFO
  BKN2    Carrier=3719 Band=3 Duplex=0 HF=468 LocArea=1 DL=392.9875MHz
  AACH  [CapAlloc] f1=0 f2=0 raw=0x3000 (dist=0)

[#1257] SB   [TN=3 FN=01 MN=58] corr=0.994  SB1 CRC OK [TMO] MCC=262 MNC=1010 CC=1 FN(air)=1 MF(air)=58 TN(air)=2 → TN=3 FN=01 MN=58
  BKN2  MAC-BROADCAST  sub=SYSINFO
  BKN2    Carrier=3719 Band=3 Duplex=0 HF=468 LocArea=1 DL=392.9875MHz
  AACH  [CapAlloc] f1=0 f2=0 raw=0x3000 (dist=0)

[#1258] SB   [TN=4 FN=01 MN=58] corr=0.994  SB1 CRC OK [TMO] MCC=262 MNC=1010 CC=1 FN(air)=1 MF(air)=58 TN(air)=3 → TN=4 FN=01 MN=58
  BKN2  MAC-BROADCAST  sub=SYSINFO
  BKN2    Carrier=3719 Band=3 Duplex=0 HF=468 LocArea=1 DL=392.9875MHz
  AACH  [CapAlloc] f1=0 f2=0 raw=0x3000 (dist=0)

[#1259] NDB2  [TN=1 FN=02 MN=58] corr=0.996  AACH  [DL/UL-Assign] DL=Common UL=Random CC=9 f1=9 f2=9 (dist=0)
  BKN1 SCH/HD  MAC-RESOURCE  addr=NULL LI=2 (2 octets)
  BKN2 SCH/HD  MAC-BROADCAST  sub=SYSINFO
  BKN2 SCH/HD    Carrier=3719 Band=3 Duplex=0 HF=468 LocArea=1 DL=392.9875MHz

[#1260] SB   [TN=2 FN=02 MN=58] corr=0.992  SB1 CRC OK [TMO] MCC=262 MNC=1010 CC=1 FN(air)=2 MF(air)=58 TN(air)=1 → TN=2 FN=02 MN=58
  BKN2  MAC-BROADCAST  sub=SYSINFO
  BKN2    Carrier=3719 Band=3 Duplex=0 HF=468 LocArea=1 DL=392.9875MHz
  AACH  [CapAlloc] f1=0 f2=0 raw=0x3000 (dist=0)

[#1261] SB   [TN=3 FN=02 MN=58] corr=0.994  SB1 CRC OK [TMO] MCC=262 MNC=1010 CC=1 FN(air)=2 MF(air)=58 TN(air)=2 → TN=3 FN=02 MN=58
  BKN2  MAC-BROADCAST  sub=SYSINFO
  BKN2    Carrier=3719 Band=3 Duplex=0 HF=468 LocArea=1 DL=392.9875MHz
  AACH  [CapAlloc] f1=0 f2=0 raw=0x3000 (dist=0)

[#1262] SB   [TN=4 FN=02 MN=58] corr=0.994  SB1 CRC OK [TMO] MCC=262 MNC=1010 CC=1 FN(air)=2 MF(air)=58 TN(air)=3 → TN=4 FN=02 MN=58
  BKN2  MAC-BROADCAST  sub=SYSINFO
  BKN2    Carrier=3719 Band=3 Duplex=0 HF=468 LocArea=1 DL=392.9875MHz
  AACH  [CapAlloc] f1=0 f2=0 raw=0x3000 (dist=0)

[#1263] NDB2  [TN=1 FN=03 MN=58] corr=0.994  AACH  [DL/UL-Assign] DL=Common UL=Random CC=9 f1=9 f2=9 (dist=0)
  BKN1 SCH/HD  MAC-RESOURCE  addr=NULL LI=2 (2 octets)
  BKN2 SCH/HD  MAC-BROADCAST  sub=SYSINFO
  BKN2 SCH/HD    Carrier=3719 Band=3 Duplex=0 HF=468 LocArea=1 DL=392.9875MHz

[#1264] SB   [TN=2 FN=03 MN=58] corr=0.992  SB1 CRC OK [TMO] MCC=262 MNC=1010 CC=1 FN(air)=3 MF(air)=58 TN(air)=1 → TN=2 FN=03 MN=58
  BKN2  MAC-BROADCAST  sub=SYSINFO
  BKN2    Carrier=3719 Band=3 Duplex=0 HF=468 LocArea=1 DL=392.9875MHz
  AACH  [CapAlloc] f1=0 f2=0 raw=0x3000 (dist=0)

[#1265] SB   [TN=3 FN=03 MN=58] corr=0.992  SB1 CRC OK [TMO] MCC=262 MNC=1010 CC=1 FN(air)=3 MF(air)=58 TN(air)=2 → TN=3 FN=03 MN=58
  BKN2  MAC-BROADCAST  sub=SYSINFO
  BKN2    Carrier=3719 Band=3 Duplex=0 HF=468 LocArea=1 DL=392.9875MHz
  AACH  [CapAlloc] f1=0 f2=0 raw=0x3000 (dist=0)

[#1266] SB   [TN=4 FN=03 MN=58] corr=0.992  SB1 CRC OK [TMO] MCC=262 MNC=1010 CC=1 FN(air)=3 MF(air)=58 TN(air)=3 → TN=4 FN=03 MN=58
  BKN2  MAC-BROADCAST  sub=SYSINFO
  BKN2    Carrier=3719 Band=3 Duplex=0 HF=468 LocArea=1 DL=392.9875MHz
  AACH  [CapAlloc] f1=0 f2=0 raw=0x3000 (dist=0)

[#1267] NDB2  [TN=1 FN=04 MN=58] corr=0.994  AACH  [DL/UL-Assign] DL=Common UL=Random CC=9 f1=9 f2=9 (dist=0)
  BKN1 SCH/HD  MAC-RESOURCE  addr=NULL LI=2 (2 octets)
  BKN2 SCH/HD  MAC-BROADCAST  sub=SYSINFO
  BKN2 SCH/HD    Carrier=3719 Band=3 Duplex=0 HF=468 LocArea=1 DL=392.9875MHz

[#1268] SB   [TN=2 FN=04 MN=58] corr=0.994  SB1 CRC OK [TMO] MCC=262 MNC=1010 CC=1 FN(air)=4 MF(air)=58 TN(air)=1 → TN=2 FN=04 MN=58
  BKN2  MAC-BROADCAST  sub=SYSINFO
  BKN2    Carrier=3719 Band=3 Duplex=0 HF=468 LocArea=1 DL=392.9875MHz
  AACH  [CapAlloc] f1=0 f2=0 raw=0x3000 (dist=0)

[#1269] SB   [TN=3 FN=04 MN=58] corr=0.993  SB1 CRC OK [TMO] MCC=262 MNC=1010 CC=1 FN(air)=4 MF(air)=58 TN(air)=2 → TN=3 FN=04 MN=58
  BKN2  MAC-BROADCAST  sub=SYSINFO
  BKN2    Carrier=3719 Band=3 Duplex=0 HF=468 LocArea=1 DL=392.9875MHz
  AACH  [CapAlloc] f1=0 f2=0 raw=0x3000 (dist=0)

[#1270] SB   [TN=4 FN=04 MN=58] corr=0.992  SB1 CRC OK [TMO] MCC=262 MNC=1010 CC=1 FN(air)=4 MF(air)=58 TN(air)=3 → TN=4 FN=04 MN=58
  BKN2  MAC-BROADCAST  sub=SYSINFO
  BKN2    Carrier=3719 Band=3 Duplex=0 HF=468 LocArea=1 DL=392.9875MHz
  AACH  [CapAlloc] f1=0 f2=0 raw=0x3000 (dist=0)

[#1271] NDB2  [TN=1 FN=05 MN=58] corr=0.997  AACH  [DL/UL-Assign] DL=Common UL=Random CC=9 f1=9 f2=9 (dist=0)
  BKN1 SCH/HD  MAC-RESOURCE  addr=NULL LI=2 (2 octets)
  BKN2 SCH/HD  MAC-BROADCAST  sub=SYSINFO
  BKN2 SCH/HD    Carrier=3719 Band=3 Duplex=0 HF=468 LocArea=1 DL=392.9875MHz

[#1272] SB   [TN=2 FN=05 MN=58] corr=0.995  SB1 CRC OK [TMO] MCC=262 MNC=1010 CC=1 FN(air)=5 MF(air)=58 TN(air)=1 → TN=2 FN=05 MN=58
  BKN2  MAC-BROADCAST  sub=SYSINFO
  BKN2    Carrier=3719 Band=3 Duplex=0 HF=468 LocArea=1 DL=392.9875MHz
  AACH  [CapAlloc] f1=0 f2=0 raw=0x3000 (dist=0)

[#1273] SB   [TN=3 FN=05 MN=58] corr=0.995  SB1 CRC OK [TMO] MCC=262 MNC=1010 CC=1 FN(air)=5 MF(air)=58 TN(air)=2 → TN=3 FN=05 MN=58
  BKN2  MAC-BROADCAST  sub=SYSINFO
  BKN2    Carrier=3719 Band=3 Duplex=0 HF=468 LocArea=1 DL=392.9875MHz
  AACH  [CapAlloc] f1=0 f2=0 raw=0x3000 (dist=0)

[#1274] SB   [TN=4 FN=05 MN=58] corr=0.994  SB1 CRC OK [TMO] MCC=262 MNC=1010 CC=1 FN(air)=5 MF(air)=58 TN(air)=3 → TN=4 FN=05 MN=58
  BKN2  MAC-BROADCAST  sub=SYSINFO
  BKN2    Carrier=3719 Band=3 Duplex=0 HF=468 LocArea=1 DL=392.9875MHz
  AACH  [CapAlloc] f1=0 f2=0 raw=0x3000 (dist=0)

[#1275] NDB2  [TN=1 FN=06 MN=58] corr=0.996  AACH  [DL/UL-Assign] DL=Common UL=Random CC=9 f1=9 f2=9 (dist=0)
  BKN1 SCH/HD  MAC-RESOURCE  addr=NULL LI=2 (2 octets)
  BKN2 SCH/HD  MAC-BROADCAST  sub=SYSINFO
  BKN2 SCH/HD    Carrier=3719 Band=3 Duplex=0 HF=468 LocArea=1 DL=392.9875MHz

[#1276] SB   [TN=2 FN=06 MN=58] corr=0.992  SB1 CRC OK [TMO] MCC=262 MNC=1010 CC=1 FN(air)=6 MF(air)=58 TN(air)=1 → TN=2 FN=06 MN=58
  BKN2  MAC-BROADCAST  sub=SYSINFO
  BKN2    Carrier=3719 Band=3 Duplex=0 HF=468 LocArea=1 DL=392.9875MHz
  AACH  [CapAlloc] f1=0 f2=0 raw=0x3000 (dist=0)

[#1277] SB   [TN=3 FN=06 MN=58] corr=0.993  SB1 CRC OK [TMO] MCC=262 MNC=1010 CC=1 FN(air)=6 MF(air)=58 TN(air)=2 → TN=3 FN=06 MN=58
  BKN2  MAC-BROADCAST  sub=SYSINFO
  BKN2    Carrier=3719 Band=3 Duplex=0 HF=468 LocArea=1 DL=392.9875MHz
  AACH  [CapAlloc] f1=0 f2=0 raw=0x3000 (dist=0)

============================================================
 SUMMARY: 1278 decoded, 0 failed, 0 empty
   SB:  963 OK / 963 (100%)
   NDB: 315 OK / 315 (100%)
   Empty slots: 0
   MER (DLL-style burst error): 0.00%
   Final NetworkTime: TN=4 FN=06 MN=58
 Cell: MCC=262 MNC=1010 CC=1 scrambCode=0x4183F207
============================================================
